ISO-10303-21;
HEADER;
/* Generated by software containing ST-Developer
 * from STEP Tools, Inc. (www.steptools.com) 
 */

FILE_DESCRIPTION(
/* description */ (''),
/* implementation_level */ '2;1');

FILE_NAME(
/* name */ 'TONE.step',
/* time_stamp */ '2026-04-21T03:33:29-04:00',
/* author */ (''),
/* organization */ (''),
/* preprocessor_version */ 'ST-DEVELOPER v20.1',
/* originating_system */ 'Autodesk Translation Framework v14.24.0.0',
/* authorisation */ '');

FILE_SCHEMA (('AUTOMOTIVE_DESIGN { 1 0 10303 214 3 1 1 }'));
ENDSEC;

DATA;
#10=MECHANICAL_DESIGN_GEOMETRIC_PRESENTATION_REPRESENTATION('',(#17,#18),
#12798);
#11=SHAPE_REPRESENTATION_RELATIONSHIP('SRR','None',#12811,#12);
#12=ADVANCED_BREP_SHAPE_REPRESENTATION('',(#19,#20),#12796);
#13=ITEM_DEFINED_TRANSFORMATION($,$,#7164,#7823);
#14=(
REPRESENTATION_RELATIONSHIP($,$,#12812,#12811)
REPRESENTATION_RELATIONSHIP_WITH_TRANSFORMATION(#13)
SHAPE_REPRESENTATION_RELATIONSHIP()
);
#15=CONTEXT_DEPENDENT_SHAPE_REPRESENTATION(#14,#12810);
#16=NEXT_ASSEMBLY_USAGE_OCCURRENCE('screen holder v2 (1):1',
'screen holder v2 (1):1','screen holder v2 (1):1',#12814,#12815,
'screen holder v2 (1):1');
#17=STYLED_ITEM('',(#12825),#19);
#18=STYLED_ITEM('',(#12825),#20);
#19=MANIFOLD_SOLID_BREP('Body53',#7149);
#20=MANIFOLD_SOLID_BREP('Body63',#7150);
#21=(
BOUNDED_CURVE()
B_SPLINE_CURVE(2,(#10595,#10596,#10597),.UNSPECIFIED.,.F.,.F.)
B_SPLINE_CURVE_WITH_KNOTS((3,3),(1.25758596319049,3.54685690766677),
 .UNSPECIFIED.)
CURVE()
GEOMETRIC_REPRESENTATION_ITEM()
RATIONAL_B_SPLINE_CURVE((0.99996699508438,0.999949155193949,0.999975734784092))
REPRESENTATION_ITEM('')
);
#22=(
BOUNDED_CURVE()
B_SPLINE_CURVE(2,(#10600,#10601,#10602),.UNSPECIFIED.,.F.,.F.)
B_SPLINE_CURVE_WITH_KNOTS((3,3),(0.,2.28600017884726),.UNSPECIFIED.)
CURVE()
GEOMETRIC_REPRESENTATION_ITEM()
RATIONAL_B_SPLINE_CURVE((1.,0.999989768585938,0.999999999988586))
REPRESENTATION_ITEM('')
);
#23=(
BOUNDED_CURVE()
B_SPLINE_CURVE(2,(#11348,#11349,#11350),.UNSPECIFIED.,.F.,.F.)
B_SPLINE_CURVE_WITH_KNOTS((3,3),(0.130224346294853,0.471169578311226),
 .UNSPECIFIED.)
CURVE()
GEOMETRIC_REPRESENTATION_ITEM()
RATIONAL_B_SPLINE_CURVE((0.999964029130423,0.999928682400503,0.999954817965344))
REPRESENTATION_ITEM('')
);
#24=(
BOUNDED_CURVE()
B_SPLINE_CURVE(2,(#11352,#11353,#11354),.UNSPECIFIED.,.F.,.F.)
B_SPLINE_CURVE_WITH_KNOTS((3,3),(0.0372319972236671,0.13736715914897),
 .UNSPECIFIED.)
CURVE()
GEOMETRIC_REPRESENTATION_ITEM()
RATIONAL_B_SPLINE_CURVE((0.99999736723211,0.999994712735533,0.999996823522062))
REPRESENTATION_ITEM('')
);
#25=(
BOUNDED_CURVE()
B_SPLINE_CURVE(2,(#11372,#11373,#11374),.UNSPECIFIED.,.F.,.F.)
B_SPLINE_CURVE_WITH_KNOTS((3,3),(0.0192769459240922,0.129704599728827),
 .UNSPECIFIED.)
CURVE()
GEOMETRIC_REPRESENTATION_ITEM()
RATIONAL_B_SPLINE_CURVE((0.999998822395031,0.999995567247305,0.999993661698026))
REPRESENTATION_ITEM('')
);
#26=(
BOUNDED_CURVE()
B_SPLINE_CURVE(2,(#11376,#11377,#11378),.UNSPECIFIED.,.F.,.F.)
B_SPLINE_CURVE_WITH_KNOTS((3,3),(0.395702221876412,0.532414379885955),
 .UNSPECIFIED.)
CURVE()
GEOMETRIC_REPRESENTATION_ITEM()
RATIONAL_B_SPLINE_CURVE((0.999991858923151,0.999993309351216,0.999996733763681))
REPRESENTATION_ITEM('')
);
#27=(
BOUNDED_CURVE()
B_SPLINE_CURVE(2,(#11380,#11381,#11382),.UNSPECIFIED.,.F.,.F.)
B_SPLINE_CURVE_WITH_KNOTS((3,3),(0.125060883965109,0.58944047353973),
 .UNSPECIFIED.)
CURVE()
GEOMETRIC_REPRESENTATION_ITEM()
RATIONAL_B_SPLINE_CURVE((0.999992404127554,0.999981331557081,0.999992761394494))
REPRESENTATION_ITEM('')
);
#28=(
BOUNDED_CURVE()
B_SPLINE_CURVE(2,(#11410,#11411,#11412),.UNSPECIFIED.,.F.,.F.)
B_SPLINE_CURVE_WITH_KNOTS((3,3),(0.408676685930132,0.53161644087438),
 .UNSPECIFIED.)
CURVE()
GEOMETRIC_REPRESENTATION_ITEM()
RATIONAL_B_SPLINE_CURVE((0.999998891542622,0.999999099595045,0.999999533131727))
REPRESENTATION_ITEM('')
);
#29=SPHERICAL_SURFACE('',#7342,0.25);
#30=SPHERICAL_SURFACE('',#7355,0.25);
#31=SPHERICAL_SURFACE('',#7361,0.175);
#32=SPHERICAL_SURFACE('',#7374,0.175);
#33=SPHERICAL_SURFACE('',#7708,0.175);
#34=SPHERICAL_SURFACE('',#7712,0.175);
#35=SPHERICAL_SURFACE('',#7738,0.25);
#36=SPHERICAL_SURFACE('',#7742,0.25);
#37=(
BOUNDED_SURFACE()
B_SPLINE_SURFACE(2,2,((#10372,#10373,#10374),(#10375,#10376,#10377),(#10378,
#10379,#10380)),.UNSPECIFIED.,.F.,.F.,.F.)
B_SPLINE_SURFACE_WITH_KNOTS((3,3),(3,3),(-3.14159265358979,-1.57079632679489),
(2.07370702926918,3.14159265359031),.UNSPECIFIED.)
GEOMETRIC_REPRESENTATION_ITEM()
RATIONAL_B_SPLINE_SURFACE(((1.,0.860807146183376,1.),(0.707106781186496,
0.608682570360061,0.707106781186496),(1.,0.860807146183376,1.)))
REPRESENTATION_ITEM('')
SURFACE()
);
#38=(
BOUNDED_SURFACE()
B_SPLINE_SURFACE(2,2,((#10519,#10520,#10521),(#10522,#10523,#10524),(#10525,
#10526,#10527)),.UNSPECIFIED.,.F.,.F.,.F.)
B_SPLINE_SURFACE_WITH_KNOTS((3,3),(3,3),(-1.5707963267949,0.),(1.57079632679489,
3.14159265358979),.UNSPECIFIED.)
GEOMETRIC_REPRESENTATION_ITEM()
RATIONAL_B_SPLINE_SURFACE(((1.,0.707106781186543,1.),(0.707106781186539,
0.499999999999991,0.707106781186539),(1.,0.707106781186543,1.)))
REPRESENTATION_ITEM('')
SURFACE()
);
#39=(
BOUNDED_SURFACE()
B_SPLINE_SURFACE(2,2,((#10544,#10545,#10546),(#10547,#10548,#10549),(#10550,
#10551,#10552)),.UNSPECIFIED.,.F.,.F.,.F.)
B_SPLINE_SURFACE_WITH_KNOTS((3,3),(3,3),(-1.5707963267949,0.),(6.49789377233102E-15,
1.57079632679491),.UNSPECIFIED.)
GEOMETRIC_REPRESENTATION_ITEM()
RATIONAL_B_SPLINE_SURFACE(((1.,0.707106781186546,1.),(0.707106781186561,
0.500000000000008,0.707106781186561),(1.,0.707106781186546,1.)))
REPRESENTATION_ITEM('')
SURFACE()
);
#40=B_SPLINE_CURVE_WITH_KNOTS('',3,(#10284,#10285,#10286,#10287,#10288,
#10289),.UNSPECIFIED.,.F.,.F.,(4,1,1,4),(-0.501770753321289,-0.215044608566267,
-0.143363072377512,-8.39708127107153E-16),.UNSPECIFIED.);
#41=B_SPLINE_CURVE_WITH_KNOTS('',3,(#10290,#10291,#10292,#10293,#10294,
#10295),.UNSPECIFIED.,.F.,.F.,(4,1,1,4),(8.39708127107153E-16,0.143363072377512,
0.215044608566267,0.501770753321289),.UNSPECIFIED.);
#42=B_SPLINE_CURVE_WITH_KNOTS('',3,(#10314,#10315,#10316,#10317,#10318,
#10319,#10320,#10321,#10322,#10323,#10324,#10325,#10326),.UNSPECIFIED.,
 .F.,.F.,(4,3,3,3,4),(0.,0.0244716487268812,0.0297671245357402,0.0462825452172034,
0.0627979612650119),.UNSPECIFIED.);
#43=B_SPLINE_CURVE_WITH_KNOTS('',3,(#10327,#10328,#10329,#10330),
 .UNSPECIFIED.,.F.,.F.,(4,4),(-0.254129675068643,-9.27162160201307E-16),
 .UNSPECIFIED.);
#44=B_SPLINE_CURVE_WITH_KNOTS('',3,(#10331,#10332,#10333,#10334),
 .UNSPECIFIED.,.F.,.F.,(4,4),(9.27162160201307E-16,0.254039828807205),
 .UNSPECIFIED.);
#45=B_SPLINE_CURVE_WITH_KNOTS('',3,(#10344,#10345,#10346,#10347,#10348,
#10349),.UNSPECIFIED.,.F.,.F.,(4,2,4),(0.91225301368009,1.00847484522304,
1.10054260236623),.UNSPECIFIED.);
#46=B_SPLINE_CURVE_WITH_KNOTS('',3,(#10695,#10696,#10697,#10698),
 .UNSPECIFIED.,.F.,.F.,(4,4),(5.2427990745481,5.32695710762915),
 .UNSPECIFIED.);
#47=B_SPLINE_CURVE_WITH_KNOTS('',3,(#10956,#10957,#10958,#10959,#10960,
#10961,#10962,#10963,#10964,#10965),.UNSPECIFIED.,.F.,.F.,(4,3,3,4),(-0.315362710201117,
-0.300959501464038,-0.292581125594075,-0.29129770421284),.UNSPECIFIED.);
#48=B_SPLINE_CURVE_WITH_KNOTS('',3,(#10969,#10970,#10971,#10972,#10973,
#10974,#10975,#10976,#10977,#10978),.UNSPECIFIED.,.F.,.F.,(4,3,3,4),(-0.0114210990255817,
-0.0110849162416881,-0.00675434753377608,0.),.UNSPECIFIED.);
#49=B_SPLINE_CURVE_WITH_KNOTS('',3,(#11035,#11036,#11037,#11038,#11039,
#11040,#11041,#11042,#11043,#11044),.UNSPECIFIED.,.F.,.F.,(4,2,2,2,4),(0.187901462744642,
0.24199637799061,0.321015645487457,0.375802925489284,0.377342090941043),
 .UNSPECIFIED.);
#50=B_SPLINE_CURVE_WITH_KNOTS('',3,(#11071,#11072,#11073,#11074,#11075,
#11076,#11077,#11078,#11079,#11080),.UNSPECIFIED.,.F.,.F.,(4,2,2,2,4),(-0.00152060036111591,
0.,0.0478430036896531,0.130962216978116,0.187880612014679),
 .UNSPECIFIED.);
#51=B_SPLINE_CURVE_WITH_KNOTS('',3,(#11114,#11115,#11116,#11117),
 .UNSPECIFIED.,.F.,.F.,(4,4),(-0.143666254853362,3.38875393093463E-15),
 .UNSPECIFIED.);
#52=B_SPLINE_CURVE_WITH_KNOTS('',3,(#11118,#11119,#11120,#11121),
 .UNSPECIFIED.,.F.,.F.,(4,4),(-3.38875393093463E-15,0.143666254853362),
 .UNSPECIFIED.);
#53=B_SPLINE_CURVE_WITH_KNOTS('',3,(#11149,#11150,#11151,#11152),
 .UNSPECIFIED.,.F.,.F.,(4,4),(-0.143666254853197,4.26295426055497E-15),
 .UNSPECIFIED.);
#54=B_SPLINE_CURVE_WITH_KNOTS('',3,(#11153,#11154,#11155,#11156),
 .UNSPECIFIED.,.F.,.F.,(4,4),(-4.26295426055497E-15,0.143666254853197),
 .UNSPECIFIED.);
#55=B_SPLINE_CURVE_WITH_KNOTS('',3,(#11550,#11551,#11552,#11553,#11554),
 .UNSPECIFIED.,.F.,.F.,(4,1,4),(0.,0.219367743732495,0.438735487100143),
 .UNSPECIFIED.);
#56=B_SPLINE_CURVE_WITH_KNOTS('',3,(#11560,#11561,#11562,#11563,#11564),
 .UNSPECIFIED.,.F.,.F.,(4,1,4),(0.,0.209864868252559,0.419731118577123),
 .UNSPECIFIED.);
#57=B_SPLINE_CURVE_WITH_KNOTS('',3,(#11570,#11571,#11572,#11573,#11574),
 .UNSPECIFIED.,.F.,.F.,(4,1,4),(0.,0.0579010226540645,0.122563754056187),
 .UNSPECIFIED.);
#58=B_SPLINE_CURVE_WITH_KNOTS('',3,(#11576,#11577,#11578,#11579,#11580,
#11581,#11582),.UNSPECIFIED.,.F.,.F.,(4,1,1,1,4),(0.,0.2051740012439,0.410348002487801,
0.592392481732461,0.774436960977121),.UNSPECIFIED.);
#59=B_SPLINE_CURVE_WITH_KNOTS('',3,(#11584,#11585,#11586,#11587,#11588),
 .UNSPECIFIED.,.F.,.F.,(4,1,4),(0.,0.0835198714061482,0.183968572804098),
 .UNSPECIFIED.);
#60=B_SPLINE_CURVE_WITH_KNOTS('',3,(#11604,#11605,#11606,#11607,#11608),
 .UNSPECIFIED.,.F.,.F.,(4,1,4),(0.,0.106734925546052,0.20683568404279),
 .UNSPECIFIED.);
#61=B_SPLINE_CURVE_WITH_KNOTS('',3,(#11616,#11617,#11618,#11619,#11620),
 .UNSPECIFIED.,.F.,.F.,(4,1,4),(0.,0.106495522553592,0.186370469204991),
 .UNSPECIFIED.);
#62=B_SPLINE_CURVE_WITH_KNOTS('',3,(#11622,#11623,#11624,#11625,#11626,
#11627),.UNSPECIFIED.,.F.,.F.,(4,1,1,4),(0.,0.144500985439698,0.289001970879396,
0.578003941758793),.UNSPECIFIED.);
#63=B_SPLINE_CURVE_WITH_KNOTS('',3,(#11629,#11630,#11631,#11632,#11633),
 .UNSPECIFIED.,.F.,.F.,(4,1,4),(0.,0.0747450221998676,0.148671421680368),
 .UNSPECIFIED.);
#64=B_SPLINE_CURVE_WITH_KNOTS('',3,(#11637,#11638,#11639,#11640,#11641,
#11642,#11643,#11644,#11645,#11646,#11647,#11648),.UNSPECIFIED.,.F.,.F.,
(4,1,1,1,1,1,1,1,1,4),(0.,0.0494270327123568,0.260308661475769,0.528441526215643,
0.768204133476636,0.844627329509042,0.960392708525353,1.22107698829489,
1.42912309897707,1.62397513338285),.UNSPECIFIED.);
#65=B_SPLINE_CURVE_WITH_KNOTS('',3,(#11656,#11657,#11658,#11659,#11660),
 .UNSPECIFIED.,.F.,.F.,(4,1,4),(0.,0.209867261039577,0.41973323283845),
 .UNSPECIFIED.);
#66=B_SPLINE_CURVE_WITH_KNOTS('',3,(#11663,#11664,#11665,#11666,#11667,
#11668,#11669),.UNSPECIFIED.,.F.,.F.,(4,1,1,1,4),(0.,0.139218812218395,
0.278437624436789,0.417656436655184,0.556875248873579),.UNSPECIFIED.);
#67=B_SPLINE_CURVE_WITH_KNOTS('',3,(#11670,#11671,#11672,#11673,#11674,
#11675,#11676,#11677,#11678,#11679,#11680,#11681,#11682,#11683,#11684),
 .UNSPECIFIED.,.F.,.F.,(4,1,1,1,1,1,1,1,1,1,1,1,4),(0.,0.120641693914824,
0.155254639126171,0.198871382604305,0.232258700189729,0.238436775996687,
0.249559633685385,0.260697071104047,0.266963350569633,0.334152218561781,
0.423040818285959,0.459009596427474,0.592654899504587),.UNSPECIFIED.);
#68=B_SPLINE_CURVE_WITH_KNOTS('',3,(#11687,#11688,#11689,#11690,#11691,
#11692,#11693,#11694,#11695,#11696,#11697,#11698),.UNSPECIFIED.,.F.,.F.,
(4,1,1,1,1,1,1,1,1,4),(0.,0.122268006268807,0.15897755548802,0.206694953084459,
0.231490538501232,0.270946039903255,0.295215042780719,0.33826505578962,
0.373005508670182,0.515666654937063),.UNSPECIFIED.);
#69=B_SPLINE_CURVE_WITH_KNOTS('',3,(#11699,#11700,#11701,#11702,#11703),
 .UNSPECIFIED.,.F.,.F.,(4,1,4),(0.,0.212733159774913,0.425466319549827),
 .UNSPECIFIED.);
#70=B_SPLINE_CURVE_WITH_KNOTS('',3,(#11721,#11722,#11723,#11724,#11725),
 .UNSPECIFIED.,.F.,.F.,(4,1,4),(-0.438735487100143,-0.219367743732495,0.),
 .UNSPECIFIED.);
#71=B_SPLINE_CURVE_WITH_KNOTS('',3,(#11746,#11747,#11748,#11749,#11750),
 .UNSPECIFIED.,.F.,.F.,(4,1,4),(-0.419731118577123,-0.209864868252559,0.),
 .UNSPECIFIED.);
#72=B_SPLINE_CURVE_WITH_KNOTS('',3,(#11771,#11772,#11773,#11774,#11775),
 .UNSPECIFIED.,.F.,.F.,(4,1,4),(-0.122563754056187,-0.0579010226540645,
0.),.UNSPECIFIED.);
#73=B_SPLINE_CURVE_WITH_KNOTS('',3,(#11792,#11793,#11794,#11795,#11796,
#11797,#11798),.UNSPECIFIED.,.F.,.F.,(4,1,1,1,4),(-0.774436960977121,-0.592392481732461,
-0.410348002487801,-0.2051740012439,0.),.UNSPECIFIED.);
#74=B_SPLINE_CURVE_WITH_KNOTS('',3,(#11811,#11812,#11813,#11814,#11815),
 .UNSPECIFIED.,.F.,.F.,(4,1,4),(-0.183968572804098,-0.0835198714061482,
0.),.UNSPECIFIED.);
#75=B_SPLINE_CURVE_WITH_KNOTS('',3,(#11856,#11857,#11858,#11859,#11860),
 .UNSPECIFIED.,.F.,.F.,(4,1,4),(-0.20683568404279,-0.106734925546052,0.),
 .UNSPECIFIED.);
#76=B_SPLINE_CURVE_WITH_KNOTS('',3,(#11885,#11886,#11887,#11888,#11889),
 .UNSPECIFIED.,.F.,.F.,(4,1,4),(-0.186370469204991,-0.106495522553592,0.),
 .UNSPECIFIED.);
#77=B_SPLINE_CURVE_WITH_KNOTS('',3,(#11904,#11905,#11906,#11907,#11908,
#11909),.UNSPECIFIED.,.F.,.F.,(4,1,1,4),(-0.578003941758793,-0.289001970879396,
-0.144500985439698,0.),.UNSPECIFIED.);
#78=B_SPLINE_CURVE_WITH_KNOTS('',3,(#11922,#11923,#11924,#11925,#11926),
 .UNSPECIFIED.,.F.,.F.,(4,1,4),(-0.148671421680368,-0.0747450221998676,
0.),.UNSPECIFIED.);
#79=B_SPLINE_CURVE_WITH_KNOTS('',3,(#11957,#11958,#11959,#11960,#11961,
#11962,#11963,#11964,#11965,#11966,#11967,#11968),.UNSPECIFIED.,.F.,.F.,
(4,1,1,1,1,1,1,1,1,4),(-1.62397513338285,-1.42912309897707,-1.22107698829489,
-0.960392708525353,-0.844627329509042,-0.768204133476636,-0.528441526215643,
-0.260308661475769,-0.0494270327123568,0.),.UNSPECIFIED.);
#80=B_SPLINE_CURVE_WITH_KNOTS('',3,(#11995,#11996,#11997,#11998,#11999),
 .UNSPECIFIED.,.F.,.F.,(4,1,4),(-0.41973323283845,-0.209867261039577,0.),
 .UNSPECIFIED.);
#81=B_SPLINE_CURVE_WITH_KNOTS('',3,(#12016,#12017,#12018,#12019,#12020,
#12021,#12022),.UNSPECIFIED.,.F.,.F.,(4,1,1,1,4),(-0.556875248873579,-0.417656436655184,
-0.278437624436789,-0.139218812218395,0.),.UNSPECIFIED.);
#82=B_SPLINE_CURVE_WITH_KNOTS('',3,(#12055,#12056,#12057,#12058,#12059,
#12060,#12061,#12062,#12063,#12064,#12065,#12066,#12067,#12068,#12069),
 .UNSPECIFIED.,.F.,.F.,(4,1,1,1,1,1,1,1,1,1,1,1,4),(-0.592654899504587,
-0.459009596427474,-0.423040818285959,-0.334152218561781,-0.266963350569633,
-0.260697071104047,-0.249559633685385,-0.238436775996687,-0.232258700189729,
-0.198871382604305,-0.155254639126171,-0.120641693914824,0.),
 .UNSPECIFIED.);
#83=B_SPLINE_CURVE_WITH_KNOTS('',3,(#12096,#12097,#12098,#12099,#12100,
#12101,#12102,#12103,#12104,#12105,#12106,#12107),.UNSPECIFIED.,.F.,.F.,
(4,1,1,1,1,1,1,1,1,4),(-0.515666654937063,-0.373005508670182,-0.33826505578962,
-0.295215042780719,-0.270946039903255,-0.231490538501232,-0.206694953084459,
-0.15897755548802,-0.122268006268807,0.),.UNSPECIFIED.);
#84=B_SPLINE_CURVE_WITH_KNOTS('',3,(#12120,#12121,#12122,#12123,#12124),
 .UNSPECIFIED.,.F.,.F.,(4,1,4),(-0.425466319549827,-0.212733159774913,0.),
 .UNSPECIFIED.);
#85=B_SPLINE_CURVE_WITH_KNOTS('',3,(#12145,#12146,#12147,#12148,#12149),
 .UNSPECIFIED.,.F.,.F.,(4,1,4),(0.,0.219367743367649,0.438735487100143),
 .UNSPECIFIED.);
#86=B_SPLINE_CURVE_WITH_KNOTS('',3,(#12198,#12199,#12200,#12201,#12202),
 .UNSPECIFIED.,.F.,.F.,(4,1,4),(-0.438735487100143,-0.219367743367649,0.),
 .UNSPECIFIED.);
#87=B_SPLINE_CURVE_WITH_KNOTS('',3,(#12286,#12287,#12288,#12289,#12290,
#12291,#12292,#12293,#12294,#12295),.UNSPECIFIED.,.F.,.F.,(4,3,3,4),(-0.106330838682917,
-0.0619160316616183,-0.0183088666589702,0.),.UNSPECIFIED.);
#88=B_SPLINE_CURVE_WITH_KNOTS('',3,(#12322,#12323,#12324,#12325,#12326,
#12327,#12328,#12329,#12330,#12331,#12332,#12333,#12334,#12335,#12336,#12337),
 .UNSPECIFIED.,.F.,.F.,(4,3,3,3,3,4),(-0.106400418589953,-0.105911435209417,
-0.0610278321133821,-0.0534425482938789,-0.00505494960309801,0.),
 .UNSPECIFIED.);
#89=B_SPLINE_SURFACE_WITH_KNOTS('',3,3,((#10251,#10252,#10253,#10254,#10255,
#10256),(#10257,#10258,#10259,#10260,#10261,#10262),(#10263,#10264,#10265,
#10266,#10267,#10268),(#10269,#10270,#10271,#10272,#10273,#10274),(#10275,
#10276,#10277,#10278,#10279,#10280)),.UNSPECIFIED.,.F.,.F.,.F.,(4,1,4),
(4,1,1,4),(0.,0.571428571428571,1.),(8.39708127107153E-16,0.143363072377512,
0.215044608566267,0.501770753321289),.UNSPECIFIED.);
#90=B_SPLINE_SURFACE_WITH_KNOTS('',3,3,((#10296,#10297,#10298,#10299),(#10300,
#10301,#10302,#10303),(#10304,#10305,#10306,#10307),(#10308,#10309,#10310,
#10311)),.UNSPECIFIED.,.F.,.F.,.F.,(4,4),(4,4),(0.,1.),(9.27162160201307E-16,
0.254129675068643),.UNSPECIFIED.);
#91=B_SPLINE_SURFACE_WITH_KNOTS('',3,3,((#10776,#10777,#10778,#10779,#10780,
#10781),(#10782,#10783,#10784,#10785,#10786,#10787),(#10788,#10789,#10790,
#10791,#10792,#10793),(#10794,#10795,#10796,#10797,#10798,#10799),(#10800,
#10801,#10802,#10803,#10804,#10805)),.UNSPECIFIED.,.F.,.F.,.F.,(4,1,4),
(4,1,1,4),(0.,0.571428571428571,1.),(-1.53489700527576,-0.861698579506517,
-0.41289962899369,0.0358993215191368),.UNSPECIFIED.);
#92=B_SPLINE_SURFACE_WITH_KNOTS('',3,3,((#10817,#10818,#10819,#10820,#10821,
#10822),(#10823,#10824,#10825,#10826,#10827,#10828),(#10829,#10830,#10831,
#10832,#10833,#10834),(#10835,#10836,#10837,#10838,#10839,#10840),(#10841,
#10842,#10843,#10844,#10845,#10846)),.UNSPECIFIED.,.F.,.F.,.F.,(4,1,4),
(4,1,1,4),(0.,0.571428571428571,1.),(0.0358993215199345,0.484698272032766,
0.933497222545598,1.60669564831485),.UNSPECIFIED.);
#93=B_SPLINE_SURFACE_WITH_KNOTS('',3,3,((#10858,#10859,#10860,#10861,#10862,
#10863),(#10864,#10865,#10866,#10867,#10868,#10869),(#10870,#10871,#10872,
#10873,#10874,#10875),(#10876,#10877,#10878,#10879,#10880,#10881),(#10882,
#10883,#10884,#10885,#10886,#10887)),.UNSPECIFIED.,.F.,.F.,.F.,(4,1,4),
(4,1,1,4),(0.,0.571428571428571,1.),(-1.53489700527655,-0.861698579507317,
-0.412899628994492,0.035899321518332),.UNSPECIFIED.);
#94=B_SPLINE_SURFACE_WITH_KNOTS('',3,3,((#10899,#10900,#10901,#10902,#10903,
#10904),(#10905,#10906,#10907,#10908,#10909,#10910),(#10911,#10912,#10913,
#10914,#10915,#10916),(#10917,#10918,#10919,#10920,#10921,#10922),(#10923,
#10924,#10925,#10926,#10927,#10928)),.UNSPECIFIED.,.F.,.F.,.F.,(4,1,4),
(4,1,1,4),(0.,0.571428571428571,1.),(0.0358993215199348,0.709097747289185,
1.15789669780202,1.60669564831485),.UNSPECIFIED.);
#95=B_SPLINE_SURFACE_WITH_KNOTS('',3,3,((#11087,#11088,#11089,#11090),(#11091,
#11092,#11093,#11094),(#11095,#11096,#11097,#11098),(#11099,#11100,#11101,
#11102),(#11103,#11104,#11105,#11106),(#11107,#11108,#11109,#11110)),
 .UNSPECIFIED.,.F.,.F.,.F.,(4,1,1,4),(4,4),(0.,0.285714285714286,0.571428571428571,
1.),(-3.38875393093463E-15,0.143666254853362),.UNSPECIFIED.);
#96=B_SPLINE_SURFACE_WITH_KNOTS('',3,3,((#11122,#11123,#11124,#11125),(#11126,
#11127,#11128,#11129),(#11130,#11131,#11132,#11133),(#11134,#11135,#11136,
#11137),(#11138,#11139,#11140,#11141),(#11142,#11143,#11144,#11145)),
 .UNSPECIFIED.,.F.,.F.,.F.,(4,1,1,4),(4,4),(0.,0.285714285714286,0.571428571428571,
1.),(-0.143666254853197,4.26295426055497E-15),.UNSPECIFIED.);
#97=B_SPLINE_SURFACE_WITH_KNOTS('',3,1,((#11710,#11711),(#11712,#11713),
(#11714,#11715),(#11716,#11717),(#11718,#11719)),.UNSPECIFIED.,.F.,.F.,
 .F.,(4,1,4),(2,2),(0.,0.219367743732495,0.438735487100143),(0.,0.0762),
 .UNSPECIFIED.);
#98=B_SPLINE_SURFACE_WITH_KNOTS('',3,1,((#11735,#11736),(#11737,#11738),
(#11739,#11740),(#11741,#11742),(#11743,#11744)),.UNSPECIFIED.,.F.,.F.,
 .F.,(4,1,4),(2,2),(0.,0.209864868252559,0.419731118577123),(0.,0.0762),
 .UNSPECIFIED.);
#99=B_SPLINE_SURFACE_WITH_KNOTS('',3,1,((#11760,#11761),(#11762,#11763),
(#11764,#11765),(#11766,#11767),(#11768,#11769)),.UNSPECIFIED.,.F.,.F.,
 .F.,(4,1,4),(2,2),(0.,0.0579010226540645,0.122563754056187),(0.,0.0762),
 .UNSPECIFIED.);
#100=B_SPLINE_SURFACE_WITH_KNOTS('',3,1,((#11777,#11778),(#11779,#11780),
(#11781,#11782),(#11783,#11784),(#11785,#11786),(#11787,#11788),(#11789,
#11790)),.UNSPECIFIED.,.F.,.F.,.F.,(4,1,1,1,4),(2,2),(0.,0.2051740012439,
0.410348002487801,0.592392481732461,0.774436960977121),(0.,0.0762),
 .UNSPECIFIED.);
#101=B_SPLINE_SURFACE_WITH_KNOTS('',3,1,((#11800,#11801),(#11802,#11803),
(#11804,#11805),(#11806,#11807),(#11808,#11809)),.UNSPECIFIED.,.F.,.F.,
 .F.,(4,1,4),(2,2),(0.,0.0835198714061482,0.183968572804098),(0.,0.0762),
 .UNSPECIFIED.);
#102=B_SPLINE_SURFACE_WITH_KNOTS('',3,1,((#11845,#11846),(#11847,#11848),
(#11849,#11850),(#11851,#11852),(#11853,#11854)),.UNSPECIFIED.,.F.,.F.,
 .F.,(4,1,4),(2,2),(0.,0.106734925546052,0.20683568404279),(0.,0.0762),
 .UNSPECIFIED.);
#103=B_SPLINE_SURFACE_WITH_KNOTS('',3,1,((#11874,#11875),(#11876,#11877),
(#11878,#11879),(#11880,#11881),(#11882,#11883)),.UNSPECIFIED.,.F.,.F.,
 .F.,(4,1,4),(2,2),(0.,0.106495522553592,0.186370469204991),(0.,0.0762),
 .UNSPECIFIED.);
#104=B_SPLINE_SURFACE_WITH_KNOTS('',3,1,((#11891,#11892),(#11893,#11894),
(#11895,#11896),(#11897,#11898),(#11899,#11900),(#11901,#11902)),
 .UNSPECIFIED.,.F.,.F.,.F.,(4,1,1,4),(2,2),(0.,0.144500985439698,0.289001970879396,
0.578003941758793),(0.,0.0762),.UNSPECIFIED.);
#105=B_SPLINE_SURFACE_WITH_KNOTS('',3,1,((#11911,#11912),(#11913,#11914),
(#11915,#11916),(#11917,#11918),(#11919,#11920)),.UNSPECIFIED.,.F.,.F.,
 .F.,(4,1,4),(2,2),(0.,0.0747450221998676,0.148671421680368),(0.,0.0762),
 .UNSPECIFIED.);
#106=B_SPLINE_SURFACE_WITH_KNOTS('',3,1,((#11932,#11933),(#11934,#11935),
(#11936,#11937),(#11938,#11939),(#11940,#11941),(#11942,#11943),(#11944,
#11945),(#11946,#11947),(#11948,#11949),(#11950,#11951),(#11952,#11953),
(#11954,#11955)),.UNSPECIFIED.,.F.,.F.,.F.,(4,1,1,1,1,1,1,1,1,4),(2,2),
(0.,0.0494270327123568,0.260308661475769,0.528441526215643,0.768204133476636,
0.844627329509042,0.960392708525353,1.22107698829489,1.42912309897707,1.62397513338285),
(0.,0.0762),.UNSPECIFIED.);
#107=B_SPLINE_SURFACE_WITH_KNOTS('',3,1,((#11985,#11986),(#11987,#11988),
(#11989,#11990),(#11991,#11992),(#11993,#11994)),.UNSPECIFIED.,.F.,.F.,
 .F.,(4,1,4),(2,2),(0.,0.209867261039577,0.41973323283845),(0.,0.0762),
 .UNSPECIFIED.);
#108=B_SPLINE_SURFACE_WITH_KNOTS('',3,1,((#12000,#12001),(#12002,#12003),
(#12004,#12005),(#12006,#12007),(#12008,#12009),(#12010,#12011),(#12012,
#12013)),.UNSPECIFIED.,.F.,.F.,.F.,(4,1,1,1,4),(2,2),(0.,0.139218812218395,
0.278437624436789,0.417656436655184,0.556875248873579),(0.,0.0762),
 .UNSPECIFIED.);
#109=B_SPLINE_SURFACE_WITH_KNOTS('',3,1,((#12025,#12026),(#12027,#12028),
(#12029,#12030),(#12031,#12032),(#12033,#12034),(#12035,#12036),(#12037,
#12038),(#12039,#12040),(#12041,#12042),(#12043,#12044),(#12045,#12046),
(#12047,#12048),(#12049,#12050),(#12051,#12052),(#12053,#12054)),
 .UNSPECIFIED.,.F.,.F.,.F.,(4,1,1,1,1,1,1,1,1,1,1,1,4),(2,2),(0.,0.120641693914824,
0.155254639126171,0.198871382604305,0.232258700189729,0.238436775996687,
0.249559633685385,0.260697071104047,0.266963350569633,0.334152218561781,
0.423040818285959,0.459009596427474,0.592654899504587),(0.,0.0762),
 .UNSPECIFIED.);
#110=B_SPLINE_SURFACE_WITH_KNOTS('',3,1,((#12070,#12071),(#12072,#12073),
(#12074,#12075),(#12076,#12077),(#12078,#12079),(#12080,#12081),(#12082,
#12083),(#12084,#12085),(#12086,#12087),(#12088,#12089),(#12090,#12091),
(#12092,#12093)),.UNSPECIFIED.,.F.,.F.,.F.,(4,1,1,1,1,1,1,1,1,4),(2,2),
(0.,0.122268006268807,0.15897755548802,0.206694953084459,0.231490538501232,
0.270946039903255,0.295215042780719,0.33826505578962,0.373005508670182,
0.515666654937063),(0.,0.0762),.UNSPECIFIED.);
#111=B_SPLINE_SURFACE_WITH_KNOTS('',3,1,((#12110,#12111),(#12112,#12113),
(#12114,#12115),(#12116,#12117),(#12118,#12119)),.UNSPECIFIED.,.F.,.F.,
 .F.,(4,1,4),(2,2),(0.,0.212733159774913,0.425466319549827),(0.,0.0762),
 .UNSPECIFIED.);
#112=B_SPLINE_SURFACE_WITH_KNOTS('',3,1,((#12187,#12188),(#12189,#12190),
(#12191,#12192),(#12193,#12194),(#12195,#12196)),.UNSPECIFIED.,.F.,.F.,
 .F.,(4,1,4),(2,2),(0.,0.219367743367649,0.438735487100143),(0.,0.0762),
 .UNSPECIFIED.);
#113=B_SPLINE_SURFACE_WITH_KNOTS('',3,3,((#12264,#12265,#12266,#12267),
(#12268,#12269,#12270,#12271),(#12272,#12273,#12274,#12275),(#12276,#12277,
#12278,#12279)),.UNSPECIFIED.,.F.,.F.,.F.,(4,4),(4,4),(0.,1.),(-0.405175308877384,
2.32087803418297E-16),.UNSPECIFIED.);
#114=B_SPLINE_SURFACE_WITH_KNOTS('',3,3,((#12296,#12297,#12298,#12299,#12300),
(#12301,#12302,#12303,#12304,#12305),(#12306,#12307,#12308,#12309,#12310),
(#12311,#12312,#12313,#12314,#12315),(#12316,#12317,#12318,#12319,#12320)),
 .UNSPECIFIED.,.F.,.F.,.F.,(4,1,4),(4,1,4),(0.,0.571428571428571,1.),(0.405175308877891,
0.904727173699465,1.5707963267949),.UNSPECIFIED.);
#115=B_SPLINE_SURFACE_WITH_KNOTS('',3,3,((#12340,#12341,#12342,#12343,#12344,
#12345),(#12346,#12347,#12348,#12349,#12350,#12351),(#12352,#12353,#12354,
#12355,#12356,#12357),(#12358,#12359,#12360,#12361,#12362,#12363),(#12364,
#12365,#12366,#12367,#12368,#12369)),.UNSPECIFIED.,.F.,.F.,.F.,(4,1,4),
(4,1,1,4),(0.,0.571428571428571,1.),(-1.5707963267949,-0.897597901025656,
-0.448798950512828,5.42956242046695E-16),.UNSPECIFIED.);
#116=B_SPLINE_SURFACE_WITH_KNOTS('',3,3,((#12373,#12374,#12375,#12376,#12377,
#12378),(#12379,#12380,#12381,#12382,#12383,#12384),(#12385,#12386,#12387,
#12388,#12389,#12390),(#12391,#12392,#12393,#12394,#12395,#12396),(#12397,
#12398,#12399,#12400,#12401,#12402)),.UNSPECIFIED.,.F.,.F.,.F.,(4,1,4),
(4,1,1,4),(0.,0.571428571428571,1.),(-1.19382362008412E-16,0.673198425769243,
1.12199737628207,1.5707963267949),.UNSPECIFIED.);
#117=B_SPLINE_SURFACE_WITH_KNOTS('',3,3,((#12407,#12408,#12409,#12410,#12411),
(#12412,#12413,#12414,#12415,#12416),(#12417,#12418,#12419,#12420,#12421),
(#12422,#12423,#12424,#12425,#12426),(#12427,#12428,#12429,#12430,#12431)),
 .UNSPECIFIED.,.F.,.F.,.F.,(4,1,4),(4,1,4),(0.,0.571428571428571,1.),(-1.5707963267949,
-1.0712444619731,-0.40517530887737),.UNSPECIFIED.);
#118=B_SPLINE_SURFACE_WITH_KNOTS('',3,3,((#12438,#12439,#12440,#12441),
(#12442,#12443,#12444,#12445),(#12446,#12447,#12448,#12449),(#12450,#12451,
#12452,#12453)),.UNSPECIFIED.,.F.,.F.,.F.,(4,4),(4,4),(0.,1.),(0.,0.405175308877939),
 .UNSPECIFIED.);
#119=ELLIPSE('',#7263,11.0118874022576,0.546);
#120=ELLIPSE('',#7277,0.175000262755545,0.175);
#121=ELLIPSE('',#7385,0.175000262755545,0.175);
#122=ELLIPSE('',#7386,0.175000262755545,0.175);
#123=ELLIPSE('',#7425,0.189464394502401,0.175);
#124=ELLIPSE('',#7426,0.189464394502401,0.175);
#125=ELLIPSE('',#7427,0.456654742353119,0.175);
#126=ELLIPSE('',#7439,0.195000491905533,0.195);
#127=ELLIPSE('',#7440,0.170000564244357,0.17);
#128=ELLIPSE('',#7444,0.195000491905534,0.195);
#129=ELLIPSE('',#7445,0.170000564244357,0.17);
#130=ELLIPSE('',#7449,0.195000491905534,0.195);
#131=ELLIPSE('',#7450,0.170000564244357,0.17);
#132=ELLIPSE('',#7453,0.195000491905534,0.195);
#133=ELLIPSE('',#7454,0.170000564244359,0.17);
#134=ELLIPSE('',#7463,0.456654742353119,0.175);
#135=ELLIPSE('',#7464,0.456654742353119,0.175);
#136=ELLIPSE('',#7465,0.189464394502401,0.175);
#137=ELLIPSE('',#7466,0.189464394502401,0.175);
#138=ELLIPSE('',#7585,0.456571790955126,0.175);
#139=ELLIPSE('',#7586,0.456571790955126,0.175);
#140=ELLIPSE('',#7587,0.189464394502401,0.175);
#141=ELLIPSE('',#7590,0.456654742353119,0.175);
#142=ELLIPSE('',#7592,0.189473124103512,0.175);
#143=ELLIPSE('',#7593,0.189473124103512,0.175);
#144=ELLIPSE('',#7594,0.389068466335475,0.175);
#145=ELLIPSE('',#7597,0.428076244957179,0.250000000000001);
#146=ELLIPSE('',#7598,0.490314749639039,0.250000000000001);
#147=ELLIPSE('',#7600,0.652197365335481,0.25);
#148=ELLIPSE('',#7601,0.270675891576446,0.25);
#149=ELLIPSE('',#7705,0.389068466335475,0.175);
#150=ELLIPSE('',#7714,0.26033009196818,0.250000000000001);
#151=ELLIPSE('',#7716,0.389068466335475,0.175);
#152=ELLIPSE('',#7718,0.428076244957179,0.249999999999999);
#153=ELLIPSE('',#7726,0.26033009196818,0.249999999999999);
#154=ELLIPSE('',#7729,0.490314749639039,0.249999999999999);
#155=ELLIPSE('',#7732,0.389068466335475,0.175);
#156=FACE_BOUND('',#883,.T.);
#157=FACE_BOUND('',#904,.T.);
#158=FACE_BOUND('',#918,.T.);
#159=FACE_BOUND('',#941,.T.);
#160=FACE_BOUND('',#987,.T.);
#161=FACE_BOUND('',#988,.T.);
#162=FACE_BOUND('',#989,.T.);
#163=FACE_BOUND('',#990,.T.);
#164=FACE_BOUND('',#991,.T.);
#165=FACE_BOUND('',#992,.T.);
#166=FACE_BOUND('',#1006,.T.);
#167=FACE_BOUND('',#1007,.T.);
#168=FACE_BOUND('',#1008,.T.);
#169=FACE_BOUND('',#1009,.T.);
#170=FACE_BOUND('',#1010,.T.);
#171=FACE_BOUND('',#1059,.T.);
#172=FACE_BOUND('',#1068,.T.);
#173=FACE_BOUND('',#1090,.T.);
#174=FACE_BOUND('',#1098,.T.);
#175=FACE_BOUND('',#1099,.T.);
#176=FACE_BOUND('',#1155,.T.);
#177=FACE_BOUND('',#1157,.T.);
#178=FACE_BOUND('',#1160,.T.);
#179=FACE_BOUND('',#1169,.T.);
#180=FACE_BOUND('',#1183,.T.);
#181=FACE_BOUND('',#1184,.T.);
#182=FACE_BOUND('',#1260,.T.);
#183=TOROIDAL_SURFACE('',#7221,0.130000000000007,0.03);
#184=TOROIDAL_SURFACE('',#7227,0.130000000000002,0.03);
#185=TOROIDAL_SURFACE('',#7233,0.130000000000002,0.03);
#186=TOROIDAL_SURFACE('',#7239,0.129999999999997,0.03);
#187=TOROIDAL_SURFACE('',#7271,0.17,0.03);
#188=TOROIDAL_SURFACE('',#7281,0.17,0.03);
#189=TOROIDAL_SURFACE('',#7301,0.225,0.025);
#190=TOROIDAL_SURFACE('',#7307,0.225,0.025);
#191=TOROIDAL_SURFACE('',#7313,0.225,0.025);
#192=TOROIDAL_SURFACE('',#7319,0.225,0.025);
#193=TOROIDAL_SURFACE('',#7364,0.25,0.175);
#194=TOROIDAL_SURFACE('',#7377,0.25,0.175);
#195=TOROIDAL_SURFACE('',#7474,0.18,0.03);
#196=TOROIDAL_SURFACE('',#7481,0.18,0.03);
#197=TOROIDAL_SURFACE('',#7485,0.18,0.03);
#198=TOROIDAL_SURFACE('',#7488,0.18,0.03);
#199=TOROIDAL_SURFACE('',#7495,0.18,0.03);
#200=TOROIDAL_SURFACE('',#7499,0.18,0.03);
#201=TOROIDAL_SURFACE('',#7526,0.0973283455185129,0.025);
#202=TOROIDAL_SURFACE('',#7531,0.0973283455185129,0.025);
#203=TOROIDAL_SURFACE('',#7536,0.0973283455185129,0.025);
#204=TOROIDAL_SURFACE('',#7541,0.0973283455185129,0.025);
#205=TOROIDAL_SURFACE('',#7550,0.125000000000001,0.025);
#206=TOROIDAL_SURFACE('',#7556,0.124999999999999,0.025);
#207=TOROIDAL_SURFACE('',#7562,0.124999999999999,0.025);
#208=TOROIDAL_SURFACE('',#7568,0.125000000000001,0.025);
#209=TOROIDAL_SURFACE('',#7625,0.225,0.025);
#210=TOROIDAL_SURFACE('',#7628,0.225,0.025);
#211=TOROIDAL_SURFACE('',#7634,0.225,0.025);
#212=TOROIDAL_SURFACE('',#7640,0.225,0.025);
#213=PLANE('',#7168);
#214=PLANE('',#7169);
#215=PLANE('',#7174);
#216=PLANE('',#7175);
#217=PLANE('',#7180);
#218=PLANE('',#7181);
#219=PLANE('',#7186);
#220=PLANE('',#7187);
#221=PLANE('',#7189);
#222=PLANE('',#7191);
#223=PLANE('',#7192);
#224=PLANE('',#7193);
#225=PLANE('',#7194);
#226=PLANE('',#7196);
#227=PLANE('',#7197);
#228=PLANE('',#7198);
#229=PLANE('',#7200);
#230=PLANE('',#7201);
#231=PLANE('',#7202);
#232=PLANE('',#7203);
#233=PLANE('',#7205);
#234=PLANE('',#7209);
#235=PLANE('',#7210);
#236=PLANE('',#7211);
#237=PLANE('',#7212);
#238=PLANE('',#7214);
#239=PLANE('',#7215);
#240=PLANE('',#7216);
#241=PLANE('',#7244);
#242=PLANE('',#7247);
#243=PLANE('',#7248);
#244=PLANE('',#7249);
#245=PLANE('',#7250);
#246=PLANE('',#7251);
#247=PLANE('',#7252);
#248=PLANE('',#7253);
#249=PLANE('',#7260);
#250=PLANE('',#7276);
#251=PLANE('',#7279);
#252=PLANE('',#7290);
#253=PLANE('',#7292);
#254=PLANE('',#7324);
#255=PLANE('',#7327);
#256=PLANE('',#7329);
#257=PLANE('',#7334);
#258=PLANE('',#7337);
#259=PLANE('',#7340);
#260=PLANE('',#7350);
#261=PLANE('',#7370);
#262=PLANE('',#7371);
#263=PLANE('',#7379);
#264=PLANE('',#7381);
#265=PLANE('',#7387);
#266=PLANE('',#7388);
#267=PLANE('',#7391);
#268=PLANE('',#7393);
#269=PLANE('',#7394);
#270=PLANE('',#7395);
#271=PLANE('',#7396);
#272=PLANE('',#7397);
#273=PLANE('',#7398);
#274=PLANE('',#7400);
#275=PLANE('',#7402);
#276=PLANE('',#7403);
#277=PLANE('',#7405);
#278=PLANE('',#7406);
#279=PLANE('',#7407);
#280=PLANE('',#7408);
#281=PLANE('',#7409);
#282=PLANE('',#7410);
#283=PLANE('',#7411);
#284=PLANE('',#7412);
#285=PLANE('',#7414);
#286=PLANE('',#7415);
#287=PLANE('',#7417);
#288=PLANE('',#7420);
#289=PLANE('',#7421);
#290=PLANE('',#7423);
#291=PLANE('',#7424);
#292=PLANE('',#7458);
#293=PLANE('',#7461);
#294=PLANE('',#7462);
#295=PLANE('',#7508);
#296=PLANE('',#7511);
#297=PLANE('',#7515);
#298=PLANE('',#7516);
#299=PLANE('',#7517);
#300=PLANE('',#7520);
#301=PLANE('',#7544);
#302=PLANE('',#7546);
#303=PLANE('',#7573);
#304=PLANE('',#7576);
#305=PLANE('',#7577);
#306=PLANE('',#7580);
#307=PLANE('',#7583);
#308=PLANE('',#7589);
#309=PLANE('',#7605);
#310=PLANE('',#7609);
#311=PLANE('',#7613);
#312=PLANE('',#7617);
#313=PLANE('',#7621);
#314=PLANE('',#7645);
#315=PLANE('',#7648);
#316=PLANE('',#7654);
#317=PLANE('',#7656);
#318=PLANE('',#7658);
#319=PLANE('',#7659);
#320=PLANE('',#7660);
#321=PLANE('',#7661);
#322=PLANE('',#7662);
#323=PLANE('',#7663);
#324=PLANE('',#7664);
#325=PLANE('',#7665);
#326=PLANE('',#7666);
#327=PLANE('',#7667);
#328=PLANE('',#7668);
#329=PLANE('',#7669);
#330=PLANE('',#7670);
#331=PLANE('',#7671);
#332=PLANE('',#7672);
#333=PLANE('',#7673);
#334=PLANE('',#7674);
#335=PLANE('',#7675);
#336=PLANE('',#7676);
#337=PLANE('',#7677);
#338=PLANE('',#7678);
#339=PLANE('',#7679);
#340=PLANE('',#7680);
#341=PLANE('',#7681);
#342=PLANE('',#7682);
#343=PLANE('',#7683);
#344=PLANE('',#7684);
#345=PLANE('',#7685);
#346=PLANE('',#7686);
#347=PLANE('',#7687);
#348=PLANE('',#7688);
#349=PLANE('',#7689);
#350=PLANE('',#7690);
#351=PLANE('',#7691);
#352=PLANE('',#7692);
#353=PLANE('',#7693);
#354=PLANE('',#7696);
#355=PLANE('',#7699);
#356=PLANE('',#7700);
#357=PLANE('',#7702);
#358=PLANE('',#7703);
#359=PLANE('',#7704);
#360=PLANE('',#7715);
#361=PLANE('',#7733);
#362=PLANE('',#7736);
#363=PLANE('',#7745);
#364=PLANE('',#7746);
#365=PLANE('',#7747);
#366=PLANE('',#7748);
#367=PLANE('',#7749);
#368=PLANE('',#7750);
#369=PLANE('',#7751);
#370=PLANE('',#7752);
#371=PLANE('',#7753);
#372=PLANE('',#7756);
#373=PLANE('',#7757);
#374=PLANE('',#7758);
#375=PLANE('',#7759);
#376=PLANE('',#7760);
#377=PLANE('',#7761);
#378=PLANE('',#7762);
#379=PLANE('',#7763);
#380=PLANE('',#7764);
#381=PLANE('',#7765);
#382=PLANE('',#7766);
#383=PLANE('',#7767);
#384=PLANE('',#7768);
#385=PLANE('',#7769);
#386=PLANE('',#7770);
#387=PLANE('',#7771);
#388=PLANE('',#7772);
#389=PLANE('',#7773);
#390=PLANE('',#7774);
#391=PLANE('',#7775);
#392=PLANE('',#7776);
#393=PLANE('',#7777);
#394=PLANE('',#7778);
#395=PLANE('',#7779);
#396=PLANE('',#7780);
#397=PLANE('',#7781);
#398=PLANE('',#7782);
#399=PLANE('',#7783);
#400=PLANE('',#7784);
#401=PLANE('',#7785);
#402=PLANE('',#7786);
#403=PLANE('',#7787);
#404=PLANE('',#7788);
#405=PLANE('',#7789);
#406=PLANE('',#7790);
#407=PLANE('',#7791);
#408=PLANE('',#7792);
#409=PLANE('',#7793);
#410=PLANE('',#7794);
#411=PLANE('',#7795);
#412=PLANE('',#7796);
#413=PLANE('',#7797);
#414=PLANE('',#7798);
#415=PLANE('',#7799);
#416=PLANE('',#7800);
#417=PLANE('',#7801);
#418=PLANE('',#7802);
#419=PLANE('',#7803);
#420=PLANE('',#7804);
#421=PLANE('',#7805);
#422=PLANE('',#7806);
#423=PLANE('',#7807);
#424=PLANE('',#7808);
#425=PLANE('',#7809);
#426=PLANE('',#7810);
#427=PLANE('',#7811);
#428=PLANE('',#7812);
#429=PLANE('',#7817);
#430=PLANE('',#7818);
#431=PLANE('',#7819);
#432=PLANE('',#7820);
#433=PLANE('',#7821);
#434=PLANE('',#7822);
#435=FACE_OUTER_BOUND('',#837,.T.);
#436=FACE_OUTER_BOUND('',#838,.T.);
#437=FACE_OUTER_BOUND('',#839,.T.);
#438=FACE_OUTER_BOUND('',#840,.T.);
#439=FACE_OUTER_BOUND('',#841,.T.);
#440=FACE_OUTER_BOUND('',#842,.T.);
#441=FACE_OUTER_BOUND('',#843,.T.);
#442=FACE_OUTER_BOUND('',#844,.T.);
#443=FACE_OUTER_BOUND('',#845,.T.);
#444=FACE_OUTER_BOUND('',#846,.T.);
#445=FACE_OUTER_BOUND('',#847,.T.);
#446=FACE_OUTER_BOUND('',#848,.T.);
#447=FACE_OUTER_BOUND('',#849,.T.);
#448=FACE_OUTER_BOUND('',#850,.T.);
#449=FACE_OUTER_BOUND('',#851,.T.);
#450=FACE_OUTER_BOUND('',#852,.T.);
#451=FACE_OUTER_BOUND('',#853,.T.);
#452=FACE_OUTER_BOUND('',#854,.T.);
#453=FACE_OUTER_BOUND('',#855,.T.);
#454=FACE_OUTER_BOUND('',#856,.T.);
#455=FACE_OUTER_BOUND('',#857,.T.);
#456=FACE_OUTER_BOUND('',#858,.T.);
#457=FACE_OUTER_BOUND('',#859,.T.);
#458=FACE_OUTER_BOUND('',#860,.T.);
#459=FACE_OUTER_BOUND('',#861,.T.);
#460=FACE_OUTER_BOUND('',#862,.T.);
#461=FACE_OUTER_BOUND('',#863,.T.);
#462=FACE_OUTER_BOUND('',#864,.T.);
#463=FACE_OUTER_BOUND('',#865,.T.);
#464=FACE_OUTER_BOUND('',#866,.T.);
#465=FACE_OUTER_BOUND('',#867,.T.);
#466=FACE_OUTER_BOUND('',#868,.T.);
#467=FACE_OUTER_BOUND('',#869,.T.);
#468=FACE_OUTER_BOUND('',#870,.T.);
#469=FACE_OUTER_BOUND('',#871,.T.);
#470=FACE_OUTER_BOUND('',#872,.T.);
#471=FACE_OUTER_BOUND('',#873,.T.);
#472=FACE_OUTER_BOUND('',#874,.T.);
#473=FACE_OUTER_BOUND('',#875,.T.);
#474=FACE_OUTER_BOUND('',#876,.T.);
#475=FACE_OUTER_BOUND('',#877,.T.);
#476=FACE_OUTER_BOUND('',#878,.T.);
#477=FACE_OUTER_BOUND('',#879,.T.);
#478=FACE_OUTER_BOUND('',#880,.T.);
#479=FACE_OUTER_BOUND('',#881,.T.);
#480=FACE_OUTER_BOUND('',#882,.T.);
#481=FACE_OUTER_BOUND('',#884,.T.);
#482=FACE_OUTER_BOUND('',#885,.T.);
#483=FACE_OUTER_BOUND('',#886,.T.);
#484=FACE_OUTER_BOUND('',#887,.T.);
#485=FACE_OUTER_BOUND('',#888,.T.);
#486=FACE_OUTER_BOUND('',#889,.T.);
#487=FACE_OUTER_BOUND('',#890,.T.);
#488=FACE_OUTER_BOUND('',#891,.T.);
#489=FACE_OUTER_BOUND('',#892,.T.);
#490=FACE_OUTER_BOUND('',#893,.T.);
#491=FACE_OUTER_BOUND('',#894,.T.);
#492=FACE_OUTER_BOUND('',#895,.T.);
#493=FACE_OUTER_BOUND('',#896,.T.);
#494=FACE_OUTER_BOUND('',#897,.T.);
#495=FACE_OUTER_BOUND('',#898,.T.);
#496=FACE_OUTER_BOUND('',#899,.T.);
#497=FACE_OUTER_BOUND('',#900,.T.);
#498=FACE_OUTER_BOUND('',#901,.T.);
#499=FACE_OUTER_BOUND('',#902,.T.);
#500=FACE_OUTER_BOUND('',#903,.T.);
#501=FACE_OUTER_BOUND('',#905,.T.);
#502=FACE_OUTER_BOUND('',#906,.T.);
#503=FACE_OUTER_BOUND('',#907,.T.);
#504=FACE_OUTER_BOUND('',#908,.T.);
#505=FACE_OUTER_BOUND('',#909,.T.);
#506=FACE_OUTER_BOUND('',#910,.T.);
#507=FACE_OUTER_BOUND('',#911,.T.);
#508=FACE_OUTER_BOUND('',#912,.T.);
#509=FACE_OUTER_BOUND('',#913,.T.);
#510=FACE_OUTER_BOUND('',#914,.T.);
#511=FACE_OUTER_BOUND('',#915,.T.);
#512=FACE_OUTER_BOUND('',#916,.T.);
#513=FACE_OUTER_BOUND('',#917,.T.);
#514=FACE_OUTER_BOUND('',#919,.T.);
#515=FACE_OUTER_BOUND('',#920,.T.);
#516=FACE_OUTER_BOUND('',#921,.T.);
#517=FACE_OUTER_BOUND('',#922,.T.);
#518=FACE_OUTER_BOUND('',#923,.T.);
#519=FACE_OUTER_BOUND('',#924,.T.);
#520=FACE_OUTER_BOUND('',#925,.T.);
#521=FACE_OUTER_BOUND('',#926,.T.);
#522=FACE_OUTER_BOUND('',#927,.T.);
#523=FACE_OUTER_BOUND('',#928,.T.);
#524=FACE_OUTER_BOUND('',#929,.T.);
#525=FACE_OUTER_BOUND('',#930,.T.);
#526=FACE_OUTER_BOUND('',#931,.T.);
#527=FACE_OUTER_BOUND('',#932,.T.);
#528=FACE_OUTER_BOUND('',#933,.T.);
#529=FACE_OUTER_BOUND('',#934,.T.);
#530=FACE_OUTER_BOUND('',#935,.T.);
#531=FACE_OUTER_BOUND('',#936,.T.);
#532=FACE_OUTER_BOUND('',#937,.T.);
#533=FACE_OUTER_BOUND('',#938,.T.);
#534=FACE_OUTER_BOUND('',#939,.T.);
#535=FACE_OUTER_BOUND('',#940,.T.);
#536=FACE_OUTER_BOUND('',#942,.T.);
#537=FACE_OUTER_BOUND('',#943,.T.);
#538=FACE_OUTER_BOUND('',#944,.T.);
#539=FACE_OUTER_BOUND('',#945,.T.);
#540=FACE_OUTER_BOUND('',#946,.T.);
#541=FACE_OUTER_BOUND('',#947,.T.);
#542=FACE_OUTER_BOUND('',#948,.T.);
#543=FACE_OUTER_BOUND('',#949,.T.);
#544=FACE_OUTER_BOUND('',#950,.T.);
#545=FACE_OUTER_BOUND('',#951,.T.);
#546=FACE_OUTER_BOUND('',#952,.T.);
#547=FACE_OUTER_BOUND('',#953,.T.);
#548=FACE_OUTER_BOUND('',#954,.T.);
#549=FACE_OUTER_BOUND('',#955,.T.);
#550=FACE_OUTER_BOUND('',#956,.T.);
#551=FACE_OUTER_BOUND('',#957,.T.);
#552=FACE_OUTER_BOUND('',#958,.T.);
#553=FACE_OUTER_BOUND('',#959,.T.);
#554=FACE_OUTER_BOUND('',#960,.T.);
#555=FACE_OUTER_BOUND('',#961,.T.);
#556=FACE_OUTER_BOUND('',#962,.T.);
#557=FACE_OUTER_BOUND('',#963,.T.);
#558=FACE_OUTER_BOUND('',#964,.T.);
#559=FACE_OUTER_BOUND('',#965,.T.);
#560=FACE_OUTER_BOUND('',#966,.T.);
#561=FACE_OUTER_BOUND('',#967,.T.);
#562=FACE_OUTER_BOUND('',#968,.T.);
#563=FACE_OUTER_BOUND('',#969,.T.);
#564=FACE_OUTER_BOUND('',#970,.T.);
#565=FACE_OUTER_BOUND('',#971,.T.);
#566=FACE_OUTER_BOUND('',#972,.T.);
#567=FACE_OUTER_BOUND('',#973,.T.);
#568=FACE_OUTER_BOUND('',#974,.T.);
#569=FACE_OUTER_BOUND('',#975,.T.);
#570=FACE_OUTER_BOUND('',#976,.T.);
#571=FACE_OUTER_BOUND('',#977,.T.);
#572=FACE_OUTER_BOUND('',#978,.T.);
#573=FACE_OUTER_BOUND('',#979,.T.);
#574=FACE_OUTER_BOUND('',#980,.T.);
#575=FACE_OUTER_BOUND('',#981,.T.);
#576=FACE_OUTER_BOUND('',#982,.T.);
#577=FACE_OUTER_BOUND('',#983,.T.);
#578=FACE_OUTER_BOUND('',#984,.T.);
#579=FACE_OUTER_BOUND('',#985,.T.);
#580=FACE_OUTER_BOUND('',#986,.T.);
#581=FACE_OUTER_BOUND('',#993,.T.);
#582=FACE_OUTER_BOUND('',#994,.T.);
#583=FACE_OUTER_BOUND('',#995,.T.);
#584=FACE_OUTER_BOUND('',#996,.T.);
#585=FACE_OUTER_BOUND('',#997,.T.);
#586=FACE_OUTER_BOUND('',#998,.T.);
#587=FACE_OUTER_BOUND('',#999,.T.);
#588=FACE_OUTER_BOUND('',#1000,.T.);
#589=FACE_OUTER_BOUND('',#1001,.T.);
#590=FACE_OUTER_BOUND('',#1002,.T.);
#591=FACE_OUTER_BOUND('',#1003,.T.);
#592=FACE_OUTER_BOUND('',#1004,.T.);
#593=FACE_OUTER_BOUND('',#1005,.T.);
#594=FACE_OUTER_BOUND('',#1011,.T.);
#595=FACE_OUTER_BOUND('',#1012,.T.);
#596=FACE_OUTER_BOUND('',#1013,.T.);
#597=FACE_OUTER_BOUND('',#1014,.T.);
#598=FACE_OUTER_BOUND('',#1015,.T.);
#599=FACE_OUTER_BOUND('',#1016,.T.);
#600=FACE_OUTER_BOUND('',#1017,.T.);
#601=FACE_OUTER_BOUND('',#1018,.T.);
#602=FACE_OUTER_BOUND('',#1019,.T.);
#603=FACE_OUTER_BOUND('',#1020,.T.);
#604=FACE_OUTER_BOUND('',#1021,.T.);
#605=FACE_OUTER_BOUND('',#1022,.T.);
#606=FACE_OUTER_BOUND('',#1023,.T.);
#607=FACE_OUTER_BOUND('',#1024,.T.);
#608=FACE_OUTER_BOUND('',#1025,.T.);
#609=FACE_OUTER_BOUND('',#1026,.T.);
#610=FACE_OUTER_BOUND('',#1027,.T.);
#611=FACE_OUTER_BOUND('',#1028,.T.);
#612=FACE_OUTER_BOUND('',#1029,.T.);
#613=FACE_OUTER_BOUND('',#1030,.T.);
#614=FACE_OUTER_BOUND('',#1031,.T.);
#615=FACE_OUTER_BOUND('',#1032,.T.);
#616=FACE_OUTER_BOUND('',#1033,.T.);
#617=FACE_OUTER_BOUND('',#1034,.T.);
#618=FACE_OUTER_BOUND('',#1035,.T.);
#619=FACE_OUTER_BOUND('',#1036,.T.);
#620=FACE_OUTER_BOUND('',#1037,.T.);
#621=FACE_OUTER_BOUND('',#1038,.T.);
#622=FACE_OUTER_BOUND('',#1039,.T.);
#623=FACE_OUTER_BOUND('',#1040,.T.);
#624=FACE_OUTER_BOUND('',#1041,.T.);
#625=FACE_OUTER_BOUND('',#1042,.T.);
#626=FACE_OUTER_BOUND('',#1043,.T.);
#627=FACE_OUTER_BOUND('',#1044,.T.);
#628=FACE_OUTER_BOUND('',#1045,.T.);
#629=FACE_OUTER_BOUND('',#1046,.T.);
#630=FACE_OUTER_BOUND('',#1047,.T.);
#631=FACE_OUTER_BOUND('',#1048,.T.);
#632=FACE_OUTER_BOUND('',#1049,.T.);
#633=FACE_OUTER_BOUND('',#1050,.T.);
#634=FACE_OUTER_BOUND('',#1051,.T.);
#635=FACE_OUTER_BOUND('',#1052,.T.);
#636=FACE_OUTER_BOUND('',#1053,.T.);
#637=FACE_OUTER_BOUND('',#1054,.T.);
#638=FACE_OUTER_BOUND('',#1055,.T.);
#639=FACE_OUTER_BOUND('',#1056,.T.);
#640=FACE_OUTER_BOUND('',#1057,.T.);
#641=FACE_OUTER_BOUND('',#1058,.T.);
#642=FACE_OUTER_BOUND('',#1060,.T.);
#643=FACE_OUTER_BOUND('',#1061,.T.);
#644=FACE_OUTER_BOUND('',#1062,.T.);
#645=FACE_OUTER_BOUND('',#1063,.T.);
#646=FACE_OUTER_BOUND('',#1064,.T.);
#647=FACE_OUTER_BOUND('',#1065,.T.);
#648=FACE_OUTER_BOUND('',#1066,.T.);
#649=FACE_OUTER_BOUND('',#1067,.T.);
#650=FACE_OUTER_BOUND('',#1069,.T.);
#651=FACE_OUTER_BOUND('',#1070,.T.);
#652=FACE_OUTER_BOUND('',#1071,.T.);
#653=FACE_OUTER_BOUND('',#1072,.T.);
#654=FACE_OUTER_BOUND('',#1073,.T.);
#655=FACE_OUTER_BOUND('',#1074,.T.);
#656=FACE_OUTER_BOUND('',#1075,.T.);
#657=FACE_OUTER_BOUND('',#1076,.T.);
#658=FACE_OUTER_BOUND('',#1077,.T.);
#659=FACE_OUTER_BOUND('',#1078,.T.);
#660=FACE_OUTER_BOUND('',#1079,.T.);
#661=FACE_OUTER_BOUND('',#1080,.T.);
#662=FACE_OUTER_BOUND('',#1081,.T.);
#663=FACE_OUTER_BOUND('',#1082,.T.);
#664=FACE_OUTER_BOUND('',#1083,.T.);
#665=FACE_OUTER_BOUND('',#1084,.T.);
#666=FACE_OUTER_BOUND('',#1085,.T.);
#667=FACE_OUTER_BOUND('',#1086,.T.);
#668=FACE_OUTER_BOUND('',#1087,.T.);
#669=FACE_OUTER_BOUND('',#1088,.T.);
#670=FACE_OUTER_BOUND('',#1089,.T.);
#671=FACE_OUTER_BOUND('',#1091,.T.);
#672=FACE_OUTER_BOUND('',#1092,.T.);
#673=FACE_OUTER_BOUND('',#1093,.T.);
#674=FACE_OUTER_BOUND('',#1094,.T.);
#675=FACE_OUTER_BOUND('',#1095,.T.);
#676=FACE_OUTER_BOUND('',#1096,.T.);
#677=FACE_OUTER_BOUND('',#1097,.T.);
#678=FACE_OUTER_BOUND('',#1100,.T.);
#679=FACE_OUTER_BOUND('',#1101,.T.);
#680=FACE_OUTER_BOUND('',#1102,.T.);
#681=FACE_OUTER_BOUND('',#1103,.T.);
#682=FACE_OUTER_BOUND('',#1104,.T.);
#683=FACE_OUTER_BOUND('',#1105,.T.);
#684=FACE_OUTER_BOUND('',#1106,.T.);
#685=FACE_OUTER_BOUND('',#1107,.T.);
#686=FACE_OUTER_BOUND('',#1108,.T.);
#687=FACE_OUTER_BOUND('',#1109,.T.);
#688=FACE_OUTER_BOUND('',#1110,.T.);
#689=FACE_OUTER_BOUND('',#1111,.T.);
#690=FACE_OUTER_BOUND('',#1112,.T.);
#691=FACE_OUTER_BOUND('',#1113,.T.);
#692=FACE_OUTER_BOUND('',#1114,.T.);
#693=FACE_OUTER_BOUND('',#1115,.T.);
#694=FACE_OUTER_BOUND('',#1116,.T.);
#695=FACE_OUTER_BOUND('',#1117,.T.);
#696=FACE_OUTER_BOUND('',#1118,.T.);
#697=FACE_OUTER_BOUND('',#1119,.T.);
#698=FACE_OUTER_BOUND('',#1120,.T.);
#699=FACE_OUTER_BOUND('',#1121,.T.);
#700=FACE_OUTER_BOUND('',#1122,.T.);
#701=FACE_OUTER_BOUND('',#1123,.T.);
#702=FACE_OUTER_BOUND('',#1124,.T.);
#703=FACE_OUTER_BOUND('',#1125,.T.);
#704=FACE_OUTER_BOUND('',#1126,.T.);
#705=FACE_OUTER_BOUND('',#1127,.T.);
#706=FACE_OUTER_BOUND('',#1128,.T.);
#707=FACE_OUTER_BOUND('',#1129,.T.);
#708=FACE_OUTER_BOUND('',#1130,.T.);
#709=FACE_OUTER_BOUND('',#1131,.T.);
#710=FACE_OUTER_BOUND('',#1132,.T.);
#711=FACE_OUTER_BOUND('',#1133,.T.);
#712=FACE_OUTER_BOUND('',#1134,.T.);
#713=FACE_OUTER_BOUND('',#1135,.T.);
#714=FACE_OUTER_BOUND('',#1136,.T.);
#715=FACE_OUTER_BOUND('',#1137,.T.);
#716=FACE_OUTER_BOUND('',#1138,.T.);
#717=FACE_OUTER_BOUND('',#1139,.T.);
#718=FACE_OUTER_BOUND('',#1140,.T.);
#719=FACE_OUTER_BOUND('',#1141,.T.);
#720=FACE_OUTER_BOUND('',#1142,.T.);
#721=FACE_OUTER_BOUND('',#1143,.T.);
#722=FACE_OUTER_BOUND('',#1144,.T.);
#723=FACE_OUTER_BOUND('',#1145,.T.);
#724=FACE_OUTER_BOUND('',#1146,.T.);
#725=FACE_OUTER_BOUND('',#1147,.T.);
#726=FACE_OUTER_BOUND('',#1148,.T.);
#727=FACE_OUTER_BOUND('',#1149,.T.);
#728=FACE_OUTER_BOUND('',#1150,.T.);
#729=FACE_OUTER_BOUND('',#1151,.T.);
#730=FACE_OUTER_BOUND('',#1152,.T.);
#731=FACE_OUTER_BOUND('',#1153,.T.);
#732=FACE_OUTER_BOUND('',#1154,.T.);
#733=FACE_OUTER_BOUND('',#1156,.T.);
#734=FACE_OUTER_BOUND('',#1158,.T.);
#735=FACE_OUTER_BOUND('',#1159,.T.);
#736=FACE_OUTER_BOUND('',#1161,.T.);
#737=FACE_OUTER_BOUND('',#1162,.T.);
#738=FACE_OUTER_BOUND('',#1163,.T.);
#739=FACE_OUTER_BOUND('',#1164,.T.);
#740=FACE_OUTER_BOUND('',#1165,.T.);
#741=FACE_OUTER_BOUND('',#1166,.T.);
#742=FACE_OUTER_BOUND('',#1167,.T.);
#743=FACE_OUTER_BOUND('',#1168,.T.);
#744=FACE_OUTER_BOUND('',#1170,.T.);
#745=FACE_OUTER_BOUND('',#1171,.T.);
#746=FACE_OUTER_BOUND('',#1172,.T.);
#747=FACE_OUTER_BOUND('',#1173,.T.);
#748=FACE_OUTER_BOUND('',#1174,.T.);
#749=FACE_OUTER_BOUND('',#1175,.T.);
#750=FACE_OUTER_BOUND('',#1176,.T.);
#751=FACE_OUTER_BOUND('',#1177,.T.);
#752=FACE_OUTER_BOUND('',#1178,.T.);
#753=FACE_OUTER_BOUND('',#1179,.T.);
#754=FACE_OUTER_BOUND('',#1180,.T.);
#755=FACE_OUTER_BOUND('',#1181,.T.);
#756=FACE_OUTER_BOUND('',#1182,.T.);
#757=FACE_OUTER_BOUND('',#1185,.T.);
#758=FACE_OUTER_BOUND('',#1186,.T.);
#759=FACE_OUTER_BOUND('',#1187,.T.);
#760=FACE_OUTER_BOUND('',#1188,.T.);
#761=FACE_OUTER_BOUND('',#1189,.T.);
#762=FACE_OUTER_BOUND('',#1190,.T.);
#763=FACE_OUTER_BOUND('',#1191,.T.);
#764=FACE_OUTER_BOUND('',#1192,.T.);
#765=FACE_OUTER_BOUND('',#1193,.T.);
#766=FACE_OUTER_BOUND('',#1194,.T.);
#767=FACE_OUTER_BOUND('',#1195,.T.);
#768=FACE_OUTER_BOUND('',#1196,.T.);
#769=FACE_OUTER_BOUND('',#1197,.T.);
#770=FACE_OUTER_BOUND('',#1198,.T.);
#771=FACE_OUTER_BOUND('',#1199,.T.);
#772=FACE_OUTER_BOUND('',#1200,.T.);
#773=FACE_OUTER_BOUND('',#1201,.T.);
#774=FACE_OUTER_BOUND('',#1202,.T.);
#775=FACE_OUTER_BOUND('',#1203,.T.);
#776=FACE_OUTER_BOUND('',#1204,.T.);
#777=FACE_OUTER_BOUND('',#1205,.T.);
#778=FACE_OUTER_BOUND('',#1206,.T.);
#779=FACE_OUTER_BOUND('',#1207,.T.);
#780=FACE_OUTER_BOUND('',#1208,.T.);
#781=FACE_OUTER_BOUND('',#1209,.T.);
#782=FACE_OUTER_BOUND('',#1210,.T.);
#783=FACE_OUTER_BOUND('',#1211,.T.);
#784=FACE_OUTER_BOUND('',#1212,.T.);
#785=FACE_OUTER_BOUND('',#1213,.T.);
#786=FACE_OUTER_BOUND('',#1214,.T.);
#787=FACE_OUTER_BOUND('',#1215,.T.);
#788=FACE_OUTER_BOUND('',#1216,.T.);
#789=FACE_OUTER_BOUND('',#1217,.T.);
#790=FACE_OUTER_BOUND('',#1218,.T.);
#791=FACE_OUTER_BOUND('',#1219,.T.);
#792=FACE_OUTER_BOUND('',#1220,.T.);
#793=FACE_OUTER_BOUND('',#1221,.T.);
#794=FACE_OUTER_BOUND('',#1222,.T.);
#795=FACE_OUTER_BOUND('',#1223,.T.);
#796=FACE_OUTER_BOUND('',#1224,.T.);
#797=FACE_OUTER_BOUND('',#1225,.T.);
#798=FACE_OUTER_BOUND('',#1226,.T.);
#799=FACE_OUTER_BOUND('',#1227,.T.);
#800=FACE_OUTER_BOUND('',#1228,.T.);
#801=FACE_OUTER_BOUND('',#1229,.T.);
#802=FACE_OUTER_BOUND('',#1230,.T.);
#803=FACE_OUTER_BOUND('',#1231,.T.);
#804=FACE_OUTER_BOUND('',#1232,.T.);
#805=FACE_OUTER_BOUND('',#1233,.T.);
#806=FACE_OUTER_BOUND('',#1234,.T.);
#807=FACE_OUTER_BOUND('',#1235,.T.);
#808=FACE_OUTER_BOUND('',#1236,.T.);
#809=FACE_OUTER_BOUND('',#1237,.T.);
#810=FACE_OUTER_BOUND('',#1238,.T.);
#811=FACE_OUTER_BOUND('',#1239,.T.);
#812=FACE_OUTER_BOUND('',#1240,.T.);
#813=FACE_OUTER_BOUND('',#1241,.T.);
#814=FACE_OUTER_BOUND('',#1242,.T.);
#815=FACE_OUTER_BOUND('',#1243,.T.);
#816=FACE_OUTER_BOUND('',#1244,.T.);
#817=FACE_OUTER_BOUND('',#1245,.T.);
#818=FACE_OUTER_BOUND('',#1246,.T.);
#819=FACE_OUTER_BOUND('',#1247,.T.);
#820=FACE_OUTER_BOUND('',#1248,.T.);
#821=FACE_OUTER_BOUND('',#1249,.T.);
#822=FACE_OUTER_BOUND('',#1250,.T.);
#823=FACE_OUTER_BOUND('',#1251,.T.);
#824=FACE_OUTER_BOUND('',#1252,.T.);
#825=FACE_OUTER_BOUND('',#1253,.T.);
#826=FACE_OUTER_BOUND('',#1254,.T.);
#827=FACE_OUTER_BOUND('',#1255,.T.);
#828=FACE_OUTER_BOUND('',#1256,.T.);
#829=FACE_OUTER_BOUND('',#1257,.T.);
#830=FACE_OUTER_BOUND('',#1258,.T.);
#831=FACE_OUTER_BOUND('',#1259,.T.);
#832=FACE_OUTER_BOUND('',#1261,.T.);
#833=FACE_OUTER_BOUND('',#1262,.T.);
#834=FACE_OUTER_BOUND('',#1263,.T.);
#835=FACE_OUTER_BOUND('',#1264,.T.);
#836=FACE_OUTER_BOUND('',#1265,.T.);
#837=EDGE_LOOP('',(#4570,#4571,#4572,#4573));
#838=EDGE_LOOP('',(#4574,#4575,#4576,#4577));
#839=EDGE_LOOP('',(#4578,#4579,#4580,#4581,#4582,#4583,#4584));
#840=EDGE_LOOP('',(#4585,#4586,#4587,#4588));
#841=EDGE_LOOP('',(#4589,#4590,#4591,#4592));
#842=EDGE_LOOP('',(#4593,#4594,#4595,#4596,#4597,#4598,#4599));
#843=EDGE_LOOP('',(#4600,#4601,#4602,#4603));
#844=EDGE_LOOP('',(#4604,#4605,#4606,#4607));
#845=EDGE_LOOP('',(#4608,#4609,#4610,#4611,#4612,#4613,#4614));
#846=EDGE_LOOP('',(#4615,#4616,#4617,#4618));
#847=EDGE_LOOP('',(#4619,#4620,#4621,#4622));
#848=EDGE_LOOP('',(#4623,#4624,#4625,#4626,#4627,#4628,#4629));
#849=EDGE_LOOP('',(#4630,#4631,#4632,#4633,#4634,#4635,#4636));
#850=EDGE_LOOP('',(#4637,#4638,#4639,#4640));
#851=EDGE_LOOP('',(#4641,#4642,#4643,#4644));
#852=EDGE_LOOP('',(#4645,#4646,#4647,#4648));
#853=EDGE_LOOP('',(#4649,#4650,#4651,#4652,#4653));
#854=EDGE_LOOP('',(#4654,#4655,#4656,#4657));
#855=EDGE_LOOP('',(#4658,#4659,#4660,#4661));
#856=EDGE_LOOP('',(#4662,#4663,#4664,#4665,#4666,#4667,#4668));
#857=EDGE_LOOP('',(#4669,#4670,#4671,#4672));
#858=EDGE_LOOP('',(#4673,#4674,#4675,#4676));
#859=EDGE_LOOP('',(#4677,#4678,#4679,#4680));
#860=EDGE_LOOP('',(#4681,#4682,#4683,#4684,#4685,#4686,#4687));
#861=EDGE_LOOP('',(#4688,#4689,#4690,#4691));
#862=EDGE_LOOP('',(#4692,#4693,#4694,#4695,#4696,#4697,#4698,#4699));
#863=EDGE_LOOP('',(#4700,#4701,#4702,#4703));
#864=EDGE_LOOP('',(#4704,#4705,#4706,#4707));
#865=EDGE_LOOP('',(#4708,#4709,#4710,#4711));
#866=EDGE_LOOP('',(#4712,#4713,#4714,#4715,#4716,#4717,#4718));
#867=EDGE_LOOP('',(#4719,#4720,#4721,#4722));
#868=EDGE_LOOP('',(#4723,#4724,#4725,#4726));
#869=EDGE_LOOP('',(#4727,#4728,#4729,#4730,#4731));
#870=EDGE_LOOP('',(#4732,#4733,#4734,#4735));
#871=EDGE_LOOP('',(#4736,#4737,#4738,#4739));
#872=EDGE_LOOP('',(#4740,#4741,#4742,#4743));
#873=EDGE_LOOP('',(#4744,#4745,#4746,#4747));
#874=EDGE_LOOP('',(#4748,#4749,#4750,#4751));
#875=EDGE_LOOP('',(#4752,#4753,#4754,#4755));
#876=EDGE_LOOP('',(#4756,#4757,#4758,#4759));
#877=EDGE_LOOP('',(#4760,#4761,#4762,#4763));
#878=EDGE_LOOP('',(#4764,#4765,#4766,#4767));
#879=EDGE_LOOP('',(#4768,#4769,#4770,#4771));
#880=EDGE_LOOP('',(#4772,#4773,#4774,#4775));
#881=EDGE_LOOP('',(#4776,#4777,#4778,#4779));
#882=EDGE_LOOP('',(#4780,#4781,#4782,#4783));
#883=EDGE_LOOP('',(#4784,#4785,#4786,#4787,#4788,#4789,#4790,#4791));
#884=EDGE_LOOP('',(#4792,#4793,#4794,#4795));
#885=EDGE_LOOP('',(#4796,#4797,#4798,#4799));
#886=EDGE_LOOP('',(#4800,#4801,#4802,#4803));
#887=EDGE_LOOP('',(#4804,#4805,#4806,#4807));
#888=EDGE_LOOP('',(#4808,#4809,#4810,#4811,#4812,#4813,#4814,#4815,#4816,
#4817,#4818,#4819,#4820,#4821,#4822,#4823,#4824,#4825,#4826,#4827,#4828,
#4829,#4830,#4831,#4832,#4833,#4834,#4835));
#889=EDGE_LOOP('',(#4836,#4837,#4838,#4839,#4840,#4841,#4842,#4843,#4844,
#4845,#4846,#4847,#4848,#4849,#4850,#4851,#4852,#4853,#4854,#4855,#4856,
#4857,#4858,#4859,#4860,#4861,#4862,#4863,#4864));
#890=EDGE_LOOP('',(#4865,#4866,#4867,#4868));
#891=EDGE_LOOP('',(#4869,#4870,#4871,#4872));
#892=EDGE_LOOP('',(#4873,#4874,#4875,#4876));
#893=EDGE_LOOP('',(#4877,#4878,#4879,#4880));
#894=EDGE_LOOP('',(#4881,#4882,#4883,#4884,#4885));
#895=EDGE_LOOP('',(#4886,#4887,#4888,#4889,#4890,#4891));
#896=EDGE_LOOP('',(#4892,#4893,#4894,#4895,#4896,#4897));
#897=EDGE_LOOP('',(#4898,#4899,#4900,#4901));
#898=EDGE_LOOP('',(#4902,#4903,#4904,#4905));
#899=EDGE_LOOP('',(#4906,#4907,#4908));
#900=EDGE_LOOP('',(#4909,#4910,#4911,#4912,#4913,#4914,#4915,#4916,#4917));
#901=EDGE_LOOP('',(#4918,#4919,#4920,#4921,#4922,#4923,#4924,#4925,#4926));
#902=EDGE_LOOP('',(#4927,#4928,#4929,#4930));
#903=EDGE_LOOP('',(#4931,#4932,#4933,#4934,#4935,#4936,#4937,#4938));
#904=EDGE_LOOP('',(#4939,#4940,#4941,#4942));
#905=EDGE_LOOP('',(#4943,#4944,#4945,#4946));
#906=EDGE_LOOP('',(#4947,#4948,#4949,#4950));
#907=EDGE_LOOP('',(#4951,#4952,#4953,#4954));
#908=EDGE_LOOP('',(#4955,#4956,#4957,#4958));
#909=EDGE_LOOP('',(#4959,#4960,#4961,#4962));
#910=EDGE_LOOP('',(#4963,#4964,#4965,#4966));
#911=EDGE_LOOP('',(#4967,#4968,#4969,#4970));
#912=EDGE_LOOP('',(#4971,#4972,#4973,#4974));
#913=EDGE_LOOP('',(#4975,#4976,#4977,#4978));
#914=EDGE_LOOP('',(#4979,#4980,#4981,#4982));
#915=EDGE_LOOP('',(#4983,#4984,#4985,#4986));
#916=EDGE_LOOP('',(#4987,#4988,#4989,#4990,#4991));
#917=EDGE_LOOP('',(#4992,#4993,#4994,#4995,#4996,#4997,#4998,#4999));
#918=EDGE_LOOP('',(#5000,#5001,#5002,#5003,#5004,#5005,#5006,#5007,#5008,
#5009,#5010,#5011,#5012,#5013,#5014));
#919=EDGE_LOOP('',(#5015,#5016,#5017,#5018));
#920=EDGE_LOOP('',(#5019,#5020,#5021,#5022));
#921=EDGE_LOOP('',(#5023,#5024,#5025,#5026));
#922=EDGE_LOOP('',(#5027,#5028,#5029,#5030));
#923=EDGE_LOOP('',(#5031,#5032,#5033,#5034,#5035));
#924=EDGE_LOOP('',(#5036,#5037,#5038));
#925=EDGE_LOOP('',(#5039,#5040,#5041,#5042));
#926=EDGE_LOOP('',(#5043,#5044,#5045,#5046));
#927=EDGE_LOOP('',(#5047,#5048,#5049,#5050));
#928=EDGE_LOOP('',(#5051,#5052,#5053,#5054));
#929=EDGE_LOOP('',(#5055,#5056,#5057,#5058));
#930=EDGE_LOOP('',(#5059,#5060,#5061,#5062));
#931=EDGE_LOOP('',(#5063,#5064,#5065));
#932=EDGE_LOOP('',(#5066,#5067,#5068,#5069));
#933=EDGE_LOOP('',(#5070,#5071,#5072,#5073));
#934=EDGE_LOOP('',(#5074,#5075,#5076,#5077));
#935=EDGE_LOOP('',(#5078,#5079,#5080));
#936=EDGE_LOOP('',(#5081,#5082,#5083,#5084));
#937=EDGE_LOOP('',(#5085,#5086,#5087,#5088,#5089,#5090,#5091,#5092));
#938=EDGE_LOOP('',(#5093,#5094,#5095,#5096));
#939=EDGE_LOOP('',(#5097,#5098,#5099,#5100));
#940=EDGE_LOOP('',(#5101,#5102,#5103,#5104));
#941=EDGE_LOOP('',(#5105,#5106,#5107,#5108,#5109,#5110,#5111,#5112));
#942=EDGE_LOOP('',(#5113,#5114,#5115,#5116,#5117,#5118));
#943=EDGE_LOOP('',(#5119,#5120,#5121));
#944=EDGE_LOOP('',(#5122,#5123,#5124,#5125));
#945=EDGE_LOOP('',(#5126,#5127,#5128,#5129,#5130));
#946=EDGE_LOOP('',(#5131,#5132,#5133,#5134));
#947=EDGE_LOOP('',(#5135,#5136,#5137,#5138));
#948=EDGE_LOOP('',(#5139,#5140,#5141,#5142));
#949=EDGE_LOOP('',(#5143,#5144,#5145,#5146));
#950=EDGE_LOOP('',(#5147,#5148,#5149,#5150));
#951=EDGE_LOOP('',(#5151,#5152,#5153,#5154));
#952=EDGE_LOOP('',(#5155,#5156,#5157,#5158));
#953=EDGE_LOOP('',(#5159,#5160,#5161,#5162,#5163));
#954=EDGE_LOOP('',(#5164,#5165,#5166,#5167,#5168));
#955=EDGE_LOOP('',(#5169,#5170,#5171,#5172,#5173,#5174,#5175,#5176,#5177,
#5178,#5179,#5180,#5181,#5182,#5183,#5184,#5185,#5186));
#956=EDGE_LOOP('',(#5187,#5188,#5189,#5190));
#957=EDGE_LOOP('',(#5191,#5192,#5193,#5194,#5195,#5196,#5197,#5198,#5199,
#5200,#5201,#5202));
#958=EDGE_LOOP('',(#5203,#5204,#5205,#5206));
#959=EDGE_LOOP('',(#5207,#5208,#5209,#5210));
#960=EDGE_LOOP('',(#5211,#5212,#5213,#5214,#5215));
#961=EDGE_LOOP('',(#5216,#5217,#5218,#5219));
#962=EDGE_LOOP('',(#5220,#5221,#5222,#5223,#5224,#5225,#5226,#5227));
#963=EDGE_LOOP('',(#5228,#5229,#5230,#5231,#5232,#5233,#5234,#5235));
#964=EDGE_LOOP('',(#5236,#5237,#5238,#5239));
#965=EDGE_LOOP('',(#5240,#5241,#5242,#5243));
#966=EDGE_LOOP('',(#5244,#5245,#5246,#5247));
#967=EDGE_LOOP('',(#5248,#5249,#5250,#5251));
#968=EDGE_LOOP('',(#5252,#5253,#5254,#5255));
#969=EDGE_LOOP('',(#5256,#5257,#5258,#5259));
#970=EDGE_LOOP('',(#5260,#5261,#5262,#5263));
#971=EDGE_LOOP('',(#5264,#5265,#5266,#5267));
#972=EDGE_LOOP('',(#5268,#5269,#5270,#5271));
#973=EDGE_LOOP('',(#5272,#5273,#5274,#5275));
#974=EDGE_LOOP('',(#5276,#5277,#5278,#5279,#5280,#5281,#5282,#5283,#5284,
#5285,#5286,#5287));
#975=EDGE_LOOP('',(#5288,#5289,#5290,#5291));
#976=EDGE_LOOP('',(#5292,#5293,#5294,#5295));
#977=EDGE_LOOP('',(#5296,#5297,#5298,#5299));
#978=EDGE_LOOP('',(#5300,#5301,#5302));
#979=EDGE_LOOP('',(#5303,#5304,#5305,#5306,#5307));
#980=EDGE_LOOP('',(#5308,#5309,#5310,#5311,#5312));
#981=EDGE_LOOP('',(#5313,#5314,#5315,#5316));
#982=EDGE_LOOP('',(#5317,#5318,#5319,#5320));
#983=EDGE_LOOP('',(#5321,#5322,#5323,#5324));
#984=EDGE_LOOP('',(#5325,#5326,#5327,#5328,#5329));
#985=EDGE_LOOP('',(#5330,#5331,#5332,#5333));
#986=EDGE_LOOP('',(#5334,#5335,#5336,#5337,#5338,#5339,#5340,#5341,#5342));
#987=EDGE_LOOP('',(#5343,#5344,#5345,#5346,#5347,#5348,#5349,#5350));
#988=EDGE_LOOP('',(#5351));
#989=EDGE_LOOP('',(#5352));
#990=EDGE_LOOP('',(#5353,#5354,#5355,#5356));
#991=EDGE_LOOP('',(#5357));
#992=EDGE_LOOP('',(#5358,#5359,#5360,#5361));
#993=EDGE_LOOP('',(#5362,#5363,#5364,#5365));
#994=EDGE_LOOP('',(#5366,#5367,#5368,#5369));
#995=EDGE_LOOP('',(#5370,#5371,#5372,#5373));
#996=EDGE_LOOP('',(#5374,#5375,#5376,#5377));
#997=EDGE_LOOP('',(#5378,#5379,#5380,#5381));
#998=EDGE_LOOP('',(#5382,#5383,#5384,#5385));
#999=EDGE_LOOP('',(#5386,#5387,#5388,#5389));
#1000=EDGE_LOOP('',(#5390,#5391,#5392,#5393));
#1001=EDGE_LOOP('',(#5394,#5395,#5396,#5397,#5398));
#1002=EDGE_LOOP('',(#5399,#5400,#5401,#5402));
#1003=EDGE_LOOP('',(#5403,#5404,#5405,#5406));
#1004=EDGE_LOOP('',(#5407,#5408,#5409,#5410));
#1005=EDGE_LOOP('',(#5411,#5412,#5413,#5414,#5415,#5416,#5417,#5418,#5419,
#5420));
#1006=EDGE_LOOP('',(#5421,#5422,#5423,#5424,#5425,#5426,#5427,#5428));
#1007=EDGE_LOOP('',(#5429));
#1008=EDGE_LOOP('',(#5430));
#1009=EDGE_LOOP('',(#5431));
#1010=EDGE_LOOP('',(#5432,#5433,#5434,#5435,#5436,#5437,#5438,#5439));
#1011=EDGE_LOOP('',(#5440,#5441,#5442,#5443));
#1012=EDGE_LOOP('',(#5444,#5445,#5446,#5447));
#1013=EDGE_LOOP('',(#5448,#5449,#5450,#5451));
#1014=EDGE_LOOP('',(#5452,#5453,#5454,#5455));
#1015=EDGE_LOOP('',(#5456,#5457,#5458,#5459));
#1016=EDGE_LOOP('',(#5460,#5461,#5462,#5463));
#1017=EDGE_LOOP('',(#5464,#5465,#5466,#5467));
#1018=EDGE_LOOP('',(#5468,#5469,#5470,#5471));
#1019=EDGE_LOOP('',(#5472,#5473,#5474,#5475));
#1020=EDGE_LOOP('',(#5476,#5477,#5478,#5479));
#1021=EDGE_LOOP('',(#5480,#5481,#5482,#5483));
#1022=EDGE_LOOP('',(#5484,#5485,#5486,#5487));
#1023=EDGE_LOOP('',(#5488,#5489,#5490,#5491,#5492));
#1024=EDGE_LOOP('',(#5493,#5494,#5495,#5496));
#1025=EDGE_LOOP('',(#5497,#5498,#5499,#5500,#5501));
#1026=EDGE_LOOP('',(#5502,#5503,#5504,#5505));
#1027=EDGE_LOOP('',(#5506,#5507,#5508,#5509,#5510,#5511,#5512,#5513));
#1028=EDGE_LOOP('',(#5514,#5515,#5516,#5517,#5518,#5519));
#1029=EDGE_LOOP('',(#5520,#5521,#5522,#5523,#5524,#5525));
#1030=EDGE_LOOP('',(#5526,#5527,#5528,#5529));
#1031=EDGE_LOOP('',(#5530,#5531,#5532,#5533,#5534));
#1032=EDGE_LOOP('',(#5535,#5536,#5537,#5538));
#1033=EDGE_LOOP('',(#5539,#5540,#5541,#5542,#5543));
#1034=EDGE_LOOP('',(#5544,#5545,#5546,#5547));
#1035=EDGE_LOOP('',(#5548,#5549,#5550,#5551));
#1036=EDGE_LOOP('',(#5552,#5553,#5554,#5555));
#1037=EDGE_LOOP('',(#5556,#5557,#5558,#5559));
#1038=EDGE_LOOP('',(#5560,#5561,#5562,#5563));
#1039=EDGE_LOOP('',(#5564,#5565,#5566,#5567));
#1040=EDGE_LOOP('',(#5568,#5569,#5570,#5571));
#1041=EDGE_LOOP('',(#5572,#5573,#5574,#5575));
#1042=EDGE_LOOP('',(#5576,#5577,#5578,#5579));
#1043=EDGE_LOOP('',(#5580,#5581,#5582,#5583));
#1044=EDGE_LOOP('',(#5584,#5585,#5586,#5587));
#1045=EDGE_LOOP('',(#5588,#5589,#5590,#5591));
#1046=EDGE_LOOP('',(#5592,#5593,#5594,#5595));
#1047=EDGE_LOOP('',(#5596,#5597,#5598,#5599));
#1048=EDGE_LOOP('',(#5600,#5601,#5602,#5603));
#1049=EDGE_LOOP('',(#5604,#5605,#5606,#5607));
#1050=EDGE_LOOP('',(#5608,#5609,#5610,#5611));
#1051=EDGE_LOOP('',(#5612,#5613,#5614,#5615));
#1052=EDGE_LOOP('',(#5616,#5617,#5618,#5619));
#1053=EDGE_LOOP('',(#5620,#5621,#5622,#5623));
#1054=EDGE_LOOP('',(#5624,#5625,#5626,#5627));
#1055=EDGE_LOOP('',(#5628,#5629,#5630,#5631));
#1056=EDGE_LOOP('',(#5632,#5633,#5634,#5635));
#1057=EDGE_LOOP('',(#5636,#5637,#5638,#5639));
#1058=EDGE_LOOP('',(#5640,#5641,#5642,#5643,#5644));
#1059=EDGE_LOOP('',(#5645,#5646,#5647,#5648,#5649,#5650,#5651,#5652));
#1060=EDGE_LOOP('',(#5653,#5654,#5655,#5656));
#1061=EDGE_LOOP('',(#5657,#5658,#5659,#5660));
#1062=EDGE_LOOP('',(#5661,#5662,#5663,#5664));
#1063=EDGE_LOOP('',(#5665,#5666,#5667,#5668));
#1064=EDGE_LOOP('',(#5669,#5670,#5671,#5672,#5673,#5674,#5675,#5676,#5677));
#1065=EDGE_LOOP('',(#5678,#5679,#5680,#5681,#5682));
#1066=EDGE_LOOP('',(#5683,#5684,#5685,#5686,#5687,#5688,#5689,#5690,#5691,
#5692));
#1067=EDGE_LOOP('',(#5693,#5694,#5695,#5696,#5697));
#1068=EDGE_LOOP('',(#5698,#5699,#5700));
#1069=EDGE_LOOP('',(#5701,#5702,#5703,#5704));
#1070=EDGE_LOOP('',(#5705,#5706,#5707,#5708));
#1071=EDGE_LOOP('',(#5709,#5710,#5711,#5712));
#1072=EDGE_LOOP('',(#5713,#5714,#5715,#5716));
#1073=EDGE_LOOP('',(#5717,#5718,#5719,#5720));
#1074=EDGE_LOOP('',(#5721,#5722,#5723,#5724));
#1075=EDGE_LOOP('',(#5725,#5726,#5727,#5728));
#1076=EDGE_LOOP('',(#5729,#5730,#5731,#5732));
#1077=EDGE_LOOP('',(#5733,#5734,#5735,#5736));
#1078=EDGE_LOOP('',(#5737,#5738,#5739,#5740));
#1079=EDGE_LOOP('',(#5741,#5742,#5743,#5744));
#1080=EDGE_LOOP('',(#5745,#5746,#5747,#5748));
#1081=EDGE_LOOP('',(#5749,#5750,#5751,#5752));
#1082=EDGE_LOOP('',(#5753,#5754,#5755,#5756));
#1083=EDGE_LOOP('',(#5757,#5758,#5759,#5760));
#1084=EDGE_LOOP('',(#5761,#5762,#5763,#5764));
#1085=EDGE_LOOP('',(#5765,#5766,#5767,#5768));
#1086=EDGE_LOOP('',(#5769,#5770,#5771,#5772));
#1087=EDGE_LOOP('',(#5773,#5774,#5775,#5776));
#1088=EDGE_LOOP('',(#5777,#5778,#5779,#5780));
#1089=EDGE_LOOP('',(#5781,#5782,#5783,#5784,#5785,#5786,#5787,#5788));
#1090=EDGE_LOOP('',(#5789,#5790,#5791,#5792,#5793,#5794,#5795,#5796));
#1091=EDGE_LOOP('',(#5797,#5798,#5799,#5800));
#1092=EDGE_LOOP('',(#5801,#5802,#5803,#5804));
#1093=EDGE_LOOP('',(#5805,#5806,#5807,#5808));
#1094=EDGE_LOOP('',(#5809,#5810,#5811,#5812));
#1095=EDGE_LOOP('',(#5813,#5814,#5815,#5816));
#1096=EDGE_LOOP('',(#5817,#5818,#5819,#5820));
#1097=EDGE_LOOP('',(#5821,#5822,#5823,#5824,#5825,#5826,#5827,#5828,#5829,
#5830,#5831,#5832,#5833,#5834,#5835,#5836,#5837,#5838,#5839,#5840,#5841,
#5842,#5843,#5844,#5845,#5846,#5847,#5848,#5849,#5850,#5851));
#1098=EDGE_LOOP('',(#5852,#5853));
#1099=EDGE_LOOP('',(#5854,#5855));
#1100=EDGE_LOOP('',(#5856,#5857,#5858,#5859));
#1101=EDGE_LOOP('',(#5860,#5861,#5862,#5863));
#1102=EDGE_LOOP('',(#5864,#5865,#5866,#5867));
#1103=EDGE_LOOP('',(#5868,#5869,#5870,#5871));
#1104=EDGE_LOOP('',(#5872,#5873,#5874,#5875));
#1105=EDGE_LOOP('',(#5876,#5877,#5878,#5879));
#1106=EDGE_LOOP('',(#5880,#5881,#5882,#5883));
#1107=EDGE_LOOP('',(#5884,#5885,#5886,#5887));
#1108=EDGE_LOOP('',(#5888,#5889,#5890,#5891));
#1109=EDGE_LOOP('',(#5892,#5893,#5894,#5895));
#1110=EDGE_LOOP('',(#5896,#5897,#5898,#5899));
#1111=EDGE_LOOP('',(#5900,#5901,#5902,#5903));
#1112=EDGE_LOOP('',(#5904,#5905,#5906,#5907));
#1113=EDGE_LOOP('',(#5908,#5909,#5910,#5911));
#1114=EDGE_LOOP('',(#5912,#5913,#5914,#5915));
#1115=EDGE_LOOP('',(#5916,#5917,#5918,#5919));
#1116=EDGE_LOOP('',(#5920,#5921,#5922,#5923));
#1117=EDGE_LOOP('',(#5924,#5925,#5926,#5927));
#1118=EDGE_LOOP('',(#5928,#5929,#5930,#5931));
#1119=EDGE_LOOP('',(#5932,#5933,#5934,#5935));
#1120=EDGE_LOOP('',(#5936,#5937,#5938,#5939));
#1121=EDGE_LOOP('',(#5940,#5941,#5942,#5943));
#1122=EDGE_LOOP('',(#5944,#5945,#5946,#5947));
#1123=EDGE_LOOP('',(#5948,#5949,#5950,#5951));
#1124=EDGE_LOOP('',(#5952,#5953,#5954,#5955));
#1125=EDGE_LOOP('',(#5956,#5957,#5958,#5959));
#1126=EDGE_LOOP('',(#5960,#5961,#5962,#5963));
#1127=EDGE_LOOP('',(#5964,#5965,#5966,#5967));
#1128=EDGE_LOOP('',(#5968,#5969,#5970,#5971));
#1129=EDGE_LOOP('',(#5972,#5973,#5974,#5975));
#1130=EDGE_LOOP('',(#5976,#5977,#5978,#5979));
#1131=EDGE_LOOP('',(#5980,#5981,#5982,#5983));
#1132=EDGE_LOOP('',(#5984,#5985,#5986,#5987));
#1133=EDGE_LOOP('',(#5988,#5989,#5990,#5991));
#1134=EDGE_LOOP('',(#5992,#5993,#5994,#5995));
#1135=EDGE_LOOP('',(#5996,#5997));
#1136=EDGE_LOOP('',(#5998,#5999,#6000));
#1137=EDGE_LOOP('',(#6001,#6002));
#1138=EDGE_LOOP('',(#6003,#6004,#6005,#6006,#6007,#6008,#6009,#6010,#6011,
#6012,#6013,#6014));
#1139=EDGE_LOOP('',(#6015,#6016,#6017,#6018));
#1140=EDGE_LOOP('',(#6019,#6020,#6021,#6022));
#1141=EDGE_LOOP('',(#6023,#6024,#6025,#6026));
#1142=EDGE_LOOP('',(#6027,#6028,#6029,#6030));
#1143=EDGE_LOOP('',(#6031,#6032,#6033,#6034));
#1144=EDGE_LOOP('',(#6035,#6036,#6037,#6038));
#1145=EDGE_LOOP('',(#6039,#6040,#6041,#6042));
#1146=EDGE_LOOP('',(#6043,#6044,#6045,#6046));
#1147=EDGE_LOOP('',(#6047,#6048,#6049,#6050));
#1148=EDGE_LOOP('',(#6051,#6052,#6053,#6054));
#1149=EDGE_LOOP('',(#6055,#6056,#6057,#6058));
#1150=EDGE_LOOP('',(#6059,#6060,#6061,#6062));
#1151=EDGE_LOOP('',(#6063,#6064,#6065,#6066));
#1152=EDGE_LOOP('',(#6067,#6068,#6069,#6070));
#1153=EDGE_LOOP('',(#6071,#6072,#6073,#6074));
#1154=EDGE_LOOP('',(#6075,#6076,#6077,#6078,#6079));
#1155=EDGE_LOOP('',(#6080,#6081,#6082,#6083,#6084,#6085,#6086,#6087,#6088,
#6089));
#1156=EDGE_LOOP('',(#6090,#6091,#6092,#6093));
#1157=EDGE_LOOP('',(#6094,#6095,#6096,#6097,#6098,#6099,#6100,#6101));
#1158=EDGE_LOOP('',(#6102,#6103,#6104,#6105));
#1159=EDGE_LOOP('',(#6106,#6107,#6108,#6109,#6110));
#1160=EDGE_LOOP('',(#6111,#6112,#6113,#6114,#6115,#6116,#6117,#6118));
#1161=EDGE_LOOP('',(#6119,#6120,#6121,#6122));
#1162=EDGE_LOOP('',(#6123,#6124,#6125,#6126,#6127,#6128,#6129));
#1163=EDGE_LOOP('',(#6130,#6131,#6132,#6133,#6134));
#1164=EDGE_LOOP('',(#6135,#6136,#6137));
#1165=EDGE_LOOP('',(#6138,#6139,#6140,#6141));
#1166=EDGE_LOOP('',(#6142,#6143,#6144));
#1167=EDGE_LOOP('',(#6145,#6146,#6147,#6148));
#1168=EDGE_LOOP('',(#6149,#6150,#6151,#6152,#6153));
#1169=EDGE_LOOP('',(#6154,#6155,#6156,#6157,#6158,#6159,#6160,#6161,#6162,
#6163));
#1170=EDGE_LOOP('',(#6164,#6165,#6166,#6167,#6168));
#1171=EDGE_LOOP('',(#6169,#6170,#6171,#6172));
#1172=EDGE_LOOP('',(#6173,#6174,#6175,#6176));
#1173=EDGE_LOOP('',(#6177,#6178,#6179,#6180));
#1174=EDGE_LOOP('',(#6181,#6182,#6183,#6184,#6185,#6186,#6187,#6188));
#1175=EDGE_LOOP('',(#6189,#6190,#6191,#6192));
#1176=EDGE_LOOP('',(#6193,#6194,#6195,#6196));
#1177=EDGE_LOOP('',(#6197,#6198,#6199,#6200));
#1178=EDGE_LOOP('',(#6201,#6202,#6203,#6204));
#1179=EDGE_LOOP('',(#6205,#6206,#6207,#6208,#6209));
#1180=EDGE_LOOP('',(#6210,#6211,#6212,#6213));
#1181=EDGE_LOOP('',(#6214,#6215,#6216,#6217,#6218));
#1182=EDGE_LOOP('',(#6219,#6220,#6221,#6222));
#1183=EDGE_LOOP('',(#6223,#6224,#6225,#6226,#6227,#6228,#6229,#6230,#6231,
#6232,#6233,#6234,#6235,#6236,#6237,#6238,#6239,#6240,#6241,#6242,#6243,
#6244,#6245,#6246,#6247,#6248,#6249,#6250));
#1184=EDGE_LOOP('',(#6251,#6252,#6253,#6254,#6255,#6256,#6257,#6258,#6259,
#6260,#6261,#6262));
#1185=EDGE_LOOP('',(#6263,#6264,#6265,#6266));
#1186=EDGE_LOOP('',(#6267,#6268,#6269));
#1187=EDGE_LOOP('',(#6270,#6271,#6272,#6273));
#1188=EDGE_LOOP('',(#6274,#6275,#6276));
#1189=EDGE_LOOP('',(#6277,#6278,#6279,#6280));
#1190=EDGE_LOOP('',(#6281,#6282,#6283,#6284));
#1191=EDGE_LOOP('',(#6285,#6286,#6287,#6288));
#1192=EDGE_LOOP('',(#6289,#6290,#6291,#6292,#6293,#6294,#6295,#6296,#6297));
#1193=EDGE_LOOP('',(#6298,#6299,#6300,#6301,#6302));
#1194=EDGE_LOOP('',(#6303,#6304,#6305,#6306,#6307,#6308,#6309,#6310,#6311,
#6312,#6313));
#1195=EDGE_LOOP('',(#6314,#6315,#6316));
#1196=EDGE_LOOP('',(#6317,#6318,#6319));
#1197=EDGE_LOOP('',(#6320,#6321,#6322,#6323));
#1198=EDGE_LOOP('',(#6324,#6325,#6326,#6327));
#1199=EDGE_LOOP('',(#6328,#6329,#6330,#6331));
#1200=EDGE_LOOP('',(#6332,#6333,#6334));
#1201=EDGE_LOOP('',(#6335,#6336,#6337,#6338));
#1202=EDGE_LOOP('',(#6339,#6340,#6341,#6342,#6343,#6344,#6345,#6346,#6347,
#6348,#6349,#6350,#6351,#6352,#6353,#6354,#6355,#6356,#6357,#6358,#6359,
#6360,#6361,#6362,#6363,#6364,#6365,#6366,#6367,#6368,#6369,#6370,#6371,
#6372,#6373,#6374,#6375,#6376,#6377,#6378,#6379,#6380));
#1203=EDGE_LOOP('',(#6381,#6382,#6383,#6384));
#1204=EDGE_LOOP('',(#6385,#6386,#6387,#6388));
#1205=EDGE_LOOP('',(#6389,#6390,#6391,#6392));
#1206=EDGE_LOOP('',(#6393,#6394,#6395,#6396));
#1207=EDGE_LOOP('',(#6397,#6398,#6399,#6400));
#1208=EDGE_LOOP('',(#6401,#6402,#6403,#6404));
#1209=EDGE_LOOP('',(#6405,#6406,#6407,#6408));
#1210=EDGE_LOOP('',(#6409,#6410,#6411,#6412));
#1211=EDGE_LOOP('',(#6413,#6414,#6415,#6416));
#1212=EDGE_LOOP('',(#6417,#6418,#6419,#6420));
#1213=EDGE_LOOP('',(#6421,#6422,#6423,#6424));
#1214=EDGE_LOOP('',(#6425,#6426,#6427,#6428));
#1215=EDGE_LOOP('',(#6429,#6430,#6431,#6432));
#1216=EDGE_LOOP('',(#6433,#6434,#6435,#6436));
#1217=EDGE_LOOP('',(#6437,#6438,#6439,#6440));
#1218=EDGE_LOOP('',(#6441,#6442,#6443,#6444));
#1219=EDGE_LOOP('',(#6445,#6446,#6447,#6448));
#1220=EDGE_LOOP('',(#6449,#6450,#6451,#6452,#6453));
#1221=EDGE_LOOP('',(#6454,#6455,#6456,#6457,#6458));
#1222=EDGE_LOOP('',(#6459,#6460,#6461,#6462));
#1223=EDGE_LOOP('',(#6463,#6464,#6465,#6466,#6467,#6468,#6469));
#1224=EDGE_LOOP('',(#6470,#6471,#6472,#6473,#6474));
#1225=EDGE_LOOP('',(#6475,#6476,#6477,#6478,#6479));
#1226=EDGE_LOOP('',(#6480,#6481,#6482,#6483));
#1227=EDGE_LOOP('',(#6484,#6485,#6486,#6487));
#1228=EDGE_LOOP('',(#6488,#6489,#6490));
#1229=EDGE_LOOP('',(#6491,#6492,#6493,#6494));
#1230=EDGE_LOOP('',(#6495,#6496,#6497,#6498));
#1231=EDGE_LOOP('',(#6499,#6500,#6501,#6502));
#1232=EDGE_LOOP('',(#6503,#6504,#6505,#6506));
#1233=EDGE_LOOP('',(#6507,#6508,#6509,#6510));
#1234=EDGE_LOOP('',(#6511,#6512,#6513,#6514,#6515));
#1235=EDGE_LOOP('',(#6516,#6517,#6518,#6519,#6520));
#1236=EDGE_LOOP('',(#6521,#6522,#6523,#6524,#6525,#6526,#6527,#6528));
#1237=EDGE_LOOP('',(#6529,#6530,#6531,#6532));
#1238=EDGE_LOOP('',(#6533,#6534,#6535,#6536));
#1239=EDGE_LOOP('',(#6537,#6538,#6539,#6540));
#1240=EDGE_LOOP('',(#6541,#6542,#6543,#6544));
#1241=EDGE_LOOP('',(#6545,#6546,#6547,#6548));
#1242=EDGE_LOOP('',(#6549,#6550,#6551,#6552));
#1243=EDGE_LOOP('',(#6553,#6554,#6555,#6556));
#1244=EDGE_LOOP('',(#6557,#6558,#6559,#6560));
#1245=EDGE_LOOP('',(#6561,#6562,#6563,#6564));
#1246=EDGE_LOOP('',(#6565,#6566,#6567,#6568));
#1247=EDGE_LOOP('',(#6569,#6570,#6571,#6572));
#1248=EDGE_LOOP('',(#6573,#6574,#6575,#6576));
#1249=EDGE_LOOP('',(#6577,#6578,#6579,#6580));
#1250=EDGE_LOOP('',(#6581,#6582,#6583,#6584));
#1251=EDGE_LOOP('',(#6585,#6586,#6587));
#1252=EDGE_LOOP('',(#6588,#6589,#6590,#6591));
#1253=EDGE_LOOP('',(#6592,#6593,#6594,#6595));
#1254=EDGE_LOOP('',(#6596,#6597,#6598,#6599));
#1255=EDGE_LOOP('',(#6600,#6601,#6602,#6603));
#1256=EDGE_LOOP('',(#6604,#6605,#6606,#6607));
#1257=EDGE_LOOP('',(#6608,#6609,#6610,#6611));
#1258=EDGE_LOOP('',(#6612,#6613,#6614,#6615));
#1259=EDGE_LOOP('',(#6616));
#1260=EDGE_LOOP('',(#6617));
#1261=EDGE_LOOP('',(#6618,#6619,#6620,#6621));
#1262=EDGE_LOOP('',(#6622,#6623,#6624,#6625));
#1263=EDGE_LOOP('',(#6626,#6627,#6628,#6629));
#1264=EDGE_LOOP('',(#6630,#6631,#6632,#6633));
#1265=EDGE_LOOP('',(#6634,#6635,#6636,#6637));
#1266=LINE('',#9841,#1954);
#1267=LINE('',#9844,#1955);
#1268=LINE('',#9847,#1956);
#1269=LINE('',#9849,#1957);
#1270=LINE('',#9850,#1958);
#1271=LINE('',#9853,#1959);
#1272=LINE('',#9855,#1960);
#1273=LINE('',#9857,#1961);
#1274=LINE('',#9860,#1962);
#1275=LINE('',#9866,#1963);
#1276=LINE('',#9869,#1964);
#1277=LINE('',#9872,#1965);
#1278=LINE('',#9874,#1966);
#1279=LINE('',#9875,#1967);
#1280=LINE('',#9878,#1968);
#1281=LINE('',#9880,#1969);
#1282=LINE('',#9882,#1970);
#1283=LINE('',#9885,#1971);
#1284=LINE('',#9891,#1972);
#1285=LINE('',#9894,#1973);
#1286=LINE('',#9897,#1974);
#1287=LINE('',#9899,#1975);
#1288=LINE('',#9900,#1976);
#1289=LINE('',#9903,#1977);
#1290=LINE('',#9905,#1978);
#1291=LINE('',#9907,#1979);
#1292=LINE('',#9910,#1980);
#1293=LINE('',#9916,#1981);
#1294=LINE('',#9919,#1982);
#1295=LINE('',#9922,#1983);
#1296=LINE('',#9924,#1984);
#1297=LINE('',#9925,#1985);
#1298=LINE('',#9928,#1986);
#1299=LINE('',#9930,#1987);
#1300=LINE('',#9934,#1988);
#1301=LINE('',#9935,#1989);
#1302=LINE('',#9938,#1990);
#1303=LINE('',#9942,#1991);
#1304=LINE('',#9944,#1992);
#1305=LINE('',#9945,#1993);
#1306=LINE('',#9947,#1994);
#1307=LINE('',#9948,#1995);
#1308=LINE('',#9950,#1996);
#1309=LINE('',#9954,#1997);
#1310=LINE('',#9958,#1998);
#1311=LINE('',#9959,#1999);
#1312=LINE('',#9962,#2000);
#1313=LINE('',#9964,#2001);
#1314=LINE('',#9965,#2002);
#1315=LINE('',#9968,#2003);
#1316=LINE('',#9969,#2004);
#1317=LINE('',#9971,#2005);
#1318=LINE('',#9974,#2006);
#1319=LINE('',#9978,#2007);
#1320=LINE('',#9980,#2008);
#1321=LINE('',#9981,#2009);
#1322=LINE('',#9984,#2010);
#1323=LINE('',#9985,#2011);
#1324=LINE('',#9988,#2012);
#1325=LINE('',#9990,#2013);
#1326=LINE('',#9994,#2014);
#1327=LINE('',#9998,#2015);
#1328=LINE('',#10001,#2016);
#1329=LINE('',#10004,#2017);
#1330=LINE('',#10005,#2018);
#1331=LINE('',#10008,#2019);
#1332=LINE('',#10010,#2020);
#1333=LINE('',#10011,#2021);
#1334=LINE('',#10014,#2022);
#1335=LINE('',#10015,#2023);
#1336=LINE('',#10018,#2024);
#1337=LINE('',#10020,#2025);
#1338=LINE('',#10024,#2026);
#1339=LINE('',#10026,#2027);
#1340=LINE('',#10027,#2028);
#1341=LINE('',#10030,#2029);
#1342=LINE('',#10032,#2030);
#1343=LINE('',#10035,#2031);
#1344=LINE('',#10041,#2032);
#1345=LINE('',#10044,#2033);
#1346=LINE('',#10055,#2034);
#1347=LINE('',#10056,#2035);
#1348=LINE('',#10067,#2036);
#1349=LINE('',#10068,#2037);
#1350=LINE('',#10079,#2038);
#1351=LINE('',#10080,#2039);
#1352=LINE('',#10086,#2040);
#1353=LINE('',#10089,#2041);
#1354=LINE('',#10092,#2042);
#1355=LINE('',#10093,#2043);
#1356=LINE('',#10096,#2044);
#1357=LINE('',#10100,#2045);
#1358=LINE('',#10101,#2046);
#1359=LINE('',#10105,#2047);
#1360=LINE('',#10107,#2048);
#1361=LINE('',#10109,#2049);
#1362=LINE('',#10110,#2050);
#1363=LINE('',#10114,#2051);
#1364=LINE('',#10116,#2052);
#1365=LINE('',#10118,#2053);
#1366=LINE('',#10119,#2054);
#1367=LINE('',#10122,#2055);
#1368=LINE('',#10124,#2056);
#1369=LINE('',#10125,#2057);
#1370=LINE('',#10128,#2058);
#1371=LINE('',#10130,#2059);
#1372=LINE('',#10131,#2060);
#1373=LINE('',#10134,#2061);
#1374=LINE('',#10136,#2062);
#1375=LINE('',#10137,#2063);
#1376=LINE('',#10140,#2064);
#1377=LINE('',#10142,#2065);
#1378=LINE('',#10144,#2066);
#1379=LINE('',#10146,#2067);
#1380=LINE('',#10148,#2068);
#1381=LINE('',#10152,#2069);
#1382=LINE('',#10154,#2070);
#1383=LINE('',#10156,#2071);
#1384=LINE('',#10158,#2072);
#1385=LINE('',#10160,#2073);
#1386=LINE('',#10162,#2074);
#1387=LINE('',#10164,#2075);
#1388=LINE('',#10166,#2076);
#1389=LINE('',#10174,#2077);
#1390=LINE('',#10178,#2078);
#1391=LINE('',#10180,#2079);
#1392=LINE('',#10182,#2080);
#1393=LINE('',#10185,#2081);
#1394=LINE('',#10188,#2082);
#1395=LINE('',#10192,#2083);
#1396=LINE('',#10194,#2084);
#1397=LINE('',#10196,#2085);
#1398=LINE('',#10202,#2086);
#1399=LINE('',#10210,#2087);
#1400=LINE('',#10212,#2088);
#1401=LINE('',#10214,#2089);
#1402=LINE('',#10216,#2090);
#1403=LINE('',#10218,#2091);
#1404=LINE('',#10220,#2092);
#1405=LINE('',#10222,#2093);
#1406=LINE('',#10224,#2094);
#1407=LINE('',#10228,#2095);
#1408=LINE('',#10230,#2096);
#1409=LINE('',#10232,#2097);
#1410=LINE('',#10234,#2098);
#1411=LINE('',#10235,#2099);
#1412=LINE('',#10241,#2100);
#1413=LINE('',#10244,#2101);
#1414=LINE('',#10338,#2102);
#1415=LINE('',#10339,#2103);
#1416=LINE('',#10342,#2104);
#1417=LINE('',#10350,#2105);
#1418=LINE('',#10353,#2106);
#1419=LINE('',#10355,#2107);
#1420=LINE('',#10370,#2108);
#1421=LINE('',#10371,#2109);
#1422=LINE('',#10386,#2110);
#1423=LINE('',#10388,#2111);
#1424=LINE('',#10390,#2112);
#1425=LINE('',#10394,#2113);
#1426=LINE('',#10395,#2114);
#1427=LINE('',#10398,#2115);
#1428=LINE('',#10400,#2116);
#1429=LINE('',#10401,#2117);
#1430=LINE('',#10402,#2118);
#1431=LINE('',#10403,#2119);
#1432=LINE('',#10406,#2120);
#1433=LINE('',#10411,#2121);
#1434=LINE('',#10413,#2122);
#1435=LINE('',#10414,#2123);
#1436=LINE('',#10420,#2124);
#1437=LINE('',#10423,#2125);
#1438=LINE('',#10434,#2126);
#1439=LINE('',#10435,#2127);
#1440=LINE('',#10446,#2128);
#1441=LINE('',#10447,#2129);
#1442=LINE('',#10458,#2130);
#1443=LINE('',#10459,#2131);
#1444=LINE('',#10465,#2132);
#1445=LINE('',#10468,#2133);
#1446=LINE('',#10471,#2134);
#1447=LINE('',#10472,#2135);
#1448=LINE('',#10475,#2136);
#1449=LINE('',#10479,#2137);
#1450=LINE('',#10481,#2138);
#1451=LINE('',#10486,#2139);
#1452=LINE('',#10490,#2140);
#1453=LINE('',#10493,#2141);
#1454=LINE('',#10496,#2142);
#1455=LINE('',#10498,#2143);
#1456=LINE('',#10499,#2144);
#1457=LINE('',#10504,#2145);
#1458=LINE('',#10505,#2146);
#1459=LINE('',#10512,#2147);
#1460=LINE('',#10513,#2148);
#1461=LINE('',#10532,#2149);
#1462=LINE('',#10535,#2150);
#1463=LINE('',#10536,#2151);
#1464=LINE('',#10567,#2152);
#1465=LINE('',#10568,#2153);
#1466=LINE('',#10570,#2154);
#1467=LINE('',#10571,#2155);
#1468=LINE('',#10574,#2156);
#1469=LINE('',#10576,#2157);
#1470=LINE('',#10585,#2158);
#1471=LINE('',#10589,#2159);
#1472=LINE('',#10604,#2160);
#1473=LINE('',#10605,#2161);
#1474=LINE('',#10607,#2162);
#1475=LINE('',#10608,#2163);
#1476=LINE('',#10611,#2164);
#1477=LINE('',#10614,#2165);
#1478=LINE('',#10616,#2166);
#1479=LINE('',#10617,#2167);
#1480=LINE('',#10619,#2168);
#1481=LINE('',#10621,#2169);
#1482=LINE('',#10622,#2170);
#1483=LINE('',#10624,#2171);
#1484=LINE('',#10625,#2172);
#1485=LINE('',#10627,#2173);
#1486=LINE('',#10628,#2174);
#1487=LINE('',#10631,#2175);
#1488=LINE('',#10632,#2176);
#1489=LINE('',#10634,#2177);
#1490=LINE('',#10635,#2178);
#1491=LINE('',#10636,#2179);
#1492=LINE('',#10638,#2180);
#1493=LINE('',#10641,#2181);
#1494=LINE('',#10643,#2182);
#1495=LINE('',#10646,#2183);
#1496=LINE('',#10648,#2184);
#1497=LINE('',#10652,#2185);
#1498=LINE('',#10653,#2186);
#1499=LINE('',#10656,#2187);
#1500=LINE('',#10658,#2188);
#1501=LINE('',#10662,#2189);
#1502=LINE('',#10663,#2190);
#1503=LINE('',#10667,#2191);
#1504=LINE('',#10668,#2192);
#1505=LINE('',#10669,#2193);
#1506=LINE('',#10671,#2194);
#1507=LINE('',#10672,#2195);
#1508=LINE('',#10674,#2196);
#1509=LINE('',#10676,#2197);
#1510=LINE('',#10679,#2198);
#1511=LINE('',#10681,#2199);
#1512=LINE('',#10683,#2200);
#1513=LINE('',#10686,#2201);
#1514=LINE('',#10688,#2202);
#1515=LINE('',#10690,#2203);
#1516=LINE('',#10699,#2204);
#1517=LINE('',#10701,#2205);
#1518=LINE('',#10705,#2206);
#1519=LINE('',#10707,#2207);
#1520=LINE('',#10713,#2208);
#1521=LINE('',#10717,#2209);
#1522=LINE('',#10721,#2210);
#1523=LINE('',#10725,#2211);
#1524=LINE('',#10727,#2212);
#1525=LINE('',#10728,#2213);
#1526=LINE('',#10731,#2214);
#1527=LINE('',#10735,#2215);
#1528=LINE('',#10739,#2216);
#1529=LINE('',#10743,#2217);
#1530=LINE('',#10751,#2218);
#1531=LINE('',#10753,#2219);
#1532=LINE('',#10755,#2220);
#1533=LINE('',#10756,#2221);
#1534=LINE('',#10761,#2222);
#1535=LINE('',#10763,#2223);
#1536=LINE('',#10765,#2224);
#1537=LINE('',#10766,#2225);
#1538=LINE('',#10772,#2226);
#1539=LINE('',#10775,#2227);
#1540=LINE('',#10815,#2228);
#1541=LINE('',#10816,#2229);
#1542=LINE('',#10856,#2230);
#1543=LINE('',#10857,#2231);
#1544=LINE('',#10897,#2232);
#1545=LINE('',#10898,#2233);
#1546=LINE('',#10933,#2234);
#1547=LINE('',#10938,#2235);
#1548=LINE('',#10941,#2236);
#1549=LINE('',#10942,#2237);
#1550=LINE('',#10945,#2238);
#1551=LINE('',#10949,#2239);
#1552=LINE('',#10950,#2240);
#1553=LINE('',#10967,#2241);
#1554=LINE('',#10982,#2242);
#1555=LINE('',#10986,#2243);
#1556=LINE('',#10989,#2244);
#1557=LINE('',#10992,#2245);
#1558=LINE('',#10996,#2246);
#1559=LINE('',#11000,#2247);
#1560=LINE('',#11004,#2248);
#1561=LINE('',#11025,#2249);
#1562=LINE('',#11026,#2250);
#1563=LINE('',#11061,#2251);
#1564=LINE('',#11062,#2252);
#1565=LINE('',#11085,#2253);
#1566=LINE('',#11086,#2254);
#1567=LINE('',#11158,#2255);
#1568=LINE('',#11159,#2256);
#1569=LINE('',#11162,#2257);
#1570=LINE('',#11165,#2258);
#1571=LINE('',#11168,#2259);
#1572=LINE('',#11169,#2260);
#1573=LINE('',#11172,#2261);
#1574=LINE('',#11176,#2262);
#1575=LINE('',#11177,#2263);
#1576=LINE('',#11180,#2264);
#1577=LINE('',#11184,#2265);
#1578=LINE('',#11187,#2266);
#1579=LINE('',#11190,#2267);
#1580=LINE('',#11191,#2268);
#1581=LINE('',#11194,#2269);
#1582=LINE('',#11195,#2270);
#1583=LINE('',#11198,#2271);
#1584=LINE('',#11199,#2272);
#1585=LINE('',#11203,#2273);
#1586=LINE('',#11206,#2274);
#1587=LINE('',#11207,#2275);
#1588=LINE('',#11214,#2276);
#1589=LINE('',#11223,#2277);
#1590=LINE('',#11231,#2278);
#1591=LINE('',#11239,#2279);
#1592=LINE('',#11243,#2280);
#1593=LINE('',#11244,#2281);
#1594=LINE('',#11246,#2282);
#1595=LINE('',#11248,#2283);
#1596=LINE('',#11250,#2284);
#1597=LINE('',#11256,#2285);
#1598=LINE('',#11259,#2286);
#1599=LINE('',#11270,#2287);
#1600=LINE('',#11271,#2288);
#1601=LINE('',#11282,#2289);
#1602=LINE('',#11283,#2290);
#1603=LINE('',#11294,#2291);
#1604=LINE('',#11295,#2292);
#1605=LINE('',#11301,#2293);
#1606=LINE('',#11304,#2294);
#1607=LINE('',#11307,#2295);
#1608=LINE('',#11308,#2296);
#1609=LINE('',#11311,#2297);
#1610=LINE('',#11315,#2298);
#1611=LINE('',#11316,#2299);
#1612=LINE('',#11320,#2300);
#1613=LINE('',#11322,#2301);
#1614=LINE('',#11324,#2302);
#1615=LINE('',#11326,#2303);
#1616=LINE('',#11327,#2304);
#1617=LINE('',#11330,#2305);
#1618=LINE('',#11334,#2306);
#1619=LINE('',#11335,#2307);
#1620=LINE('',#11338,#2308);
#1621=LINE('',#11341,#2309);
#1622=LINE('',#11358,#2310);
#1623=LINE('',#11361,#2311);
#1624=LINE('',#11364,#2312);
#1625=LINE('',#11366,#2313);
#1626=LINE('',#11369,#2314);
#1627=LINE('',#11390,#2315);
#1628=LINE('',#11393,#2316);
#1629=LINE('',#11401,#2317);
#1630=LINE('',#11404,#2318);
#1631=LINE('',#11418,#2319);
#1632=LINE('',#11421,#2320);
#1633=LINE('',#11424,#2321);
#1634=LINE('',#11426,#2322);
#1635=LINE('',#11427,#2323);
#1636=LINE('',#11432,#2324);
#1637=LINE('',#11436,#2325);
#1638=LINE('',#11438,#2326);
#1639=LINE('',#11439,#2327);
#1640=LINE('',#11445,#2328);
#1641=LINE('',#11448,#2329);
#1642=LINE('',#11451,#2330);
#1643=LINE('',#11453,#2331);
#1644=LINE('',#11454,#2332);
#1645=LINE('',#11459,#2333);
#1646=LINE('',#11462,#2334);
#1647=LINE('',#11463,#2335);
#1648=LINE('',#11468,#2336);
#1649=LINE('',#11471,#2337);
#1650=LINE('',#11472,#2338);
#1651=LINE('',#11477,#2339);
#1652=LINE('',#11492,#2340);
#1653=LINE('',#11493,#2341);
#1654=LINE('',#11504,#2342);
#1655=LINE('',#11505,#2343);
#1656=LINE('',#11511,#2344);
#1657=LINE('',#11513,#2345);
#1658=LINE('',#11516,#2346);
#1659=LINE('',#11517,#2347);
#1660=LINE('',#11522,#2348);
#1661=LINE('',#11526,#2349);
#1662=LINE('',#11530,#2350);
#1663=LINE('',#11533,#2351);
#1664=LINE('',#11535,#2352);
#1665=LINE('',#11537,#2353);
#1666=LINE('',#11539,#2354);
#1667=LINE('',#11540,#2355);
#1668=LINE('',#11542,#2356);
#1669=LINE('',#11548,#2357);
#1670=LINE('',#11556,#2358);
#1671=LINE('',#11558,#2359);
#1672=LINE('',#11566,#2360);
#1673=LINE('',#11568,#2361);
#1674=LINE('',#11590,#2362);
#1675=LINE('',#11592,#2363);
#1676=LINE('',#11594,#2364);
#1677=LINE('',#11596,#2365);
#1678=LINE('',#11598,#2366);
#1679=LINE('',#11600,#2367);
#1680=LINE('',#11602,#2368);
#1681=LINE('',#11610,#2369);
#1682=LINE('',#11612,#2370);
#1683=LINE('',#11614,#2371);
#1684=LINE('',#11635,#2372);
#1685=LINE('',#11650,#2373);
#1686=LINE('',#11652,#2374);
#1687=LINE('',#11654,#2375);
#1688=LINE('',#11655,#2376);
#1689=LINE('',#11707,#2377);
#1690=LINE('',#11708,#2378);
#1691=LINE('',#11709,#2379);
#1692=LINE('',#11726,#2380);
#1693=LINE('',#11729,#2381);
#1694=LINE('',#11730,#2382);
#1695=LINE('',#11733,#2383);
#1696=LINE('',#11734,#2384);
#1697=LINE('',#11751,#2385);
#1698=LINE('',#11754,#2386);
#1699=LINE('',#11755,#2387);
#1700=LINE('',#11758,#2388);
#1701=LINE('',#11759,#2389);
#1702=LINE('',#11776,#2390);
#1703=LINE('',#11799,#2391);
#1704=LINE('',#11816,#2392);
#1705=LINE('',#11819,#2393);
#1706=LINE('',#11820,#2394);
#1707=LINE('',#11823,#2395);
#1708=LINE('',#11824,#2396);
#1709=LINE('',#11827,#2397);
#1710=LINE('',#11828,#2398);
#1711=LINE('',#11831,#2399);
#1712=LINE('',#11832,#2400);
#1713=LINE('',#11835,#2401);
#1714=LINE('',#11836,#2402);
#1715=LINE('',#11839,#2403);
#1716=LINE('',#11840,#2404);
#1717=LINE('',#11843,#2405);
#1718=LINE('',#11844,#2406);
#1719=LINE('',#11861,#2407);
#1720=LINE('',#11864,#2408);
#1721=LINE('',#11865,#2409);
#1722=LINE('',#11868,#2410);
#1723=LINE('',#11869,#2411);
#1724=LINE('',#11872,#2412);
#1725=LINE('',#11873,#2413);
#1726=LINE('',#11890,#2414);
#1727=LINE('',#11910,#2415);
#1728=LINE('',#11927,#2416);
#1729=LINE('',#11930,#2417);
#1730=LINE('',#11931,#2418);
#1731=LINE('',#11969,#2419);
#1732=LINE('',#11972,#2420);
#1733=LINE('',#11973,#2421);
#1734=LINE('',#11976,#2422);
#1735=LINE('',#11977,#2423);
#1736=LINE('',#11980,#2424);
#1737=LINE('',#11981,#2425);
#1738=LINE('',#11983,#2426);
#1739=LINE('',#11984,#2427);
#1740=LINE('',#12023,#2428);
#1741=LINE('',#12024,#2429);
#1742=LINE('',#12108,#2430);
#1743=LINE('',#12109,#2431);
#1744=LINE('',#12131,#2432);
#1745=LINE('',#12133,#2433);
#1746=LINE('',#12135,#2434);
#1747=LINE('',#12137,#2435);
#1748=LINE('',#12139,#2436);
#1749=LINE('',#12141,#2437);
#1750=LINE('',#12143,#2438);
#1751=LINE('',#12151,#2439);
#1752=LINE('',#12153,#2440);
#1753=LINE('',#12155,#2441);
#1754=LINE('',#12156,#2442);
#1755=LINE('',#12160,#2443);
#1756=LINE('',#12161,#2444);
#1757=LINE('',#12162,#2445);
#1758=LINE('',#12165,#2446);
#1759=LINE('',#12166,#2447);
#1760=LINE('',#12169,#2448);
#1761=LINE('',#12170,#2449);
#1762=LINE('',#12173,#2450);
#1763=LINE('',#12174,#2451);
#1764=LINE('',#12177,#2452);
#1765=LINE('',#12178,#2453);
#1766=LINE('',#12181,#2454);
#1767=LINE('',#12182,#2455);
#1768=LINE('',#12185,#2456);
#1769=LINE('',#12186,#2457);
#1770=LINE('',#12203,#2458);
#1771=LINE('',#12206,#2459);
#1772=LINE('',#12207,#2460);
#1773=LINE('',#12210,#2461);
#1774=LINE('',#12211,#2462);
#1775=LINE('',#12214,#2463);
#1776=LINE('',#12215,#2464);
#1777=LINE('',#12217,#2465);
#1778=LINE('',#12220,#2466);
#1779=LINE('',#12223,#2467);
#1780=LINE('',#12226,#2468);
#1781=LINE('',#12227,#2469);
#1782=LINE('',#12229,#2470);
#1783=LINE('',#12233,#2471);
#1784=LINE('',#12235,#2472);
#1785=LINE('',#12237,#2473);
#1786=LINE('',#12241,#2474);
#1787=LINE('',#12242,#2475);
#1788=LINE('',#12243,#2476);
#1789=LINE('',#12246,#2477);
#1790=LINE('',#12249,#2478);
#1791=LINE('',#12250,#2479);
#1792=LINE('',#12260,#2480);
#1793=LINE('',#12263,#2481);
#1794=LINE('',#12436,#2482);
#1795=LINE('',#12437,#2483);
#1796=LINE('',#12458,#2484);
#1797=LINE('',#12461,#2485);
#1798=LINE('',#12470,#2486);
#1799=LINE('',#12474,#2487);
#1800=LINE('',#12475,#2488);
#1801=LINE('',#12478,#2489);
#1802=LINE('',#12479,#2490);
#1803=LINE('',#12482,#2491);
#1804=LINE('',#12484,#2492);
#1805=LINE('',#12486,#2493);
#1806=LINE('',#12488,#2494);
#1807=LINE('',#12490,#2495);
#1808=LINE('',#12491,#2496);
#1809=LINE('',#12494,#2497);
#1810=LINE('',#12495,#2498);
#1811=LINE('',#12498,#2499);
#1812=LINE('',#12500,#2500);
#1813=LINE('',#12502,#2501);
#1814=LINE('',#12504,#2502);
#1815=LINE('',#12506,#2503);
#1816=LINE('',#12508,#2504);
#1817=LINE('',#12510,#2505);
#1818=LINE('',#12511,#2506);
#1819=LINE('',#12514,#2507);
#1820=LINE('',#12515,#2508);
#1821=LINE('',#12517,#2509);
#1822=LINE('',#12519,#2510);
#1823=LINE('',#12522,#2511);
#1824=LINE('',#12523,#2512);
#1825=LINE('',#12530,#2513);
#1826=LINE('',#12532,#2514);
#1827=LINE('',#12534,#2515);
#1828=LINE('',#12535,#2516);
#1829=LINE('',#12538,#2517);
#1830=LINE('',#12540,#2518);
#1831=LINE('',#12541,#2519);
#1832=LINE('',#12543,#2520);
#1833=LINE('',#12545,#2521);
#1834=LINE('',#12546,#2522);
#1835=LINE('',#12548,#2523);
#1836=LINE('',#12550,#2524);
#1837=LINE('',#12552,#2525);
#1838=LINE('',#12554,#2526);
#1839=LINE('',#12556,#2527);
#1840=LINE('',#12557,#2528);
#1841=LINE('',#12559,#2529);
#1842=LINE('',#12561,#2530);
#1843=LINE('',#12563,#2531);
#1844=LINE('',#12565,#2532);
#1845=LINE('',#12567,#2533);
#1846=LINE('',#12569,#2534);
#1847=LINE('',#12571,#2535);
#1848=LINE('',#12573,#2536);
#1849=LINE('',#12574,#2537);
#1850=LINE('',#12576,#2538);
#1851=LINE('',#12580,#2539);
#1852=LINE('',#12582,#2540);
#1853=LINE('',#12584,#2541);
#1854=LINE('',#12585,#2542);
#1855=LINE('',#12589,#2543);
#1856=LINE('',#12590,#2544);
#1857=LINE('',#12591,#2545);
#1858=LINE('',#12594,#2546);
#1859=LINE('',#12595,#2547);
#1860=LINE('',#12599,#2548);
#1861=LINE('',#12601,#2549);
#1862=LINE('',#12603,#2550);
#1863=LINE('',#12604,#2551);
#1864=LINE('',#12606,#2552);
#1865=LINE('',#12607,#2553);
#1866=LINE('',#12610,#2554);
#1867=LINE('',#12611,#2555);
#1868=LINE('',#12612,#2556);
#1869=LINE('',#12616,#2557);
#1870=LINE('',#12618,#2558);
#1871=LINE('',#12619,#2559);
#1872=LINE('',#12622,#2560);
#1873=LINE('',#12624,#2561);
#1874=LINE('',#12625,#2562);
#1875=LINE('',#12627,#2563);
#1876=LINE('',#12628,#2564);
#1877=LINE('',#12633,#2565);
#1878=LINE('',#12635,#2566);
#1879=LINE('',#12637,#2567);
#1880=LINE('',#12638,#2568);
#1881=LINE('',#12641,#2569);
#1882=LINE('',#12643,#2570);
#1883=LINE('',#12644,#2571);
#1884=LINE('',#12647,#2572);
#1885=LINE('',#12649,#2573);
#1886=LINE('',#12650,#2574);
#1887=LINE('',#12652,#2575);
#1888=LINE('',#12653,#2576);
#1889=LINE('',#12658,#2577);
#1890=LINE('',#12659,#2578);
#1891=LINE('',#12660,#2579);
#1892=LINE('',#12662,#2580);
#1893=LINE('',#12664,#2581);
#1894=LINE('',#12665,#2582);
#1895=LINE('',#12667,#2583);
#1896=LINE('',#12669,#2584);
#1897=LINE('',#12672,#2585);
#1898=LINE('',#12674,#2586);
#1899=LINE('',#12676,#2587);
#1900=LINE('',#12677,#2588);
#1901=LINE('',#12680,#2589);
#1902=LINE('',#12682,#2590);
#1903=LINE('',#12683,#2591);
#1904=LINE('',#12685,#2592);
#1905=LINE('',#12686,#2593);
#1906=LINE('',#12687,#2594);
#1907=LINE('',#12689,#2595);
#1908=LINE('',#12692,#2596);
#1909=LINE('',#12694,#2597);
#1910=LINE('',#12695,#2598);
#1911=LINE('',#12699,#2599);
#1912=LINE('',#12700,#2600);
#1913=LINE('',#12702,#2601);
#1914=LINE('',#12703,#2602);
#1915=LINE('',#12705,#2603);
#1916=LINE('',#12707,#2604);
#1917=LINE('',#12708,#2605);
#1918=LINE('',#12711,#2606);
#1919=LINE('',#12713,#2607);
#1920=LINE('',#12714,#2608);
#1921=LINE('',#12717,#2609);
#1922=LINE('',#12718,#2610);
#1923=LINE('',#12721,#2611);
#1924=LINE('',#12722,#2612);
#1925=LINE('',#12724,#2613);
#1926=LINE('',#12726,#2614);
#1927=LINE('',#12728,#2615);
#1928=LINE('',#12730,#2616);
#1929=LINE('',#12732,#2617);
#1930=LINE('',#12734,#2618);
#1931=LINE('',#12737,#2619);
#1932=LINE('',#12739,#2620);
#1933=LINE('',#12742,#2621);
#1934=LINE('',#12744,#2622);
#1935=LINE('',#12745,#2623);
#1936=LINE('',#12751,#2624);
#1937=LINE('',#12753,#2625);
#1938=LINE('',#12754,#2626);
#1939=LINE('',#12757,#2627);
#1940=LINE('',#12758,#2628);
#1941=LINE('',#12761,#2629);
#1942=LINE('',#12762,#2630);
#1943=LINE('',#12764,#2631);
#1944=LINE('',#12769,#2632);
#1945=LINE('',#12773,#2633);
#1946=LINE('',#12777,#2634);
#1947=LINE('',#12779,#2635);
#1948=LINE('',#12780,#2636);
#1949=LINE('',#12783,#2637);
#1950=LINE('',#12784,#2638);
#1951=LINE('',#12787,#2639);
#1952=LINE('',#12788,#2640);
#1953=LINE('',#12790,#2641);
#1954=VECTOR('',#7832,0.393700787401575);
#1955=VECTOR('',#7835,0.393700787401575);
#1956=VECTOR('',#7838,0.393700787401575);
#1957=VECTOR('',#7839,0.393700787401575);
#1958=VECTOR('',#7840,0.393700787401575);
#1959=VECTOR('',#7843,0.393700787401575);
#1960=VECTOR('',#7844,0.393700787401575);
#1961=VECTOR('',#7845,0.393700787401575);
#1962=VECTOR('',#7848,0.393700787401575);
#1963=VECTOR('',#7853,0.393700787401575);
#1964=VECTOR('',#7856,0.393700787401575);
#1965=VECTOR('',#7859,0.393700787401575);
#1966=VECTOR('',#7860,0.393700787401575);
#1967=VECTOR('',#7861,0.393700787401575);
#1968=VECTOR('',#7864,0.393700787401575);
#1969=VECTOR('',#7865,0.393700787401575);
#1970=VECTOR('',#7866,0.393700787401575);
#1971=VECTOR('',#7869,0.393700787401575);
#1972=VECTOR('',#7874,0.393700787401575);
#1973=VECTOR('',#7877,0.393700787401575);
#1974=VECTOR('',#7880,0.393700787401575);
#1975=VECTOR('',#7881,0.393700787401575);
#1976=VECTOR('',#7882,0.393700787401575);
#1977=VECTOR('',#7885,0.393700787401575);
#1978=VECTOR('',#7886,0.393700787401575);
#1979=VECTOR('',#7887,0.393700787401575);
#1980=VECTOR('',#7890,0.393700787401575);
#1981=VECTOR('',#7895,0.393700787401575);
#1982=VECTOR('',#7898,0.393700787401575);
#1983=VECTOR('',#7901,0.393700787401575);
#1984=VECTOR('',#7902,0.393700787401575);
#1985=VECTOR('',#7903,0.393700787401575);
#1986=VECTOR('',#7906,0.393700787401575);
#1987=VECTOR('',#7907,0.393700787401575);
#1988=VECTOR('',#7910,0.393700787401575);
#1989=VECTOR('',#7911,0.393700787401575);
#1990=VECTOR('',#7914,0.393700787401575);
#1991=VECTOR('',#7917,0.393700787401575);
#1992=VECTOR('',#7918,0.393700787401575);
#1993=VECTOR('',#7919,0.393700787401575);
#1994=VECTOR('',#7922,0.393700787401575);
#1995=VECTOR('',#7923,0.393700787401575);
#1996=VECTOR('',#7926,0.393700787401575);
#1997=VECTOR('',#7931,0.393700787401575);
#1998=VECTOR('',#7934,0.393700787401575);
#1999=VECTOR('',#7935,0.393700787401575);
#2000=VECTOR('',#7938,0.393700787401575);
#2001=VECTOR('',#7939,0.393700787401575);
#2002=VECTOR('',#7940,0.393700787401575);
#2003=VECTOR('',#7943,0.393700787401575);
#2004=VECTOR('',#7944,0.393700787401575);
#2005=VECTOR('',#7947,0.393700787401575);
#2006=VECTOR('',#7950,0.393700787401575);
#2007=VECTOR('',#7955,0.393700787401575);
#2008=VECTOR('',#7956,0.393700787401575);
#2009=VECTOR('',#7957,0.393700787401575);
#2010=VECTOR('',#7960,0.393700787401575);
#2011=VECTOR('',#7961,0.393700787401575);
#2012=VECTOR('',#7964,0.393700787401575);
#2013=VECTOR('',#7967,0.393700787401575);
#2014=VECTOR('',#7972,0.393700787401575);
#2015=VECTOR('',#7975,0.393700787401575);
#2016=VECTOR('',#7978,0.393700787401575);
#2017=VECTOR('',#7981,0.393700787401575);
#2018=VECTOR('',#7982,0.393700787401575);
#2019=VECTOR('',#7985,0.393700787401575);
#2020=VECTOR('',#7986,0.393700787401575);
#2021=VECTOR('',#7987,0.393700787401575);
#2022=VECTOR('',#7990,0.393700787401575);
#2023=VECTOR('',#7991,0.393700787401575);
#2024=VECTOR('',#7994,0.393700787401575);
#2025=VECTOR('',#7997,0.393700787401575);
#2026=VECTOR('',#8002,0.393700787401575);
#2027=VECTOR('',#8003,0.393700787401575);
#2028=VECTOR('',#8004,0.393700787401575);
#2029=VECTOR('',#8007,0.393700787401575);
#2030=VECTOR('',#8008,0.393700787401575);
#2031=VECTOR('',#8011,0.393700787401575);
#2032=VECTOR('',#8016,0.393700787401575);
#2033=VECTOR('',#8019,0.393700787401575);
#2034=VECTOR('',#8032,0.393700787401575);
#2035=VECTOR('',#8033,0.393700787401575);
#2036=VECTOR('',#8046,0.393700787401575);
#2037=VECTOR('',#8047,0.393700787401575);
#2038=VECTOR('',#8060,0.393700787401575);
#2039=VECTOR('',#8061,0.393700787401575);
#2040=VECTOR('',#8070,0.393700787401575);
#2041=VECTOR('',#8073,0.393700787401575);
#2042=VECTOR('',#8076,0.393700787401575);
#2043=VECTOR('',#8077,0.393700787401575);
#2044=VECTOR('',#8080,0.393700787401575);
#2045=VECTOR('',#8085,0.393700787401575);
#2046=VECTOR('',#8086,0.393700787401575);
#2047=VECTOR('',#8089,0.393700787401575);
#2048=VECTOR('',#8090,0.393700787401575);
#2049=VECTOR('',#8091,0.393700787401575);
#2050=VECTOR('',#8092,0.393700787401575);
#2051=VECTOR('',#8095,0.393700787401575);
#2052=VECTOR('',#8096,0.393700787401575);
#2053=VECTOR('',#8097,0.393700787401575);
#2054=VECTOR('',#8098,0.393700787401575);
#2055=VECTOR('',#8101,0.393700787401575);
#2056=VECTOR('',#8102,0.393700787401575);
#2057=VECTOR('',#8103,0.393700787401575);
#2058=VECTOR('',#8106,0.393700787401575);
#2059=VECTOR('',#8107,0.393700787401575);
#2060=VECTOR('',#8108,0.393700787401575);
#2061=VECTOR('',#8111,0.393700787401575);
#2062=VECTOR('',#8112,0.393700787401575);
#2063=VECTOR('',#8113,0.393700787401575);
#2064=VECTOR('',#8116,0.393700787401575);
#2065=VECTOR('',#8117,0.393700787401575);
#2066=VECTOR('',#8118,0.393700787401575);
#2067=VECTOR('',#8119,0.393700787401575);
#2068=VECTOR('',#8120,0.393700787401575);
#2069=VECTOR('',#8123,0.393700787401575);
#2070=VECTOR('',#8124,0.393700787401575);
#2071=VECTOR('',#8125,0.393700787401575);
#2072=VECTOR('',#8126,0.393700787401575);
#2073=VECTOR('',#8127,0.393700787401575);
#2074=VECTOR('',#8128,0.393700787401575);
#2075=VECTOR('',#8129,0.393700787401575);
#2076=VECTOR('',#8130,0.393700787401575);
#2077=VECTOR('',#8137,0.393700787401575);
#2078=VECTOR('',#8140,0.393700787401575);
#2079=VECTOR('',#8141,0.393700787401575);
#2080=VECTOR('',#8142,0.393700787401575);
#2081=VECTOR('',#8145,0.393700787401575);
#2082=VECTOR('',#8148,0.393700787401575);
#2083=VECTOR('',#8151,0.393700787401575);
#2084=VECTOR('',#8152,0.393700787401575);
#2085=VECTOR('',#8153,0.393700787401575);
#2086=VECTOR('',#8158,0.393700787401575);
#2087=VECTOR('',#8165,0.393700787401575);
#2088=VECTOR('',#8166,0.393700787401575);
#2089=VECTOR('',#8167,0.393700787401575);
#2090=VECTOR('',#8168,0.393700787401575);
#2091=VECTOR('',#8169,0.393700787401575);
#2092=VECTOR('',#8170,0.393700787401575);
#2093=VECTOR('',#8171,0.393700787401575);
#2094=VECTOR('',#8172,0.393700787401575);
#2095=VECTOR('',#8175,0.393700787401575);
#2096=VECTOR('',#8176,0.393700787401575);
#2097=VECTOR('',#8177,0.393700787401575);
#2098=VECTOR('',#8178,0.393700787401575);
#2099=VECTOR('',#8179,0.393700787401575);
#2100=VECTOR('',#8184,0.393700787401575);
#2101=VECTOR('',#8187,0.393700787401575);
#2102=VECTOR('',#8202,0.393700787401575);
#2103=VECTOR('',#8203,0.393700787401575);
#2104=VECTOR('',#8206,0.393700787401575);
#2105=VECTOR('',#8207,0.393700787401575);
#2106=VECTOR('',#8210,0.393700787401575);
#2107=VECTOR('',#8211,0.393700787401575);
#2108=VECTOR('',#8228,0.393700787401575);
#2109=VECTOR('',#8229,0.393700787401575);
#2110=VECTOR('',#8236,0.393700787401575);
#2111=VECTOR('',#8237,0.393700787401575);
#2112=VECTOR('',#8238,0.393700787401575);
#2113=VECTOR('',#8241,0.393700787401575);
#2114=VECTOR('',#8242,0.393700787401575);
#2115=VECTOR('',#8245,0.393700787401575);
#2116=VECTOR('',#8246,0.393700787401575);
#2117=VECTOR('',#8247,0.393700787401575);
#2118=VECTOR('',#8248,0.393700787401575);
#2119=VECTOR('',#8249,0.393700787401575);
#2120=VECTOR('',#8252,0.393700787401575);
#2121=VECTOR('',#8259,0.393700787401575);
#2122=VECTOR('',#8262,0.393700787401575);
#2123=VECTOR('',#8263,0.393700787401575);
#2124=VECTOR('',#8268,0.393700787401575);
#2125=VECTOR('',#8271,0.393700787401575);
#2126=VECTOR('',#8284,0.393700787401575);
#2127=VECTOR('',#8285,0.393700787401575);
#2128=VECTOR('',#8298,0.393700787401575);
#2129=VECTOR('',#8299,0.393700787401575);
#2130=VECTOR('',#8312,0.393700787401575);
#2131=VECTOR('',#8313,0.393700787401575);
#2132=VECTOR('',#8322,0.393700787401575);
#2133=VECTOR('',#8325,0.393700787401575);
#2134=VECTOR('',#8328,0.393700787401575);
#2135=VECTOR('',#8329,0.393700787401575);
#2136=VECTOR('',#8332,0.393700787401575);
#2137=VECTOR('',#8337,0.393700787401575);
#2138=VECTOR('',#8338,0.393700787401575);
#2139=VECTOR('',#8345,0.393700787401575);
#2140=VECTOR('',#8350,0.393700787401575);
#2141=VECTOR('',#8353,0.393700787401575);
#2142=VECTOR('',#8356,0.393700787401575);
#2143=VECTOR('',#8357,0.393700787401575);
#2144=VECTOR('',#8358,0.393700787401575);
#2145=VECTOR('',#8365,0.393700787401575);
#2146=VECTOR('',#8366,0.393700787401575);
#2147=VECTOR('',#8375,0.393700787401575);
#2148=VECTOR('',#8376,0.393700787401575);
#2149=VECTOR('',#8393,0.393700787401575);
#2150=VECTOR('',#8396,0.393700787401575);
#2151=VECTOR('',#8397,0.393700787401575);
#2152=VECTOR('',#8434,0.393700787401575);
#2153=VECTOR('',#8435,0.393700787401575);
#2154=VECTOR('',#8438,0.393700787401575);
#2155=VECTOR('',#8439,0.393700787401575);
#2156=VECTOR('',#8444,0.393700787401575);
#2157=VECTOR('',#8447,0.393700787401575);
#2158=VECTOR('',#8464,0.393700787401575);
#2159=VECTOR('',#8471,0.393700787401575);
#2160=VECTOR('',#8480,0.393700787401575);
#2161=VECTOR('',#8481,0.393700787401575);
#2162=VECTOR('',#8484,0.393700787401575);
#2163=VECTOR('',#8485,0.393700787401575);
#2164=VECTOR('',#8488,0.393700787401575);
#2165=VECTOR('',#8491,0.393700787401575);
#2166=VECTOR('',#8494,0.393700787401575);
#2167=VECTOR('',#8495,0.393700787401575);
#2168=VECTOR('',#8496,0.393700787401575);
#2169=VECTOR('',#8497,0.393700787401575);
#2170=VECTOR('',#8498,0.393700787401575);
#2171=VECTOR('',#8499,0.393700787401575);
#2172=VECTOR('',#8500,0.393700787401575);
#2173=VECTOR('',#8503,0.393700787401575);
#2174=VECTOR('',#8504,0.393700787401575);
#2175=VECTOR('',#8507,0.393700787401575);
#2176=VECTOR('',#8508,0.393700787401575);
#2177=VECTOR('',#8509,0.393700787401575);
#2178=VECTOR('',#8510,0.393700787401575);
#2179=VECTOR('',#8511,0.393700787401575);
#2180=VECTOR('',#8514,0.393700787401575);
#2181=VECTOR('',#8519,0.393700787401575);
#2182=VECTOR('',#8522,0.393700787401575);
#2183=VECTOR('',#8525,0.393700787401575);
#2184=VECTOR('',#8526,0.393700787401575);
#2185=VECTOR('',#8529,0.393700787401575);
#2186=VECTOR('',#8530,0.393700787401575);
#2187=VECTOR('',#8533,0.393700787401575);
#2188=VECTOR('',#8534,0.393700787401575);
#2189=VECTOR('',#8537,0.393700787401575);
#2190=VECTOR('',#8538,0.393700787401575);
#2191=VECTOR('',#8541,0.393700787401575);
#2192=VECTOR('',#8542,0.393700787401575);
#2193=VECTOR('',#8543,0.393700787401575);
#2194=VECTOR('',#8546,0.393700787401575);
#2195=VECTOR('',#8547,0.393700787401575);
#2196=VECTOR('',#8550,0.393700787401575);
#2197=VECTOR('',#8553,0.393700787401575);
#2198=VECTOR('',#8558,0.393700787401575);
#2199=VECTOR('',#8561,0.393700787401575);
#2200=VECTOR('',#8564,0.393700787401575);
#2201=VECTOR('',#8569,0.393700787401575);
#2202=VECTOR('',#8572,0.393700787401575);
#2203=VECTOR('',#8575,0.393700787401575);
#2204=VECTOR('',#8582,0.393700787401575);
#2205=VECTOR('',#8585,0.393700787401575);
#2206=VECTOR('',#8592,0.393700787401575);
#2207=VECTOR('',#8595,0.393700787401575);
#2208=VECTOR('',#8602,0.393700787401575);
#2209=VECTOR('',#8605,0.393700787401575);
#2210=VECTOR('',#8608,0.393700787401575);
#2211=VECTOR('',#8611,0.393700787401575);
#2212=VECTOR('',#8612,0.393700787401575);
#2213=VECTOR('',#8613,0.393700787401575);
#2214=VECTOR('',#8614,0.393700787401575);
#2215=VECTOR('',#8617,0.393700787401575);
#2216=VECTOR('',#8620,0.393700787401575);
#2217=VECTOR('',#8623,0.393700787401575);
#2218=VECTOR('',#8630,0.393700787401575);
#2219=VECTOR('',#8631,0.393700787401575);
#2220=VECTOR('',#8632,0.393700787401575);
#2221=VECTOR('',#8633,0.393700787401575);
#2222=VECTOR('',#8636,0.393700787401575);
#2223=VECTOR('',#8637,0.393700787401575);
#2224=VECTOR('',#8638,0.393700787401575);
#2225=VECTOR('',#8639,0.393700787401575);
#2226=VECTOR('',#8644,0.393700787401575);
#2227=VECTOR('',#8647,0.393700787401575);
#2228=VECTOR('',#8658,0.393700787401575);
#2229=VECTOR('',#8659,0.393700787401575);
#2230=VECTOR('',#8670,0.393700787401575);
#2231=VECTOR('',#8671,0.393700787401575);
#2232=VECTOR('',#8682,0.393700787401575);
#2233=VECTOR('',#8683,0.393700787401575);
#2234=VECTOR('',#8690,0.393700787401575);
#2235=VECTOR('',#8695,0.393700787401575);
#2236=VECTOR('',#8698,0.393700787401575);
#2237=VECTOR('',#8699,0.393700787401575);
#2238=VECTOR('',#8702,0.393700787401575);
#2239=VECTOR('',#8707,0.393700787401575);
#2240=VECTOR('',#8708,0.393700787401575);
#2241=VECTOR('',#8713,0.393700787401575);
#2242=VECTOR('',#8716,0.393700787401575);
#2243=VECTOR('',#8719,0.393700787401575);
#2244=VECTOR('',#8722,0.393700787401575);
#2245=VECTOR('',#8723,0.393700787401575);
#2246=VECTOR('',#8726,0.393700787401575);
#2247=VECTOR('',#8729,0.393700787401575);
#2248=VECTOR('',#8732,0.393700787401575);
#2249=VECTOR('',#8755,0.393700787401575);
#2250=VECTOR('',#8756,0.393700787401575);
#2251=VECTOR('',#8785,0.393700787401575);
#2252=VECTOR('',#8786,0.393700787401575);
#2253=VECTOR('',#8803,0.393700787401575);
#2254=VECTOR('',#8804,0.393700787401575);
#2255=VECTOR('',#8811,0.393700787401575);
#2256=VECTOR('',#8812,0.393700787401575);
#2257=VECTOR('',#8815,0.393700787401575);
#2258=VECTOR('',#8818,0.393700787401575);
#2259=VECTOR('',#8821,0.393700787401575);
#2260=VECTOR('',#8822,0.393700787401575);
#2261=VECTOR('',#8825,0.393700787401575);
#2262=VECTOR('',#8830,0.393700787401575);
#2263=VECTOR('',#8831,0.393700787401575);
#2264=VECTOR('',#8834,0.393700787401575);
#2265=VECTOR('',#8837,0.393700787401575);
#2266=VECTOR('',#8840,0.393700787401575);
#2267=VECTOR('',#8843,0.393700787401575);
#2268=VECTOR('',#8844,0.393700787401575);
#2269=VECTOR('',#8847,0.393700787401575);
#2270=VECTOR('',#8848,0.393700787401575);
#2271=VECTOR('',#8851,0.393700787401575);
#2272=VECTOR('',#8852,0.393700787401575);
#2273=VECTOR('',#8857,0.393700787401575);
#2274=VECTOR('',#8860,0.393700787401575);
#2275=VECTOR('',#8861,0.393700787401575);
#2276=VECTOR('',#8870,0.393700787401575);
#2277=VECTOR('',#8883,0.393700787401575);
#2278=VECTOR('',#8894,0.393700787401575);
#2279=VECTOR('',#8905,0.393700787401575);
#2280=VECTOR('',#8912,0.393700787401575);
#2281=VECTOR('',#8913,0.393700787401575);
#2282=VECTOR('',#8916,0.393700787401575);
#2283=VECTOR('',#8919,0.393700787401575);
#2284=VECTOR('',#8922,0.393700787401575);
#2285=VECTOR('',#8927,0.393700787401575);
#2286=VECTOR('',#8930,0.393700787401575);
#2287=VECTOR('',#8943,0.393700787401575);
#2288=VECTOR('',#8944,0.393700787401575);
#2289=VECTOR('',#8957,0.393700787401575);
#2290=VECTOR('',#8958,0.393700787401575);
#2291=VECTOR('',#8971,0.393700787401575);
#2292=VECTOR('',#8972,0.393700787401575);
#2293=VECTOR('',#8981,0.393700787401575);
#2294=VECTOR('',#8984,0.393700787401575);
#2295=VECTOR('',#8987,0.393700787401575);
#2296=VECTOR('',#8988,0.393700787401575);
#2297=VECTOR('',#8991,0.393700787401575);
#2298=VECTOR('',#8996,0.393700787401575);
#2299=VECTOR('',#8997,0.393700787401575);
#2300=VECTOR('',#9000,0.393700787401575);
#2301=VECTOR('',#9001,0.393700787401575);
#2302=VECTOR('',#9002,0.393700787401575);
#2303=VECTOR('',#9003,0.393700787401575);
#2304=VECTOR('',#9004,0.393700787401575);
#2305=VECTOR('',#9007,0.393700787401575);
#2306=VECTOR('',#9012,0.393700787401575);
#2307=VECTOR('',#9013,0.393700787401575);
#2308=VECTOR('',#9016,0.393700787401575);
#2309=VECTOR('',#9021,0.393700787401575);
#2310=VECTOR('',#9030,0.393700787401575);
#2311=VECTOR('',#9033,0.393700787401575);
#2312=VECTOR('',#9036,0.393700787401575);
#2313=VECTOR('',#9037,0.393700787401575);
#2314=VECTOR('',#9040,0.393700787401575);
#2315=VECTOR('',#9049,0.393700787401575);
#2316=VECTOR('',#9052,0.393700787401575);
#2317=VECTOR('',#9059,0.393700787401575);
#2318=VECTOR('',#9062,0.393700787401575);
#2319=VECTOR('',#9071,0.393700787401575);
#2320=VECTOR('',#9074,0.393700787401575);
#2321=VECTOR('',#9077,0.393700787401575);
#2322=VECTOR('',#9078,0.393700787401575);
#2323=VECTOR('',#9079,0.393700787401575);
#2324=VECTOR('',#9084,0.393700787401575);
#2325=VECTOR('',#9089,0.393700787401575);
#2326=VECTOR('',#9090,0.393700787401575);
#2327=VECTOR('',#9091,0.393700787401575);
#2328=VECTOR('',#9096,0.393700787401575);
#2329=VECTOR('',#9099,0.393700787401575);
#2330=VECTOR('',#9102,0.393700787401575);
#2331=VECTOR('',#9103,0.393700787401575);
#2332=VECTOR('',#9104,0.393700787401575);
#2333=VECTOR('',#9109,0.393700787401575);
#2334=VECTOR('',#9114,0.393700787401575);
#2335=VECTOR('',#9115,0.393700787401575);
#2336=VECTOR('',#9120,0.393700787401575);
#2337=VECTOR('',#9125,0.393700787401575);
#2338=VECTOR('',#9126,0.393700787401575);
#2339=VECTOR('',#9131,0.393700787401575);
#2340=VECTOR('',#9152,0.393700787401575);
#2341=VECTOR('',#9153,0.393700787401575);
#2342=VECTOR('',#9166,0.393700787401575);
#2343=VECTOR('',#9167,0.393700787401575);
#2344=VECTOR('',#9176,0.393700787401575);
#2345=VECTOR('',#9179,0.393700787401575);
#2346=VECTOR('',#9182,0.393700787401575);
#2347=VECTOR('',#9183,0.393700787401575);
#2348=VECTOR('',#9190,0.393700787401575);
#2349=VECTOR('',#9193,0.393700787401575);
#2350=VECTOR('',#9196,0.393700787401575);
#2351=VECTOR('',#9199,0.393700787401575);
#2352=VECTOR('',#9202,0.234999999999999);
#2353=VECTOR('',#9205,0.235000000000001);
#2354=VECTOR('',#9208,0.393700787401575);
#2355=VECTOR('',#9209,0.393700787401575);
#2356=VECTOR('',#9212,0.393700787401575);
#2357=VECTOR('',#9219,0.393700787401575);
#2358=VECTOR('',#9220,0.393700787401575);
#2359=VECTOR('',#9221,0.393700787401575);
#2360=VECTOR('',#9222,0.393700787401575);
#2361=VECTOR('',#9223,0.393700787401575);
#2362=VECTOR('',#9224,0.393700787401575);
#2363=VECTOR('',#9225,0.393700787401575);
#2364=VECTOR('',#9226,0.393700787401575);
#2365=VECTOR('',#9227,0.393700787401575);
#2366=VECTOR('',#9228,0.393700787401575);
#2367=VECTOR('',#9229,0.393700787401575);
#2368=VECTOR('',#9230,0.393700787401575);
#2369=VECTOR('',#9231,0.393700787401575);
#2370=VECTOR('',#9232,0.393700787401575);
#2371=VECTOR('',#9233,0.393700787401575);
#2372=VECTOR('',#9234,0.393700787401575);
#2373=VECTOR('',#9235,0.393700787401575);
#2374=VECTOR('',#9236,0.393700787401575);
#2375=VECTOR('',#9237,0.393700787401575);
#2376=VECTOR('',#9238,0.393700787401575);
#2377=VECTOR('',#9241,0.393700787401575);
#2378=VECTOR('',#9242,0.393700787401575);
#2379=VECTOR('',#9243,0.393700787401575);
#2380=VECTOR('',#9244,0.393700787401575);
#2381=VECTOR('',#9247,0.393700787401575);
#2382=VECTOR('',#9248,0.393700787401575);
#2383=VECTOR('',#9251,0.393700787401575);
#2384=VECTOR('',#9252,0.393700787401575);
#2385=VECTOR('',#9253,0.393700787401575);
#2386=VECTOR('',#9256,0.393700787401575);
#2387=VECTOR('',#9257,0.393700787401575);
#2388=VECTOR('',#9260,0.393700787401575);
#2389=VECTOR('',#9261,0.393700787401575);
#2390=VECTOR('',#9262,0.393700787401575);
#2391=VECTOR('',#9263,0.393700787401575);
#2392=VECTOR('',#9264,0.393700787401575);
#2393=VECTOR('',#9267,0.393700787401575);
#2394=VECTOR('',#9268,0.393700787401575);
#2395=VECTOR('',#9271,0.393700787401575);
#2396=VECTOR('',#9272,0.393700787401575);
#2397=VECTOR('',#9275,0.393700787401575);
#2398=VECTOR('',#9276,0.393700787401575);
#2399=VECTOR('',#9279,0.393700787401575);
#2400=VECTOR('',#9280,0.393700787401575);
#2401=VECTOR('',#9283,0.393700787401575);
#2402=VECTOR('',#9284,0.393700787401575);
#2403=VECTOR('',#9287,0.393700787401575);
#2404=VECTOR('',#9288,0.393700787401575);
#2405=VECTOR('',#9291,0.393700787401575);
#2406=VECTOR('',#9292,0.393700787401575);
#2407=VECTOR('',#9293,0.393700787401575);
#2408=VECTOR('',#9296,0.393700787401575);
#2409=VECTOR('',#9297,0.393700787401575);
#2410=VECTOR('',#9300,0.393700787401575);
#2411=VECTOR('',#9301,0.393700787401575);
#2412=VECTOR('',#9304,0.393700787401575);
#2413=VECTOR('',#9305,0.393700787401575);
#2414=VECTOR('',#9306,0.393700787401575);
#2415=VECTOR('',#9307,0.393700787401575);
#2416=VECTOR('',#9308,0.393700787401575);
#2417=VECTOR('',#9311,0.393700787401575);
#2418=VECTOR('',#9312,0.393700787401575);
#2419=VECTOR('',#9313,0.393700787401575);
#2420=VECTOR('',#9316,0.393700787401575);
#2421=VECTOR('',#9317,0.393700787401575);
#2422=VECTOR('',#9320,0.393700787401575);
#2423=VECTOR('',#9321,0.393700787401575);
#2424=VECTOR('',#9324,0.393700787401575);
#2425=VECTOR('',#9325,0.393700787401575);
#2426=VECTOR('',#9328,0.393700787401575);
#2427=VECTOR('',#9329,0.393700787401575);
#2428=VECTOR('',#9330,0.393700787401575);
#2429=VECTOR('',#9331,0.393700787401575);
#2430=VECTOR('',#9332,0.393700787401575);
#2431=VECTOR('',#9333,0.393700787401575);
#2432=VECTOR('',#9342,0.393700787401575);
#2433=VECTOR('',#9343,0.393700787401575);
#2434=VECTOR('',#9344,0.393700787401575);
#2435=VECTOR('',#9345,0.393700787401575);
#2436=VECTOR('',#9346,0.393700787401575);
#2437=VECTOR('',#9347,0.393700787401575);
#2438=VECTOR('',#9348,0.393700787401575);
#2439=VECTOR('',#9349,0.393700787401575);
#2440=VECTOR('',#9350,0.393700787401575);
#2441=VECTOR('',#9351,0.393700787401575);
#2442=VECTOR('',#9352,0.393700787401575);
#2443=VECTOR('',#9355,0.393700787401575);
#2444=VECTOR('',#9356,0.393700787401575);
#2445=VECTOR('',#9357,0.393700787401575);
#2446=VECTOR('',#9360,0.393700787401575);
#2447=VECTOR('',#9361,0.393700787401575);
#2448=VECTOR('',#9364,0.393700787401575);
#2449=VECTOR('',#9365,0.393700787401575);
#2450=VECTOR('',#9368,0.393700787401575);
#2451=VECTOR('',#9369,0.393700787401575);
#2452=VECTOR('',#9372,0.393700787401575);
#2453=VECTOR('',#9373,0.393700787401575);
#2454=VECTOR('',#9376,0.393700787401575);
#2455=VECTOR('',#9377,0.393700787401575);
#2456=VECTOR('',#9380,0.393700787401575);
#2457=VECTOR('',#9381,0.393700787401575);
#2458=VECTOR('',#9382,0.393700787401575);
#2459=VECTOR('',#9385,0.393700787401575);
#2460=VECTOR('',#9386,0.393700787401575);
#2461=VECTOR('',#9389,0.393700787401575);
#2462=VECTOR('',#9390,0.393700787401575);
#2463=VECTOR('',#9393,0.393700787401575);
#2464=VECTOR('',#9394,0.393700787401575);
#2465=VECTOR('',#9397,0.393700787401575);
#2466=VECTOR('',#9400,0.393700787401575);
#2467=VECTOR('',#9403,0.393700787401575);
#2468=VECTOR('',#9406,0.393700787401575);
#2469=VECTOR('',#9407,0.393700787401575);
#2470=VECTOR('',#9410,0.393700787401575);
#2471=VECTOR('',#9417,0.393700787401575);
#2472=VECTOR('',#9420,0.393700787401575);
#2473=VECTOR('',#9423,0.393700787401575);
#2474=VECTOR('',#9426,0.393700787401575);
#2475=VECTOR('',#9427,0.393700787401575);
#2476=VECTOR('',#9428,0.393700787401575);
#2477=VECTOR('',#9431,0.393700787401575);
#2478=VECTOR('',#9434,0.393700787401575);
#2479=VECTOR('',#9435,0.393700787401575);
#2480=VECTOR('',#9452,0.393700787401575);
#2481=VECTOR('',#9457,0.393700787401575);
#2482=VECTOR('',#9490,0.393700787401575);
#2483=VECTOR('',#9491,0.393700787401575);
#2484=VECTOR('',#9498,0.393700787401575);
#2485=VECTOR('',#9503,0.393700787401575);
#2486=VECTOR('',#9518,0.393700787401575);
#2487=VECTOR('',#9523,0.393700787401575);
#2488=VECTOR('',#9524,0.393700787401575);
#2489=VECTOR('',#9527,0.393700787401575);
#2490=VECTOR('',#9528,0.393700787401575);
#2491=VECTOR('',#9531,0.393700787401575);
#2492=VECTOR('',#9532,0.393700787401575);
#2493=VECTOR('',#9533,0.393700787401575);
#2494=VECTOR('',#9534,0.393700787401575);
#2495=VECTOR('',#9535,0.393700787401575);
#2496=VECTOR('',#9536,0.393700787401575);
#2497=VECTOR('',#9539,0.393700787401575);
#2498=VECTOR('',#9540,0.393700787401575);
#2499=VECTOR('',#9543,0.393700787401575);
#2500=VECTOR('',#9544,0.393700787401575);
#2501=VECTOR('',#9545,0.393700787401575);
#2502=VECTOR('',#9546,0.393700787401575);
#2503=VECTOR('',#9547,0.393700787401575);
#2504=VECTOR('',#9548,0.393700787401575);
#2505=VECTOR('',#9549,0.393700787401575);
#2506=VECTOR('',#9550,0.393700787401575);
#2507=VECTOR('',#9553,0.393700787401575);
#2508=VECTOR('',#9554,0.393700787401575);
#2509=VECTOR('',#9557,0.393700787401575);
#2510=VECTOR('',#9560,0.393700787401575);
#2511=VECTOR('',#9563,0.393700787401575);
#2512=VECTOR('',#9564,0.393700787401575);
#2513=VECTOR('',#9573,0.393700787401575);
#2514=VECTOR('',#9574,0.393700787401575);
#2515=VECTOR('',#9575,0.393700787401575);
#2516=VECTOR('',#9576,0.393700787401575);
#2517=VECTOR('',#9579,0.393700787401575);
#2518=VECTOR('',#9580,0.393700787401575);
#2519=VECTOR('',#9581,0.393700787401575);
#2520=VECTOR('',#9582,0.393700787401575);
#2521=VECTOR('',#9583,0.393700787401575);
#2522=VECTOR('',#9584,0.393700787401575);
#2523=VECTOR('',#9585,0.393700787401575);
#2524=VECTOR('',#9586,0.393700787401575);
#2525=VECTOR('',#9587,0.393700787401575);
#2526=VECTOR('',#9588,0.393700787401575);
#2527=VECTOR('',#9589,0.393700787401575);
#2528=VECTOR('',#9590,0.393700787401575);
#2529=VECTOR('',#9591,0.393700787401575);
#2530=VECTOR('',#9592,0.393700787401575);
#2531=VECTOR('',#9593,0.393700787401575);
#2532=VECTOR('',#9594,0.393700787401575);
#2533=VECTOR('',#9595,0.393700787401575);
#2534=VECTOR('',#9596,0.393700787401575);
#2535=VECTOR('',#9597,0.393700787401575);
#2536=VECTOR('',#9598,0.393700787401575);
#2537=VECTOR('',#9599,0.393700787401575);
#2538=VECTOR('',#9600,0.393700787401575);
#2539=VECTOR('',#9603,0.393700787401575);
#2540=VECTOR('',#9604,0.393700787401575);
#2541=VECTOR('',#9605,0.393700787401575);
#2542=VECTOR('',#9606,0.393700787401575);
#2543=VECTOR('',#9609,0.393700787401575);
#2544=VECTOR('',#9610,0.393700787401575);
#2545=VECTOR('',#9611,0.393700787401575);
#2546=VECTOR('',#9614,0.393700787401575);
#2547=VECTOR('',#9615,0.393700787401575);
#2548=VECTOR('',#9618,0.393700787401575);
#2549=VECTOR('',#9619,0.393700787401575);
#2550=VECTOR('',#9620,0.393700787401575);
#2551=VECTOR('',#9621,0.393700787401575);
#2552=VECTOR('',#9624,0.393700787401575);
#2553=VECTOR('',#9625,0.393700787401575);
#2554=VECTOR('',#9628,0.393700787401575);
#2555=VECTOR('',#9629,0.393700787401575);
#2556=VECTOR('',#9630,0.393700787401575);
#2557=VECTOR('',#9635,0.393700787401575);
#2558=VECTOR('',#9636,0.393700787401575);
#2559=VECTOR('',#9637,0.393700787401575);
#2560=VECTOR('',#9640,0.393700787401575);
#2561=VECTOR('',#9641,0.393700787401575);
#2562=VECTOR('',#9642,0.393700787401575);
#2563=VECTOR('',#9645,0.393700787401575);
#2564=VECTOR('',#9646,0.393700787401575);
#2565=VECTOR('',#9651,0.393700787401575);
#2566=VECTOR('',#9652,0.393700787401575);
#2567=VECTOR('',#9653,0.393700787401575);
#2568=VECTOR('',#9654,0.393700787401575);
#2569=VECTOR('',#9657,0.393700787401575);
#2570=VECTOR('',#9658,0.393700787401575);
#2571=VECTOR('',#9659,0.393700787401575);
#2572=VECTOR('',#9662,0.393700787401575);
#2573=VECTOR('',#9663,0.393700787401575);
#2574=VECTOR('',#9664,0.393700787401575);
#2575=VECTOR('',#9667,0.393700787401575);
#2576=VECTOR('',#9668,0.393700787401575);
#2577=VECTOR('',#9673,0.393700787401575);
#2578=VECTOR('',#9674,0.393700787401575);
#2579=VECTOR('',#9675,0.393700787401575);
#2580=VECTOR('',#9678,0.393700787401575);
#2581=VECTOR('',#9679,0.393700787401575);
#2582=VECTOR('',#9680,0.393700787401575);
#2583=VECTOR('',#9683,0.393700787401575);
#2584=VECTOR('',#9686,0.393700787401575);
#2585=VECTOR('',#9689,0.393700787401575);
#2586=VECTOR('',#9690,0.393700787401575);
#2587=VECTOR('',#9691,0.393700787401575);
#2588=VECTOR('',#9692,0.393700787401575);
#2589=VECTOR('',#9695,0.393700787401575);
#2590=VECTOR('',#9696,0.393700787401575);
#2591=VECTOR('',#9697,0.393700787401575);
#2592=VECTOR('',#9700,0.393700787401575);
#2593=VECTOR('',#9701,0.393700787401575);
#2594=VECTOR('',#9702,0.393700787401575);
#2595=VECTOR('',#9705,0.393700787401575);
#2596=VECTOR('',#9708,0.393700787401575);
#2597=VECTOR('',#9709,0.393700787401575);
#2598=VECTOR('',#9710,0.393700787401575);
#2599=VECTOR('',#9715,0.393700787401575);
#2600=VECTOR('',#9716,0.393700787401575);
#2601=VECTOR('',#9719,0.393700787401575);
#2602=VECTOR('',#9720,0.393700787401575);
#2603=VECTOR('',#9723,0.393700787401575);
#2604=VECTOR('',#9726,0.393700787401575);
#2605=VECTOR('',#9727,0.393700787401575);
#2606=VECTOR('',#9732,0.393700787401575);
#2607=VECTOR('',#9733,0.393700787401575);
#2608=VECTOR('',#9734,0.393700787401575);
#2609=VECTOR('',#9737,0.393700787401575);
#2610=VECTOR('',#9738,0.393700787401575);
#2611=VECTOR('',#9741,0.393700787401575);
#2612=VECTOR('',#9742,0.393700787401575);
#2613=VECTOR('',#9745,0.393700787401575);
#2614=VECTOR('',#9748,0.393700787401575);
#2615=VECTOR('',#9751,0.393700787401575);
#2616=VECTOR('',#9754,0.393700787401575);
#2617=VECTOR('',#9757,0.393700787401575);
#2618=VECTOR('',#9760,0.393700787401575);
#2619=VECTOR('',#9765,0.393700787401575);
#2620=VECTOR('',#9768,0.393700787401575);
#2621=VECTOR('',#9773,0.393700787401575);
#2622=VECTOR('',#9776,0.393700787401575);
#2623=VECTOR('',#9777,0.393700787401575);
#2624=VECTOR('',#9786,0.393700787401575);
#2625=VECTOR('',#9787,0.393700787401575);
#2626=VECTOR('',#9788,0.393700787401575);
#2627=VECTOR('',#9791,0.393700787401575);
#2628=VECTOR('',#9792,0.393700787401575);
#2629=VECTOR('',#9795,0.393700787401575);
#2630=VECTOR('',#9796,0.393700787401575);
#2631=VECTOR('',#9799,0.393700787401575);
#2632=VECTOR('',#9806,0.135);
#2633=VECTOR('',#9811,0.18564061099547);
#2634=VECTOR('',#9816,0.393700787401575);
#2635=VECTOR('',#9817,0.393700787401575);
#2636=VECTOR('',#9818,0.393700787401575);
#2637=VECTOR('',#9821,0.393700787401575);
#2638=VECTOR('',#9822,0.393700787401575);
#2639=VECTOR('',#9825,0.393700787401575);
#2640=VECTOR('',#9826,0.393700787401575);
#2641=VECTOR('',#9829,0.393700787401575);
#2642=CIRCLE('',#7166,0.03);
#2643=CIRCLE('',#7167,0.03);
#2644=CIRCLE('',#7170,0.175);
#2645=CIRCLE('',#7172,0.03);
#2646=CIRCLE('',#7173,0.03);
#2647=CIRCLE('',#7176,0.175);
#2648=CIRCLE('',#7178,0.03);
#2649=CIRCLE('',#7179,0.03);
#2650=CIRCLE('',#7182,0.175);
#2651=CIRCLE('',#7184,0.03);
#2652=CIRCLE('',#7185,0.03);
#2653=CIRCLE('',#7188,0.425);
#2654=CIRCLE('',#7190,0.175);
#2655=CIRCLE('',#7195,0.25);
#2656=CIRCLE('',#7199,0.425);
#2657=CIRCLE('',#7204,0.175);
#2658=CIRCLE('',#7207,0.175);
#2659=CIRCLE('',#7208,0.175);
#2660=CIRCLE('',#7213,0.175);
#2661=CIRCLE('',#7217,0.25);
#2662=CIRCLE('',#7219,0.0299999999999993);
#2663=CIRCLE('',#7220,0.03);
#2664=CIRCLE('',#7222,0.03);
#2665=CIRCLE('',#7223,0.130000000000007);
#2666=CIRCLE('',#7224,0.100000000000007);
#2667=CIRCLE('',#7226,0.0299999999999998);
#2668=CIRCLE('',#7228,0.03);
#2669=CIRCLE('',#7229,0.130000000000002);
#2670=CIRCLE('',#7230,0.100000000000002);
#2671=CIRCLE('',#7232,0.03);
#2672=CIRCLE('',#7234,0.03);
#2673=CIRCLE('',#7235,0.130000000000002);
#2674=CIRCLE('',#7236,0.100000000000002);
#2675=CIRCLE('',#7238,0.0300000000000002);
#2676=CIRCLE('',#7240,0.129999999999997);
#2677=CIRCLE('',#7241,0.0999999999999972);
#2678=CIRCLE('',#7243,0.100000000000002);
#2679=CIRCLE('',#7246,0.100000000000008);
#2680=CIRCLE('',#7254,0.1);
#2681=CIRCLE('',#7255,0.199999999999999);
#2682=CIRCLE('',#7256,0.175);
#2683=CIRCLE('',#7257,0.65);
#2684=CIRCLE('',#7258,0.199999999999999);
#2685=CIRCLE('',#7259,0.1);
#2686=CIRCLE('',#7261,0.1);
#2687=CIRCLE('',#7262,0.199999999999999);
#2688=CIRCLE('',#7264,0.65);
#2689=CIRCLE('',#7265,0.175);
#2690=CIRCLE('',#7266,0.199999999999999);
#2691=CIRCLE('',#7267,0.1);
#2692=CIRCLE('',#7269,0.03);
#2693=CIRCLE('',#7270,0.0299999999999997);
#2694=CIRCLE('',#7272,0.0299999999999997);
#2695=CIRCLE('',#7273,0.2);
#2696=CIRCLE('',#7274,0.17);
#2697=CIRCLE('',#7275,0.0299999999999987);
#2698=CIRCLE('',#7280,0.1);
#2699=CIRCLE('',#7282,0.0299999999999979);
#2700=CIRCLE('',#7283,0.17);
#2701=CIRCLE('',#7284,0.0300000000000012);
#2702=CIRCLE('',#7285,0.2);
#2703=CIRCLE('',#7287,0.03);
#2704=CIRCLE('',#7288,0.03);
#2705=CIRCLE('',#7289,0.0300000000000003);
#2706=CIRCLE('',#7291,0.1);
#2707=CIRCLE('',#7294,0.2);
#2708=CIRCLE('',#7296,0.174999999999999);
#2709=CIRCLE('',#7297,0.174999999999999);
#2710=CIRCLE('',#7299,0.0249999999999998);
#2711=CIRCLE('',#7300,0.0249999999999991);
#2712=CIRCLE('',#7302,0.0249999999999998);
#2713=CIRCLE('',#7303,0.225);
#2714=CIRCLE('',#7304,0.25);
#2715=CIRCLE('',#7306,0.0249999999999998);
#2716=CIRCLE('',#7308,0.0250000000000005);
#2717=CIRCLE('',#7309,0.225);
#2718=CIRCLE('',#7310,0.25);
#2719=CIRCLE('',#7312,0.0250000000000005);
#2720=CIRCLE('',#7314,0.025);
#2721=CIRCLE('',#7315,0.225);
#2722=CIRCLE('',#7316,0.25);
#2723=CIRCLE('',#7318,0.025);
#2724=CIRCLE('',#7320,0.225);
#2725=CIRCLE('',#7321,0.25);
#2726=CIRCLE('',#7323,0.250000000000001);
#2727=CIRCLE('',#7326,0.25);
#2728=CIRCLE('',#7328,0.25);
#2729=CIRCLE('',#7330,0.175);
#2730=CIRCLE('',#7331,0.175);
#2731=CIRCLE('',#7332,0.175);
#2732=CIRCLE('',#7333,0.175);
#2733=CIRCLE('',#7336,0.0999999999999972);
#2734=CIRCLE('',#7339,0.100000000000002);
#2735=CIRCLE('',#7341,0.25);
#2736=CIRCLE('',#7343,0.25);
#2737=CIRCLE('',#7344,0.25);
#2738=CIRCLE('',#7345,0.250000000000001);
#2739=CIRCLE('',#7346,0.5);
#2740=CIRCLE('',#7347,0.250000000000001);
#2741=CIRCLE('',#7352,0.25);
#2742=CIRCLE('',#7354,0.5);
#2743=CIRCLE('',#7356,0.25);
#2744=CIRCLE('',#7357,0.249999999999999);
#2745=CIRCLE('',#7358,0.249999999999999);
#2746=CIRCLE('',#7362,0.175);
#2747=CIRCLE('',#7363,0.175);
#2748=CIRCLE('',#7365,0.175000000000001);
#2749=CIRCLE('',#7366,0.175000000000001);
#2750=CIRCLE('',#7367,0.425);
#2751=CIRCLE('',#7373,0.425);
#2752=CIRCLE('',#7375,0.175);
#2753=CIRCLE('',#7378,0.175);
#2754=CIRCLE('',#7390,0.2);
#2755=CIRCLE('',#7399,0.1);
#2756=CIRCLE('',#7401,0.1);
#2757=CIRCLE('',#7428,0.0723283455185129);
#2758=CIRCLE('',#7429,0.0723283455185129);
#2759=CIRCLE('',#7430,0.0723283455185129);
#2760=CIRCLE('',#7431,0.0723283455185129);
#2761=CIRCLE('',#7432,0.235000000000001);
#2762=CIRCLE('',#7433,0.234999999999999);
#2763=CIRCLE('',#7434,0.18564061099547);
#2764=CIRCLE('',#7436,0.0250000000000003);
#2765=CIRCLE('',#7437,0.0250000000000003);
#2766=CIRCLE('',#7438,0.0250000000000008);
#2767=CIRCLE('',#7442,0.0250000000000008);
#2768=CIRCLE('',#7443,0.0250000000000002);
#2769=CIRCLE('',#7447,0.0249999999999996);
#2770=CIRCLE('',#7448,0.0249999999999994);
#2771=CIRCLE('',#7452,0.024999999999998);
#2772=CIRCLE('',#7456,0.17);
#2773=CIRCLE('',#7457,0.17);
#2774=CIRCLE('',#7460,0.17);
#2775=CIRCLE('',#7467,0.0973283455185129);
#2776=CIRCLE('',#7468,0.0973283455185129);
#2777=CIRCLE('',#7469,0.0973283455185129);
#2778=CIRCLE('',#7470,0.0973283455185129);
#2779=CIRCLE('',#7471,0.135);
#2780=CIRCLE('',#7472,0.234999999999999);
#2781=CIRCLE('',#7473,0.235000000000001);
#2782=CIRCLE('',#7475,0.03);
#2783=CIRCLE('',#7476,0.15);
#2784=CIRCLE('',#7477,0.03);
#2785=CIRCLE('',#7478,0.18);
#2786=CIRCLE('',#7480,0.03);
#2787=CIRCLE('',#7482,0.03);
#2788=CIRCLE('',#7483,0.18);
#2789=CIRCLE('',#7484,0.15);
#2790=CIRCLE('',#7486,0.15);
#2791=CIRCLE('',#7487,0.03);
#2792=CIRCLE('',#7489,0.03);
#2793=CIRCLE('',#7490,0.15);
#2794=CIRCLE('',#7491,0.03);
#2795=CIRCLE('',#7492,0.18);
#2796=CIRCLE('',#7494,0.03);
#2797=CIRCLE('',#7496,0.0299999999999998);
#2798=CIRCLE('',#7497,0.18);
#2799=CIRCLE('',#7498,0.15);
#2800=CIRCLE('',#7500,0.03);
#2801=CIRCLE('',#7501,0.15);
#2802=CIRCLE('',#7503,0.03);
#2803=CIRCLE('',#7504,0.0300000000000001);
#2804=CIRCLE('',#7507,0.15);
#2805=CIRCLE('',#7510,0.15);
#2806=CIRCLE('',#7513,0.0249999999999893);
#2807=CIRCLE('',#7514,0.0249999999999998);
#2808=CIRCLE('',#7519,0.15);
#2809=CIRCLE('',#7522,0.15);
#2810=CIRCLE('',#7524,0.0249999999999999);
#2811=CIRCLE('',#7525,0.0250000000000001);
#2812=CIRCLE('',#7527,0.0249999999999991);
#2813=CIRCLE('',#7528,0.0723283455185129);
#2814=CIRCLE('',#7530,0.0250000000000005);
#2815=CIRCLE('',#7532,0.0249999999999999);
#2816=CIRCLE('',#7533,0.0723283455185129);
#2817=CIRCLE('',#7535,0.0249999999999996);
#2818=CIRCLE('',#7537,0.0250000000000005);
#2819=CIRCLE('',#7538,0.0723283455185129);
#2820=CIRCLE('',#7540,0.0249999999999991);
#2821=CIRCLE('',#7542,0.0723283455185129);
#2822=CIRCLE('',#7548,0.0249999999999991);
#2823=CIRCLE('',#7549,0.0250000000000001);
#2824=CIRCLE('',#7551,0.025);
#2825=CIRCLE('',#7552,0.125000000000001);
#2826=CIRCLE('',#7553,0.100000000000001);
#2827=CIRCLE('',#7555,0.025);
#2828=CIRCLE('',#7557,0.0249999999999998);
#2829=CIRCLE('',#7558,0.124999999999999);
#2830=CIRCLE('',#7559,0.0999999999999988);
#2831=CIRCLE('',#7561,0.0249999999999998);
#2832=CIRCLE('',#7563,0.0250000000000001);
#2833=CIRCLE('',#7564,0.124999999999999);
#2834=CIRCLE('',#7565,0.0999999999999991);
#2835=CIRCLE('',#7567,0.0249999999999998);
#2836=CIRCLE('',#7569,0.125000000000001);
#2837=CIRCLE('',#7570,0.100000000000001);
#2838=CIRCLE('',#7572,0.0999999999999988);
#2839=CIRCLE('',#7575,0.100000000000001);
#2840=CIRCLE('',#7579,0.100000000000001);
#2841=CIRCLE('',#7582,0.0999999999999991);
#2842=CIRCLE('',#7588,0.175);
#2843=CIRCLE('',#7595,0.175);
#2844=CIRCLE('',#7599,0.250000000000001);
#2845=CIRCLE('',#7603,0.3);
#2846=CIRCLE('',#7604,0.3);
#2847=CIRCLE('',#7607,0.3);
#2848=CIRCLE('',#7608,0.3);
#2849=CIRCLE('',#7611,0.3);
#2850=CIRCLE('',#7612,0.3);
#2851=CIRCLE('',#7615,0.3);
#2852=CIRCLE('',#7616,0.3);
#2853=CIRCLE('',#7619,0.3);
#2854=CIRCLE('',#7620,0.3);
#2855=CIRCLE('',#7623,0.0249999999999991);
#2856=CIRCLE('',#7624,0.0249999999999998);
#2857=CIRCLE('',#7626,0.25);
#2858=CIRCLE('',#7627,0.225);
#2859=CIRCLE('',#7629,0.0249999999999893);
#2860=CIRCLE('',#7630,0.25);
#2861=CIRCLE('',#7631,0.225);
#2862=CIRCLE('',#7633,0.0249999999999998);
#2863=CIRCLE('',#7635,0.0250000000000138);
#2864=CIRCLE('',#7636,0.25);
#2865=CIRCLE('',#7637,0.225);
#2866=CIRCLE('',#7639,0.0249999999999998);
#2867=CIRCLE('',#7641,0.25);
#2868=CIRCLE('',#7642,0.225);
#2869=CIRCLE('',#7644,0.25);
#2870=CIRCLE('',#7647,0.249999999999999);
#2871=CIRCLE('',#7649,0.175);
#2872=CIRCLE('',#7650,0.175);
#2873=CIRCLE('',#7651,0.175);
#2874=CIRCLE('',#7695,0.174999999999999);
#2875=CIRCLE('',#7698,0.175);
#2876=CIRCLE('',#7707,0.175);
#2877=CIRCLE('',#7709,0.175);
#2878=CIRCLE('',#7711,0.175);
#2879=CIRCLE('',#7717,0.075);
#2880=CIRCLE('',#7719,0.075);
#2881=CIRCLE('',#7721,0.0749999999999996);
#2882=CIRCLE('',#7722,0.0750000000000003);
#2883=CIRCLE('',#7724,0.075);
#2884=CIRCLE('',#7725,0.0750000000000003);
#2885=CIRCLE('',#7728,0.075);
#2886=CIRCLE('',#7731,0.075);
#2887=CIRCLE('',#7735,0.25);
#2888=CIRCLE('',#7739,0.25);
#2889=CIRCLE('',#7741,0.25);
#2890=CIRCLE('',#7744,0.17);
#2891=CIRCLE('',#7755,0.17);
#2892=CIRCLE('',#7814,0.135);
#2893=CIRCLE('',#7816,0.18564061099547);
#2894=VERTEX_POINT('',#9837);
#2895=VERTEX_POINT('',#9838);
#2896=VERTEX_POINT('',#9840);
#2897=VERTEX_POINT('',#9842);
#2898=VERTEX_POINT('',#9846);
#2899=VERTEX_POINT('',#9848);
#2900=VERTEX_POINT('',#9852);
#2901=VERTEX_POINT('',#9854);
#2902=VERTEX_POINT('',#9856);
#2903=VERTEX_POINT('',#9858);
#2904=VERTEX_POINT('',#9862);
#2905=VERTEX_POINT('',#9863);
#2906=VERTEX_POINT('',#9865);
#2907=VERTEX_POINT('',#9867);
#2908=VERTEX_POINT('',#9871);
#2909=VERTEX_POINT('',#9873);
#2910=VERTEX_POINT('',#9877);
#2911=VERTEX_POINT('',#9879);
#2912=VERTEX_POINT('',#9881);
#2913=VERTEX_POINT('',#9883);
#2914=VERTEX_POINT('',#9887);
#2915=VERTEX_POINT('',#9888);
#2916=VERTEX_POINT('',#9890);
#2917=VERTEX_POINT('',#9892);
#2918=VERTEX_POINT('',#9896);
#2919=VERTEX_POINT('',#9898);
#2920=VERTEX_POINT('',#9902);
#2921=VERTEX_POINT('',#9904);
#2922=VERTEX_POINT('',#9906);
#2923=VERTEX_POINT('',#9908);
#2924=VERTEX_POINT('',#9912);
#2925=VERTEX_POINT('',#9913);
#2926=VERTEX_POINT('',#9915);
#2927=VERTEX_POINT('',#9917);
#2928=VERTEX_POINT('',#9921);
#2929=VERTEX_POINT('',#9923);
#2930=VERTEX_POINT('',#9927);
#2931=VERTEX_POINT('',#9929);
#2932=VERTEX_POINT('',#9931);
#2933=VERTEX_POINT('',#9933);
#2934=VERTEX_POINT('',#9937);
#2935=VERTEX_POINT('',#9939);
#2936=VERTEX_POINT('',#9941);
#2937=VERTEX_POINT('',#9943);
#2938=VERTEX_POINT('',#9953);
#2939=VERTEX_POINT('',#9955);
#2940=VERTEX_POINT('',#9957);
#2941=VERTEX_POINT('',#9961);
#2942=VERTEX_POINT('',#9963);
#2943=VERTEX_POINT('',#9967);
#2944=VERTEX_POINT('',#9972);
#2945=VERTEX_POINT('',#9977);
#2946=VERTEX_POINT('',#9979);
#2947=VERTEX_POINT('',#9983);
#2948=VERTEX_POINT('',#9987);
#2949=VERTEX_POINT('',#9993);
#2950=VERTEX_POINT('',#9995);
#2951=VERTEX_POINT('',#9997);
#2952=VERTEX_POINT('',#9999);
#2953=VERTEX_POINT('',#10003);
#2954=VERTEX_POINT('',#10007);
#2955=VERTEX_POINT('',#10009);
#2956=VERTEX_POINT('',#10013);
#2957=VERTEX_POINT('',#10017);
#2958=VERTEX_POINT('',#10023);
#2959=VERTEX_POINT('',#10025);
#2960=VERTEX_POINT('',#10029);
#2961=VERTEX_POINT('',#10031);
#2962=VERTEX_POINT('',#10033);
#2963=VERTEX_POINT('',#10037);
#2964=VERTEX_POINT('',#10038);
#2965=VERTEX_POINT('',#10040);
#2966=VERTEX_POINT('',#10042);
#2967=VERTEX_POINT('',#10046);
#2968=VERTEX_POINT('',#10047);
#2969=VERTEX_POINT('',#10052);
#2970=VERTEX_POINT('',#10053);
#2971=VERTEX_POINT('',#10058);
#2972=VERTEX_POINT('',#10059);
#2973=VERTEX_POINT('',#10064);
#2974=VERTEX_POINT('',#10065);
#2975=VERTEX_POINT('',#10070);
#2976=VERTEX_POINT('',#10071);
#2977=VERTEX_POINT('',#10076);
#2978=VERTEX_POINT('',#10077);
#2979=VERTEX_POINT('',#10085);
#2980=VERTEX_POINT('',#10087);
#2981=VERTEX_POINT('',#10091);
#2982=VERTEX_POINT('',#10095);
#2983=VERTEX_POINT('',#10099);
#2984=VERTEX_POINT('',#10103);
#2985=VERTEX_POINT('',#10104);
#2986=VERTEX_POINT('',#10106);
#2987=VERTEX_POINT('',#10108);
#2988=VERTEX_POINT('',#10112);
#2989=VERTEX_POINT('',#10113);
#2990=VERTEX_POINT('',#10115);
#2991=VERTEX_POINT('',#10117);
#2992=VERTEX_POINT('',#10121);
#2993=VERTEX_POINT('',#10123);
#2994=VERTEX_POINT('',#10127);
#2995=VERTEX_POINT('',#10129);
#2996=VERTEX_POINT('',#10133);
#2997=VERTEX_POINT('',#10135);
#2998=VERTEX_POINT('',#10139);
#2999=VERTEX_POINT('',#10141);
#3000=VERTEX_POINT('',#10143);
#3001=VERTEX_POINT('',#10145);
#3002=VERTEX_POINT('',#10147);
#3003=VERTEX_POINT('',#10149);
#3004=VERTEX_POINT('',#10151);
#3005=VERTEX_POINT('',#10153);
#3006=VERTEX_POINT('',#10155);
#3007=VERTEX_POINT('',#10157);
#3008=VERTEX_POINT('',#10159);
#3009=VERTEX_POINT('',#10161);
#3010=VERTEX_POINT('',#10163);
#3011=VERTEX_POINT('',#10165);
#3012=VERTEX_POINT('',#10167);
#3013=VERTEX_POINT('',#10169);
#3014=VERTEX_POINT('',#10171);
#3015=VERTEX_POINT('',#10173);
#3016=VERTEX_POINT('',#10175);
#3017=VERTEX_POINT('',#10177);
#3018=VERTEX_POINT('',#10179);
#3019=VERTEX_POINT('',#10181);
#3020=VERTEX_POINT('',#10183);
#3021=VERTEX_POINT('',#10187);
#3022=VERTEX_POINT('',#10189);
#3023=VERTEX_POINT('',#10191);
#3024=VERTEX_POINT('',#10193);
#3025=VERTEX_POINT('',#10195);
#3026=VERTEX_POINT('',#10197);
#3027=VERTEX_POINT('',#10199);
#3028=VERTEX_POINT('',#10201);
#3029=VERTEX_POINT('',#10203);
#3030=VERTEX_POINT('',#10205);
#3031=VERTEX_POINT('',#10207);
#3032=VERTEX_POINT('',#10209);
#3033=VERTEX_POINT('',#10211);
#3034=VERTEX_POINT('',#10213);
#3035=VERTEX_POINT('',#10215);
#3036=VERTEX_POINT('',#10217);
#3037=VERTEX_POINT('',#10219);
#3038=VERTEX_POINT('',#10221);
#3039=VERTEX_POINT('',#10223);
#3040=VERTEX_POINT('',#10225);
#3041=VERTEX_POINT('',#10227);
#3042=VERTEX_POINT('',#10229);
#3043=VERTEX_POINT('',#10231);
#3044=VERTEX_POINT('',#10233);
#3045=VERTEX_POINT('',#10237);
#3046=VERTEX_POINT('',#10238);
#3047=VERTEX_POINT('',#10240);
#3048=VERTEX_POINT('',#10242);
#3049=VERTEX_POINT('',#10246);
#3050=VERTEX_POINT('',#10247);
#3051=VERTEX_POINT('',#10281);
#3052=VERTEX_POINT('',#10282);
#3053=VERTEX_POINT('',#10312);
#3054=VERTEX_POINT('',#10313);
#3055=VERTEX_POINT('',#10336);
#3056=VERTEX_POINT('',#10341);
#3057=VERTEX_POINT('',#10343);
#3058=VERTEX_POINT('',#10352);
#3059=VERTEX_POINT('',#10354);
#3060=VERTEX_POINT('',#10358);
#3061=VERTEX_POINT('',#10359);
#3062=VERTEX_POINT('',#10361);
#3063=VERTEX_POINT('',#10363);
#3064=VERTEX_POINT('',#10367);
#3065=VERTEX_POINT('',#10368);
#3066=VERTEX_POINT('',#10381);
#3067=VERTEX_POINT('',#10385);
#3068=VERTEX_POINT('',#10387);
#3069=VERTEX_POINT('',#10389);
#3070=VERTEX_POINT('',#10391);
#3071=VERTEX_POINT('',#10393);
#3072=VERTEX_POINT('',#10397);
#3073=VERTEX_POINT('',#10399);
#3074=VERTEX_POINT('',#10405);
#3075=VERTEX_POINT('',#10409);
#3076=VERTEX_POINT('',#10416);
#3077=VERTEX_POINT('',#10417);
#3078=VERTEX_POINT('',#10419);
#3079=VERTEX_POINT('',#10421);
#3080=VERTEX_POINT('',#10425);
#3081=VERTEX_POINT('',#10426);
#3082=VERTEX_POINT('',#10431);
#3083=VERTEX_POINT('',#10432);
#3084=VERTEX_POINT('',#10437);
#3085=VERTEX_POINT('',#10438);
#3086=VERTEX_POINT('',#10443);
#3087=VERTEX_POINT('',#10444);
#3088=VERTEX_POINT('',#10449);
#3089=VERTEX_POINT('',#10450);
#3090=VERTEX_POINT('',#10455);
#3091=VERTEX_POINT('',#10456);
#3092=VERTEX_POINT('',#10464);
#3093=VERTEX_POINT('',#10466);
#3094=VERTEX_POINT('',#10470);
#3095=VERTEX_POINT('',#10474);
#3096=VERTEX_POINT('',#10478);
#3097=VERTEX_POINT('',#10480);
#3098=VERTEX_POINT('',#10484);
#3099=VERTEX_POINT('',#10489);
#3100=VERTEX_POINT('',#10491);
#3101=VERTEX_POINT('',#10495);
#3102=VERTEX_POINT('',#10497);
#3103=VERTEX_POINT('',#10503);
#3104=VERTEX_POINT('',#10509);
#3105=VERTEX_POINT('',#10511);
#3106=VERTEX_POINT('',#10516);
#3107=VERTEX_POINT('',#10534);
#3108=VERTEX_POINT('',#10557);
#3109=VERTEX_POINT('',#10561);
#3110=VERTEX_POINT('',#10563);
#3111=VERTEX_POINT('',#10591);
#3112=VERTEX_POINT('',#10592);
#3113=VERTEX_POINT('',#10594);
#3114=VERTEX_POINT('',#10598);
#3115=VERTEX_POINT('',#10610);
#3116=VERTEX_POINT('',#10612);
#3117=VERTEX_POINT('',#10618);
#3118=VERTEX_POINT('',#10620);
#3119=VERTEX_POINT('',#10623);
#3120=VERTEX_POINT('',#10630);
#3121=VERTEX_POINT('',#10633);
#3122=VERTEX_POINT('',#10645);
#3123=VERTEX_POINT('',#10647);
#3124=VERTEX_POINT('',#10649);
#3125=VERTEX_POINT('',#10651);
#3126=VERTEX_POINT('',#10655);
#3127=VERTEX_POINT('',#10657);
#3128=VERTEX_POINT('',#10659);
#3129=VERTEX_POINT('',#10661);
#3130=VERTEX_POINT('',#10665);
#3131=VERTEX_POINT('',#10666);
#3132=VERTEX_POINT('',#10694);
#3133=VERTEX_POINT('',#10711);
#3134=VERTEX_POINT('',#10712);
#3135=VERTEX_POINT('',#10714);
#3136=VERTEX_POINT('',#10716);
#3137=VERTEX_POINT('',#10718);
#3138=VERTEX_POINT('',#10720);
#3139=VERTEX_POINT('',#10722);
#3140=VERTEX_POINT('',#10724);
#3141=VERTEX_POINT('',#10726);
#3142=VERTEX_POINT('',#10729);
#3143=VERTEX_POINT('',#10730);
#3144=VERTEX_POINT('',#10732);
#3145=VERTEX_POINT('',#10734);
#3146=VERTEX_POINT('',#10736);
#3147=VERTEX_POINT('',#10738);
#3148=VERTEX_POINT('',#10740);
#3149=VERTEX_POINT('',#10742);
#3150=VERTEX_POINT('',#10745);
#3151=VERTEX_POINT('',#10747);
#3152=VERTEX_POINT('',#10749);
#3153=VERTEX_POINT('',#10750);
#3154=VERTEX_POINT('',#10752);
#3155=VERTEX_POINT('',#10754);
#3156=VERTEX_POINT('',#10757);
#3157=VERTEX_POINT('',#10759);
#3158=VERTEX_POINT('',#10760);
#3159=VERTEX_POINT('',#10762);
#3160=VERTEX_POINT('',#10764);
#3161=VERTEX_POINT('',#10768);
#3162=VERTEX_POINT('',#10769);
#3163=VERTEX_POINT('',#10771);
#3164=VERTEX_POINT('',#10773);
#3165=VERTEX_POINT('',#10806);
#3166=VERTEX_POINT('',#10807);
#3167=VERTEX_POINT('',#10812);
#3168=VERTEX_POINT('',#10813);
#3169=VERTEX_POINT('',#10847);
#3170=VERTEX_POINT('',#10848);
#3171=VERTEX_POINT('',#10853);
#3172=VERTEX_POINT('',#10854);
#3173=VERTEX_POINT('',#10888);
#3174=VERTEX_POINT('',#10889);
#3175=VERTEX_POINT('',#10894);
#3176=VERTEX_POINT('',#10895);
#3177=VERTEX_POINT('',#10932);
#3178=VERTEX_POINT('',#10934);
#3179=VERTEX_POINT('',#10936);
#3180=VERTEX_POINT('',#10940);
#3181=VERTEX_POINT('',#10944);
#3182=VERTEX_POINT('',#10948);
#3183=VERTEX_POINT('',#10952);
#3184=VERTEX_POINT('',#10953);
#3185=VERTEX_POINT('',#10955);
#3186=VERTEX_POINT('',#10966);
#3187=VERTEX_POINT('',#10968);
#3188=VERTEX_POINT('',#10979);
#3189=VERTEX_POINT('',#10981);
#3190=VERTEX_POINT('',#10983);
#3191=VERTEX_POINT('',#10985);
#3192=VERTEX_POINT('',#10987);
#3193=VERTEX_POINT('',#10990);
#3194=VERTEX_POINT('',#10991);
#3195=VERTEX_POINT('',#10993);
#3196=VERTEX_POINT('',#10995);
#3197=VERTEX_POINT('',#10997);
#3198=VERTEX_POINT('',#10999);
#3199=VERTEX_POINT('',#11001);
#3200=VERTEX_POINT('',#11003);
#3201=VERTEX_POINT('',#11006);
#3202=VERTEX_POINT('',#11008);
#3203=VERTEX_POINT('',#11010);
#3204=VERTEX_POINT('',#11013);
#3205=VERTEX_POINT('',#11014);
#3206=VERTEX_POINT('',#11016);
#3207=VERTEX_POINT('',#11018);
#3208=VERTEX_POINT('',#11022);
#3209=VERTEX_POINT('',#11023);
#3210=VERTEX_POINT('',#11028);
#3211=VERTEX_POINT('',#11029);
#3212=VERTEX_POINT('',#11034);
#3213=VERTEX_POINT('',#11045);
#3214=VERTEX_POINT('',#11049);
#3215=VERTEX_POINT('',#11050);
#3216=VERTEX_POINT('',#11052);
#3217=VERTEX_POINT('',#11054);
#3218=VERTEX_POINT('',#11058);
#3219=VERTEX_POINT('',#11059);
#3220=VERTEX_POINT('',#11064);
#3221=VERTEX_POINT('',#11065);
#3222=VERTEX_POINT('',#11070);
#3223=VERTEX_POINT('',#11081);
#3224=VERTEX_POINT('',#11111);
#3225=VERTEX_POINT('',#11112);
#3226=VERTEX_POINT('',#11146);
#3227=VERTEX_POINT('',#11147);
#3228=VERTEX_POINT('',#11161);
#3229=VERTEX_POINT('',#11163);
#3230=VERTEX_POINT('',#11167);
#3231=VERTEX_POINT('',#11171);
#3232=VERTEX_POINT('',#11175);
#3233=VERTEX_POINT('',#11179);
#3234=VERTEX_POINT('',#11181);
#3235=VERTEX_POINT('',#11183);
#3236=VERTEX_POINT('',#11185);
#3237=VERTEX_POINT('',#11189);
#3238=VERTEX_POINT('',#11193);
#3239=VERTEX_POINT('',#11197);
#3240=VERTEX_POINT('',#11201);
#3241=VERTEX_POINT('',#11205);
#3242=VERTEX_POINT('',#11211);
#3243=VERTEX_POINT('',#11213);
#3244=VERTEX_POINT('',#11217);
#3245=VERTEX_POINT('',#11221);
#3246=VERTEX_POINT('',#11225);
#3247=VERTEX_POINT('',#11229);
#3248=VERTEX_POINT('',#11233);
#3249=VERTEX_POINT('',#11237);
#3250=VERTEX_POINT('',#11252);
#3251=VERTEX_POINT('',#11253);
#3252=VERTEX_POINT('',#11255);
#3253=VERTEX_POINT('',#11257);
#3254=VERTEX_POINT('',#11261);
#3255=VERTEX_POINT('',#11262);
#3256=VERTEX_POINT('',#11267);
#3257=VERTEX_POINT('',#11268);
#3258=VERTEX_POINT('',#11273);
#3259=VERTEX_POINT('',#11274);
#3260=VERTEX_POINT('',#11279);
#3261=VERTEX_POINT('',#11280);
#3262=VERTEX_POINT('',#11285);
#3263=VERTEX_POINT('',#11286);
#3264=VERTEX_POINT('',#11291);
#3265=VERTEX_POINT('',#11292);
#3266=VERTEX_POINT('',#11300);
#3267=VERTEX_POINT('',#11302);
#3268=VERTEX_POINT('',#11306);
#3269=VERTEX_POINT('',#11310);
#3270=VERTEX_POINT('',#11314);
#3271=VERTEX_POINT('',#11318);
#3272=VERTEX_POINT('',#11319);
#3273=VERTEX_POINT('',#11321);
#3274=VERTEX_POINT('',#11323);
#3275=VERTEX_POINT('',#11325);
#3276=VERTEX_POINT('',#11329);
#3277=VERTEX_POINT('',#11333);
#3278=VERTEX_POINT('',#11337);
#3279=VERTEX_POINT('',#11343);
#3280=VERTEX_POINT('',#11345);
#3281=VERTEX_POINT('',#11347);
#3282=VERTEX_POINT('',#11351);
#3283=VERTEX_POINT('',#11355);
#3284=VERTEX_POINT('',#11357);
#3285=VERTEX_POINT('',#11359);
#3286=VERTEX_POINT('',#11363);
#3287=VERTEX_POINT('',#11365);
#3288=VERTEX_POINT('',#11367);
#3289=VERTEX_POINT('',#11371);
#3290=VERTEX_POINT('',#11375);
#3291=VERTEX_POINT('',#11379);
#3292=VERTEX_POINT('',#11383);
#3293=VERTEX_POINT('',#11385);
#3294=VERTEX_POINT('',#11387);
#3295=VERTEX_POINT('',#11389);
#3296=VERTEX_POINT('',#11391);
#3297=VERTEX_POINT('',#11395);
#3298=VERTEX_POINT('',#11396);
#3299=VERTEX_POINT('',#11398);
#3300=VERTEX_POINT('',#11400);
#3301=VERTEX_POINT('',#11402);
#3302=VERTEX_POINT('',#11405);
#3303=VERTEX_POINT('',#11406);
#3304=VERTEX_POINT('',#11408);
#3305=VERTEX_POINT('',#11414);
#3306=VERTEX_POINT('',#11415);
#3307=VERTEX_POINT('',#11417);
#3308=VERTEX_POINT('',#11419);
#3309=VERTEX_POINT('',#11423);
#3310=VERTEX_POINT('',#11425);
#3311=VERTEX_POINT('',#11429);
#3312=VERTEX_POINT('',#11431);
#3313=VERTEX_POINT('',#11435);
#3314=VERTEX_POINT('',#11437);
#3315=VERTEX_POINT('',#11441);
#3316=VERTEX_POINT('',#11442);
#3317=VERTEX_POINT('',#11444);
#3318=VERTEX_POINT('',#11446);
#3319=VERTEX_POINT('',#11450);
#3320=VERTEX_POINT('',#11452);
#3321=VERTEX_POINT('',#11456);
#3322=VERTEX_POINT('',#11458);
#3323=VERTEX_POINT('',#11465);
#3324=VERTEX_POINT('',#11467);
#3325=VERTEX_POINT('',#11474);
#3326=VERTEX_POINT('',#11476);
#3327=VERTEX_POINT('',#11483);
#3328=VERTEX_POINT('',#11484);
#3329=VERTEX_POINT('',#11489);
#3330=VERTEX_POINT('',#11490);
#3331=VERTEX_POINT('',#11495);
#3332=VERTEX_POINT('',#11496);
#3333=VERTEX_POINT('',#11501);
#3334=VERTEX_POINT('',#11502);
#3335=VERTEX_POINT('',#11510);
#3336=VERTEX_POINT('',#11515);
#3337=VERTEX_POINT('',#11521);
#3338=VERTEX_POINT('',#11523);
#3339=VERTEX_POINT('',#11525);
#3340=VERTEX_POINT('',#11527);
#3341=VERTEX_POINT('',#11529);
#3342=VERTEX_POINT('',#11531);
#3343=VERTEX_POINT('',#11546);
#3344=VERTEX_POINT('',#11547);
#3345=VERTEX_POINT('',#11549);
#3346=VERTEX_POINT('',#11555);
#3347=VERTEX_POINT('',#11557);
#3348=VERTEX_POINT('',#11559);
#3349=VERTEX_POINT('',#11565);
#3350=VERTEX_POINT('',#11567);
#3351=VERTEX_POINT('',#11569);
#3352=VERTEX_POINT('',#11575);
#3353=VERTEX_POINT('',#11583);
#3354=VERTEX_POINT('',#11589);
#3355=VERTEX_POINT('',#11591);
#3356=VERTEX_POINT('',#11593);
#3357=VERTEX_POINT('',#11595);
#3358=VERTEX_POINT('',#11597);
#3359=VERTEX_POINT('',#11599);
#3360=VERTEX_POINT('',#11601);
#3361=VERTEX_POINT('',#11603);
#3362=VERTEX_POINT('',#11609);
#3363=VERTEX_POINT('',#11611);
#3364=VERTEX_POINT('',#11613);
#3365=VERTEX_POINT('',#11615);
#3366=VERTEX_POINT('',#11621);
#3367=VERTEX_POINT('',#11628);
#3368=VERTEX_POINT('',#11634);
#3369=VERTEX_POINT('',#11636);
#3370=VERTEX_POINT('',#11649);
#3371=VERTEX_POINT('',#11651);
#3372=VERTEX_POINT('',#11653);
#3373=VERTEX_POINT('',#11661);
#3374=VERTEX_POINT('',#11662);
#3375=VERTEX_POINT('',#11685);
#3376=VERTEX_POINT('',#11686);
#3377=VERTEX_POINT('',#11705);
#3378=VERTEX_POINT('',#11706);
#3379=VERTEX_POINT('',#11720);
#3380=VERTEX_POINT('',#11728);
#3381=VERTEX_POINT('',#11732);
#3382=VERTEX_POINT('',#11745);
#3383=VERTEX_POINT('',#11753);
#3384=VERTEX_POINT('',#11757);
#3385=VERTEX_POINT('',#11770);
#3386=VERTEX_POINT('',#11791);
#3387=VERTEX_POINT('',#11810);
#3388=VERTEX_POINT('',#11818);
#3389=VERTEX_POINT('',#11822);
#3390=VERTEX_POINT('',#11826);
#3391=VERTEX_POINT('',#11830);
#3392=VERTEX_POINT('',#11834);
#3393=VERTEX_POINT('',#11838);
#3394=VERTEX_POINT('',#11842);
#3395=VERTEX_POINT('',#11855);
#3396=VERTEX_POINT('',#11863);
#3397=VERTEX_POINT('',#11867);
#3398=VERTEX_POINT('',#11871);
#3399=VERTEX_POINT('',#11884);
#3400=VERTEX_POINT('',#11903);
#3401=VERTEX_POINT('',#11921);
#3402=VERTEX_POINT('',#11929);
#3403=VERTEX_POINT('',#11956);
#3404=VERTEX_POINT('',#11971);
#3405=VERTEX_POINT('',#11975);
#3406=VERTEX_POINT('',#11979);
#3407=VERTEX_POINT('',#12014);
#3408=VERTEX_POINT('',#12015);
#3409=VERTEX_POINT('',#12094);
#3410=VERTEX_POINT('',#12095);
#3411=VERTEX_POINT('',#12129);
#3412=VERTEX_POINT('',#12130);
#3413=VERTEX_POINT('',#12132);
#3414=VERTEX_POINT('',#12134);
#3415=VERTEX_POINT('',#12136);
#3416=VERTEX_POINT('',#12138);
#3417=VERTEX_POINT('',#12140);
#3418=VERTEX_POINT('',#12142);
#3419=VERTEX_POINT('',#12144);
#3420=VERTEX_POINT('',#12150);
#3421=VERTEX_POINT('',#12152);
#3422=VERTEX_POINT('',#12154);
#3423=VERTEX_POINT('',#12158);
#3424=VERTEX_POINT('',#12159);
#3425=VERTEX_POINT('',#12164);
#3426=VERTEX_POINT('',#12168);
#3427=VERTEX_POINT('',#12172);
#3428=VERTEX_POINT('',#12176);
#3429=VERTEX_POINT('',#12180);
#3430=VERTEX_POINT('',#12184);
#3431=VERTEX_POINT('',#12197);
#3432=VERTEX_POINT('',#12205);
#3433=VERTEX_POINT('',#12209);
#3434=VERTEX_POINT('',#12213);
#3435=VERTEX_POINT('',#12219);
#3436=VERTEX_POINT('',#12221);
#3437=VERTEX_POINT('',#12225);
#3438=VERTEX_POINT('',#12239);
#3439=VERTEX_POINT('',#12240);
#3440=VERTEX_POINT('',#12245);
#3441=VERTEX_POINT('',#12248);
#3442=VERTEX_POINT('',#12259);
#3443=VERTEX_POINT('',#12280);
#3444=VERTEX_POINT('',#12282);
#3445=VERTEX_POINT('',#12284);
#3446=VERTEX_POINT('',#12434);
#3447=VERTEX_POINT('',#12457);
#3448=VERTEX_POINT('',#12469);
#3449=VERTEX_POINT('',#12473);
#3450=VERTEX_POINT('',#12477);
#3451=VERTEX_POINT('',#12481);
#3452=VERTEX_POINT('',#12483);
#3453=VERTEX_POINT('',#12485);
#3454=VERTEX_POINT('',#12487);
#3455=VERTEX_POINT('',#12489);
#3456=VERTEX_POINT('',#12493);
#3457=VERTEX_POINT('',#12497);
#3458=VERTEX_POINT('',#12499);
#3459=VERTEX_POINT('',#12501);
#3460=VERTEX_POINT('',#12503);
#3461=VERTEX_POINT('',#12505);
#3462=VERTEX_POINT('',#12507);
#3463=VERTEX_POINT('',#12509);
#3464=VERTEX_POINT('',#12513);
#3465=VERTEX_POINT('',#12521);
#3466=VERTEX_POINT('',#12528);
#3467=VERTEX_POINT('',#12529);
#3468=VERTEX_POINT('',#12531);
#3469=VERTEX_POINT('',#12533);
#3470=VERTEX_POINT('',#12537);
#3471=VERTEX_POINT('',#12539);
#3472=VERTEX_POINT('',#12542);
#3473=VERTEX_POINT('',#12544);
#3474=VERTEX_POINT('',#12547);
#3475=VERTEX_POINT('',#12549);
#3476=VERTEX_POINT('',#12551);
#3477=VERTEX_POINT('',#12553);
#3478=VERTEX_POINT('',#12555);
#3479=VERTEX_POINT('',#12558);
#3480=VERTEX_POINT('',#12560);
#3481=VERTEX_POINT('',#12562);
#3482=VERTEX_POINT('',#12564);
#3483=VERTEX_POINT('',#12566);
#3484=VERTEX_POINT('',#12568);
#3485=VERTEX_POINT('',#12570);
#3486=VERTEX_POINT('',#12572);
#3487=VERTEX_POINT('',#12575);
#3488=VERTEX_POINT('',#12578);
#3489=VERTEX_POINT('',#12579);
#3490=VERTEX_POINT('',#12581);
#3491=VERTEX_POINT('',#12583);
#3492=VERTEX_POINT('',#12587);
#3493=VERTEX_POINT('',#12588);
#3494=VERTEX_POINT('',#12593);
#3495=VERTEX_POINT('',#12597);
#3496=VERTEX_POINT('',#12598);
#3497=VERTEX_POINT('',#12600);
#3498=VERTEX_POINT('',#12602);
#3499=VERTEX_POINT('',#12609);
#3500=VERTEX_POINT('',#12615);
#3501=VERTEX_POINT('',#12617);
#3502=VERTEX_POINT('',#12621);
#3503=VERTEX_POINT('',#12623);
#3504=VERTEX_POINT('',#12631);
#3505=VERTEX_POINT('',#12632);
#3506=VERTEX_POINT('',#12634);
#3507=VERTEX_POINT('',#12636);
#3508=VERTEX_POINT('',#12640);
#3509=VERTEX_POINT('',#12642);
#3510=VERTEX_POINT('',#12646);
#3511=VERTEX_POINT('',#12648);
#3512=VERTEX_POINT('',#12656);
#3513=VERTEX_POINT('',#12657);
#3514=VERTEX_POINT('',#12663);
#3515=VERTEX_POINT('',#12671);
#3516=VERTEX_POINT('',#12673);
#3517=VERTEX_POINT('',#12675);
#3518=VERTEX_POINT('',#12679);
#3519=VERTEX_POINT('',#12681);
#3520=VERTEX_POINT('',#12691);
#3521=VERTEX_POINT('',#12693);
#3522=VERTEX_POINT('',#12698);
#3523=VERTEX_POINT('',#12712);
#3524=VERTEX_POINT('',#12716);
#3525=VERTEX_POINT('',#12720);
#3526=VERTEX_POINT('',#12750);
#3527=VERTEX_POINT('',#12752);
#3528=VERTEX_POINT('',#12756);
#3529=VERTEX_POINT('',#12760);
#3530=VERTEX_POINT('',#12767);
#3531=VERTEX_POINT('',#12771);
#3532=VERTEX_POINT('',#12776);
#3533=VERTEX_POINT('',#12778);
#3534=VERTEX_POINT('',#12782);
#3535=VERTEX_POINT('',#12786);
#3536=EDGE_CURVE('',#2894,#2895,#2642,.T.);
#3537=EDGE_CURVE('',#2895,#2896,#1266,.T.);
#3538=EDGE_CURVE('',#2896,#2897,#2643,.T.);
#3539=EDGE_CURVE('',#2897,#2894,#1267,.T.);
#3540=EDGE_CURVE('',#2898,#2897,#1268,.T.);
#3541=EDGE_CURVE('',#2899,#2898,#1269,.T.);
#3542=EDGE_CURVE('',#2894,#2899,#1270,.T.);
#3543=EDGE_CURVE('',#2900,#2896,#1271,.T.);
#3544=EDGE_CURVE('',#2901,#2900,#1272,.T.);
#3545=EDGE_CURVE('',#2902,#2901,#1273,.T.);
#3546=EDGE_CURVE('',#2903,#2902,#2644,.T.);
#3547=EDGE_CURVE('',#2898,#2903,#1274,.T.);
#3548=EDGE_CURVE('',#2904,#2905,#2645,.T.);
#3549=EDGE_CURVE('',#2905,#2906,#1275,.T.);
#3550=EDGE_CURVE('',#2906,#2907,#2646,.T.);
#3551=EDGE_CURVE('',#2907,#2904,#1276,.T.);
#3552=EDGE_CURVE('',#2908,#2907,#1277,.T.);
#3553=EDGE_CURVE('',#2909,#2908,#1278,.T.);
#3554=EDGE_CURVE('',#2909,#2904,#1279,.T.);
#3555=EDGE_CURVE('',#2910,#2906,#1280,.T.);
#3556=EDGE_CURVE('',#2910,#2911,#1281,.T.);
#3557=EDGE_CURVE('',#2912,#2911,#1282,.T.);
#3558=EDGE_CURVE('',#2913,#2912,#2647,.T.);
#3559=EDGE_CURVE('',#2908,#2913,#1283,.T.);
#3560=EDGE_CURVE('',#2914,#2915,#2648,.T.);
#3561=EDGE_CURVE('',#2915,#2916,#1284,.T.);
#3562=EDGE_CURVE('',#2916,#2917,#2649,.T.);
#3563=EDGE_CURVE('',#2917,#2914,#1285,.T.);
#3564=EDGE_CURVE('',#2917,#2918,#1286,.T.);
#3565=EDGE_CURVE('',#2919,#2918,#1287,.T.);
#3566=EDGE_CURVE('',#2919,#2914,#1288,.T.);
#3567=EDGE_CURVE('',#2920,#2916,#1289,.T.);
#3568=EDGE_CURVE('',#2921,#2920,#1290,.T.);
#3569=EDGE_CURVE('',#2922,#2921,#1291,.T.);
#3570=EDGE_CURVE('',#2923,#2922,#2650,.T.);
#3571=EDGE_CURVE('',#2918,#2923,#1292,.T.);
#3572=EDGE_CURVE('',#2924,#2925,#2651,.T.);
#3573=EDGE_CURVE('',#2925,#2926,#1293,.T.);
#3574=EDGE_CURVE('',#2926,#2927,#2652,.T.);
#3575=EDGE_CURVE('',#2927,#2924,#1294,.T.);
#3576=EDGE_CURVE('',#2925,#2928,#1295,.T.);
#3577=EDGE_CURVE('',#2928,#2929,#1296,.T.);
#3578=EDGE_CURVE('',#2929,#2926,#1297,.T.);
#3579=EDGE_CURVE('',#2930,#2924,#1298,.T.);
#3580=EDGE_CURVE('',#2931,#2930,#1299,.T.);
#3581=EDGE_CURVE('',#2932,#2931,#2653,.T.);
#3582=EDGE_CURVE('',#2933,#2932,#1300,.T.);
#3583=EDGE_CURVE('',#2928,#2933,#1301,.T.);
#3584=EDGE_CURVE('',#2934,#2919,#1302,.T.);
#3585=EDGE_CURVE('',#2935,#2934,#2654,.T.);
#3586=EDGE_CURVE('',#2936,#2935,#1303,.T.);
#3587=EDGE_CURVE('',#2936,#2937,#1304,.T.);
#3588=EDGE_CURVE('',#2915,#2937,#1305,.T.);
#3589=EDGE_CURVE('',#2922,#2935,#1306,.T.);
#3590=EDGE_CURVE('',#2921,#2936,#1307,.T.);
#3591=EDGE_CURVE('',#2937,#2920,#1308,.T.);
#3592=EDGE_CURVE('',#2923,#2938,#1309,.T.);
#3593=EDGE_CURVE('',#2938,#2939,#2655,.T.);
#3594=EDGE_CURVE('',#2939,#2940,#1310,.T.);
#3595=EDGE_CURVE('',#2918,#2940,#1311,.T.);
#3596=EDGE_CURVE('',#2941,#2932,#1312,.T.);
#3597=EDGE_CURVE('',#2941,#2942,#1313,.T.);
#3598=EDGE_CURVE('',#2942,#2933,#1314,.T.);
#3599=EDGE_CURVE('',#2943,#2927,#1315,.T.);
#3600=EDGE_CURVE('',#2930,#2943,#1316,.T.);
#3601=EDGE_CURVE('',#2942,#2929,#1317,.T.);
#3602=EDGE_CURVE('',#2941,#2944,#2656,.T.);
#3603=EDGE_CURVE('',#2944,#2943,#1318,.T.);
#3604=EDGE_CURVE('',#2912,#2945,#1319,.T.);
#3605=EDGE_CURVE('',#2911,#2946,#1320,.T.);
#3606=EDGE_CURVE('',#2946,#2945,#1321,.T.);
#3607=EDGE_CURVE('',#2947,#2910,#1322,.T.);
#3608=EDGE_CURVE('',#2946,#2947,#1323,.T.);
#3609=EDGE_CURVE('',#2948,#2909,#1324,.T.);
#3610=EDGE_CURVE('',#2945,#2948,#2657,.T.);
#3611=EDGE_CURVE('',#2905,#2947,#1325,.T.);
#3612=EDGE_CURVE('',#2949,#2948,#1326,.T.);
#3613=EDGE_CURVE('',#2949,#2950,#2658,.T.);
#3614=EDGE_CURVE('',#2951,#2950,#1327,.T.);
#3615=EDGE_CURVE('',#2951,#2952,#2659,.T.);
#3616=EDGE_CURVE('',#2913,#2952,#1328,.T.);
#3617=EDGE_CURVE('',#2953,#2909,#1329,.T.);
#3618=EDGE_CURVE('',#2953,#2949,#1330,.T.);
#3619=EDGE_CURVE('',#2902,#2954,#1331,.T.);
#3620=EDGE_CURVE('',#2901,#2955,#1332,.T.);
#3621=EDGE_CURVE('',#2955,#2954,#1333,.T.);
#3622=EDGE_CURVE('',#2956,#2900,#1334,.T.);
#3623=EDGE_CURVE('',#2955,#2956,#1335,.T.);
#3624=EDGE_CURVE('',#2957,#2899,#1336,.T.);
#3625=EDGE_CURVE('',#2954,#2957,#2660,.T.);
#3626=EDGE_CURVE('',#2895,#2956,#1337,.T.);
#3627=EDGE_CURVE('',#2903,#2958,#1338,.T.);
#3628=EDGE_CURVE('',#2958,#2959,#1339,.T.);
#3629=EDGE_CURVE('',#2898,#2959,#1340,.T.);
#3630=EDGE_CURVE('',#2960,#2899,#1341,.T.);
#3631=EDGE_CURVE('',#2960,#2961,#1342,.T.);
#3632=EDGE_CURVE('',#2961,#2962,#2661,.T.);
#3633=EDGE_CURVE('',#2962,#2957,#1343,.T.);
#3634=EDGE_CURVE('',#2963,#2964,#2662,.T.);
#3635=EDGE_CURVE('',#2964,#2965,#1344,.T.);
#3636=EDGE_CURVE('',#2965,#2966,#2663,.T.);
#3637=EDGE_CURVE('',#2966,#2963,#1345,.T.);
#3638=EDGE_CURVE('',#2967,#2968,#2664,.T.);
#3639=EDGE_CURVE('',#2968,#2966,#2665,.T.);
#3640=EDGE_CURVE('',#2965,#2967,#2666,.T.);
#3641=EDGE_CURVE('',#2969,#2970,#2667,.T.);
#3642=EDGE_CURVE('',#2970,#2968,#1346,.T.);
#3643=EDGE_CURVE('',#2967,#2969,#1347,.T.);
#3644=EDGE_CURVE('',#2971,#2972,#2668,.T.);
#3645=EDGE_CURVE('',#2972,#2970,#2669,.T.);
#3646=EDGE_CURVE('',#2969,#2971,#2670,.T.);
#3647=EDGE_CURVE('',#2973,#2974,#2671,.T.);
#3648=EDGE_CURVE('',#2974,#2972,#1348,.T.);
#3649=EDGE_CURVE('',#2971,#2973,#1349,.T.);
#3650=EDGE_CURVE('',#2975,#2976,#2672,.T.);
#3651=EDGE_CURVE('',#2976,#2974,#2673,.T.);
#3652=EDGE_CURVE('',#2973,#2975,#2674,.T.);
#3653=EDGE_CURVE('',#2977,#2978,#2675,.T.);
#3654=EDGE_CURVE('',#2978,#2976,#1350,.T.);
#3655=EDGE_CURVE('',#2975,#2977,#1351,.T.);
#3656=EDGE_CURVE('',#2963,#2978,#2676,.T.);
#3657=EDGE_CURVE('',#2977,#2964,#2677,.T.);
#3658=EDGE_CURVE('',#2979,#2969,#1352,.T.);
#3659=EDGE_CURVE('',#2980,#2979,#2678,.T.);
#3660=EDGE_CURVE('',#2980,#2971,#1353,.T.);
#3661=EDGE_CURVE('',#2981,#2967,#1354,.T.);
#3662=EDGE_CURVE('',#2979,#2981,#1355,.T.);
#3663=EDGE_CURVE('',#2982,#2965,#1356,.T.);
#3664=EDGE_CURVE('',#2981,#2982,#2679,.T.);
#3665=EDGE_CURVE('',#2983,#2964,#1357,.T.);
#3666=EDGE_CURVE('',#2982,#2983,#1358,.T.);
#3667=EDGE_CURVE('',#2984,#2985,#1359,.T.);
#3668=EDGE_CURVE('',#2986,#2984,#1360,.T.);
#3669=EDGE_CURVE('',#2987,#2986,#1361,.T.);
#3670=EDGE_CURVE('',#2985,#2987,#1362,.T.);
#3671=EDGE_CURVE('',#2988,#2989,#1363,.T.);
#3672=EDGE_CURVE('',#2990,#2988,#1364,.T.);
#3673=EDGE_CURVE('',#2991,#2990,#1365,.T.);
#3674=EDGE_CURVE('',#2991,#2989,#1366,.T.);
#3675=EDGE_CURVE('',#2989,#2992,#1367,.T.);
#3676=EDGE_CURVE('',#2993,#2991,#1368,.T.);
#3677=EDGE_CURVE('',#2993,#2992,#1369,.T.);
#3678=EDGE_CURVE('',#2992,#2994,#1370,.T.);
#3679=EDGE_CURVE('',#2995,#2993,#1371,.T.);
#3680=EDGE_CURVE('',#2995,#2994,#1372,.T.);
#3681=EDGE_CURVE('',#2996,#2988,#1373,.T.);
#3682=EDGE_CURVE('',#2997,#2996,#1374,.T.);
#3683=EDGE_CURVE('',#2990,#2997,#1375,.T.);
#3684=EDGE_CURVE('',#2997,#2998,#1376,.T.);
#3685=EDGE_CURVE('',#2998,#2999,#1377,.T.);
#3686=EDGE_CURVE('',#3000,#2999,#1378,.T.);
#3687=EDGE_CURVE('',#3000,#3001,#1379,.T.);
#3688=EDGE_CURVE('',#3001,#3002,#1380,.T.);
#3689=EDGE_CURVE('',#3002,#3003,#2680,.T.);
#3690=EDGE_CURVE('',#3003,#3004,#1381,.T.);
#3691=EDGE_CURVE('',#3004,#3005,#1382,.T.);
#3692=EDGE_CURVE('',#3006,#3005,#1383,.T.);
#3693=EDGE_CURVE('',#3007,#3006,#1384,.T.);
#3694=EDGE_CURVE('',#3007,#3008,#1385,.T.);
#3695=EDGE_CURVE('',#3008,#3009,#1386,.T.);
#3696=EDGE_CURVE('',#3009,#3010,#1387,.T.);
#3697=EDGE_CURVE('',#3011,#3010,#1388,.T.);
#3698=EDGE_CURVE('',#3012,#3011,#2681,.T.);
#3699=EDGE_CURVE('',#3012,#3013,#2682,.T.);
#3700=EDGE_CURVE('',#3013,#3014,#2683,.T.);
#3701=EDGE_CURVE('',#3014,#3015,#1389,.T.);
#3702=EDGE_CURVE('',#3016,#3015,#2684,.T.);
#3703=EDGE_CURVE('',#3016,#3017,#1390,.T.);
#3704=EDGE_CURVE('',#3017,#3018,#1391,.T.);
#3705=EDGE_CURVE('',#3018,#3019,#1392,.T.);
#3706=EDGE_CURVE('',#3019,#3020,#2685,.T.);
#3707=EDGE_CURVE('',#3020,#2995,#1393,.T.);
#3708=EDGE_CURVE('',#3021,#2994,#1394,.T.);
#3709=EDGE_CURVE('',#3022,#3021,#2686,.T.);
#3710=EDGE_CURVE('',#3023,#3022,#1395,.T.);
#3711=EDGE_CURVE('',#3024,#3023,#1396,.T.);
#3712=EDGE_CURVE('',#3024,#3025,#1397,.T.);
#3713=EDGE_CURVE('',#3025,#3026,#2687,.T.);
#3714=EDGE_CURVE('',#3026,#3027,#119,.T.);
#3715=EDGE_CURVE('',#3027,#3028,#1398,.T.);
#3716=EDGE_CURVE('',#3028,#3029,#2688,.T.);
#3717=EDGE_CURVE('',#3029,#3030,#2689,.T.);
#3718=EDGE_CURVE('',#3030,#3031,#2690,.T.);
#3719=EDGE_CURVE('',#3031,#3032,#1399,.T.);
#3720=EDGE_CURVE('',#3032,#3033,#1400,.T.);
#3721=EDGE_CURVE('',#3034,#3033,#1401,.T.);
#3722=EDGE_CURVE('',#3035,#3034,#1402,.T.);
#3723=EDGE_CURVE('',#3036,#3035,#1403,.T.);
#3724=EDGE_CURVE('',#3036,#3037,#1404,.T.);
#3725=EDGE_CURVE('',#3038,#3037,#1405,.T.);
#3726=EDGE_CURVE('',#3039,#3038,#1406,.T.);
#3727=EDGE_CURVE('',#3040,#3039,#2691,.T.);
#3728=EDGE_CURVE('',#3041,#3040,#1407,.T.);
#3729=EDGE_CURVE('',#3042,#3041,#1408,.T.);
#3730=EDGE_CURVE('',#3042,#3043,#1409,.T.);
#3731=EDGE_CURVE('',#3044,#3043,#1410,.T.);
#3732=EDGE_CURVE('',#2996,#3044,#1411,.T.);
#3733=EDGE_CURVE('',#3045,#3046,#2692,.T.);
#3734=EDGE_CURVE('',#3046,#3047,#1412,.T.);
#3735=EDGE_CURVE('',#3047,#3048,#2693,.T.);
#3736=EDGE_CURVE('',#3048,#3045,#1413,.T.);
#3737=EDGE_CURVE('',#3049,#3050,#2694,.T.);
#3738=EDGE_CURVE('',#3050,#3048,#2695,.T.);
#3739=EDGE_CURVE('',#3047,#3049,#2696,.T.);
#3740=EDGE_CURVE('',#3051,#3052,#2697,.T.);
#3741=EDGE_CURVE('',#3052,#3050,#40,.T.);
#3742=EDGE_CURVE('',#3049,#3051,#41,.T.);
#3743=EDGE_CURVE('',#3053,#3054,#42,.T.);
#3744=EDGE_CURVE('',#3054,#3052,#43,.T.);
#3745=EDGE_CURVE('',#3051,#3053,#44,.T.);
#3746=EDGE_CURVE('',#3053,#3055,#120,.T.);
#3747=EDGE_CURVE('',#3038,#3055,#1414,.T.);
#3748=EDGE_CURVE('',#3037,#3054,#1415,.T.);
#3749=EDGE_CURVE('',#3049,#3056,#1416,.T.);
#3750=EDGE_CURVE('',#3057,#3056,#45,.T.);
#3751=EDGE_CURVE('',#3055,#3057,#1417,.T.);
#3752=EDGE_CURVE('',#3058,#3046,#1418,.T.);
#3753=EDGE_CURVE('',#3059,#3058,#1419,.T.);
#3754=EDGE_CURVE('',#3056,#3059,#2698,.T.);
#3755=EDGE_CURVE('',#3060,#3061,#2699,.T.);
#3756=EDGE_CURVE('',#3061,#3062,#2700,.T.);
#3757=EDGE_CURVE('',#3062,#3063,#2701,.T.);
#3758=EDGE_CURVE('',#3063,#3060,#2702,.T.);
#3759=EDGE_CURVE('',#3064,#3065,#2703,.T.);
#3760=EDGE_CURVE('',#3065,#3063,#1420,.T.);
#3761=EDGE_CURVE('',#3062,#3064,#1421,.T.);
#3762=EDGE_CURVE('',#3060,#3066,#2704,.T.);
#3763=EDGE_CURVE('',#3066,#3061,#2705,.T.);
#3764=EDGE_CURVE('',#3067,#3066,#1422,.T.);
#3765=EDGE_CURVE('',#3068,#3067,#1423,.T.);
#3766=EDGE_CURVE('',#3069,#3068,#1424,.T.);
#3767=EDGE_CURVE('',#3070,#3069,#2706,.T.);
#3768=EDGE_CURVE('',#3071,#3070,#1425,.T.);
#3769=EDGE_CURVE('',#3064,#3071,#1426,.T.);
#3770=EDGE_CURVE('',#3072,#3060,#1427,.T.);
#3771=EDGE_CURVE('',#3073,#3072,#1428,.T.);
#3772=EDGE_CURVE('',#3017,#3073,#1429,.T.);
#3773=EDGE_CURVE('',#3025,#3016,#1430,.T.);
#3774=EDGE_CURVE('',#3067,#3024,#1431,.T.);
#3775=EDGE_CURVE('',#3074,#3063,#1432,.T.);
#3776=EDGE_CURVE('',#3074,#3072,#2707,.T.);
#3777=EDGE_CURVE('',#3075,#2962,#2708,.T.);
#3778=EDGE_CURVE('',#2950,#3075,#1433,.T.);
#3779=EDGE_CURVE('',#2958,#2950,#2709,.T.);
#3780=EDGE_CURVE('',#3013,#3029,#1434,.T.);
#3781=EDGE_CURVE('',#3030,#3012,#1435,.T.);
#3782=EDGE_CURVE('',#3076,#3077,#2710,.T.);
#3783=EDGE_CURVE('',#3077,#3078,#1436,.T.);
#3784=EDGE_CURVE('',#3078,#3079,#2711,.T.);
#3785=EDGE_CURVE('',#3079,#3076,#1437,.T.);
#3786=EDGE_CURVE('',#3080,#3081,#2712,.T.);
#3787=EDGE_CURVE('',#3081,#3079,#2713,.T.);
#3788=EDGE_CURVE('',#3078,#3080,#2714,.T.);
#3789=EDGE_CURVE('',#3082,#3083,#2715,.T.);
#3790=EDGE_CURVE('',#3083,#3081,#1438,.T.);
#3791=EDGE_CURVE('',#3080,#3082,#1439,.T.);
#3792=EDGE_CURVE('',#3084,#3085,#2716,.T.);
#3793=EDGE_CURVE('',#3085,#3083,#2717,.T.);
#3794=EDGE_CURVE('',#3082,#3084,#2718,.T.);
#3795=EDGE_CURVE('',#3086,#3087,#2719,.T.);
#3796=EDGE_CURVE('',#3087,#3085,#1440,.T.);
#3797=EDGE_CURVE('',#3084,#3086,#1441,.T.);
#3798=EDGE_CURVE('',#3088,#3089,#2720,.T.);
#3799=EDGE_CURVE('',#3089,#3087,#2721,.T.);
#3800=EDGE_CURVE('',#3086,#3088,#2722,.T.);
#3801=EDGE_CURVE('',#3090,#3091,#2723,.T.);
#3802=EDGE_CURVE('',#3091,#3089,#1442,.T.);
#3803=EDGE_CURVE('',#3088,#3090,#1443,.T.);
#3804=EDGE_CURVE('',#3076,#3091,#2724,.T.);
#3805=EDGE_CURVE('',#3090,#3077,#2725,.T.);
#3806=EDGE_CURVE('',#3082,#3092,#1444,.T.);
#3807=EDGE_CURVE('',#3093,#3092,#2726,.T.);
#3808=EDGE_CURVE('',#3093,#3084,#1445,.T.);
#3809=EDGE_CURVE('',#3094,#3080,#1446,.T.);
#3810=EDGE_CURVE('',#3092,#3094,#1447,.T.);
#3811=EDGE_CURVE('',#3078,#3095,#1448,.T.);
#3812=EDGE_CURVE('',#3094,#3095,#2727,.T.);
#3813=EDGE_CURVE('',#3096,#3077,#1449,.T.);
#3814=EDGE_CURVE('',#3097,#3096,#1450,.T.);
#3815=EDGE_CURVE('',#3095,#3097,#2728,.T.);
#3816=EDGE_CURVE('',#2940,#3098,#2729,.T.);
#3817=EDGE_CURVE('',#3098,#2930,#1451,.T.);
#3818=EDGE_CURVE('',#2943,#2960,#2730,.T.);
#3819=EDGE_CURVE('',#2959,#2953,#2731,.T.);
#3820=EDGE_CURVE('',#2908,#3099,#1452,.T.);
#3821=EDGE_CURVE('',#3099,#3100,#2732,.T.);
#3822=EDGE_CURVE('',#3100,#2919,#1453,.T.);
#3823=EDGE_CURVE('',#3101,#2975,#1454,.T.);
#3824=EDGE_CURVE('',#3102,#3101,#1455,.T.);
#3825=EDGE_CURVE('',#3102,#2977,#1456,.T.);
#3826=EDGE_CURVE('',#2983,#3102,#2733,.T.);
#3827=EDGE_CURVE('',#3103,#2980,#1457,.T.);
#3828=EDGE_CURVE('',#3103,#2973,#1458,.T.);
#3829=EDGE_CURVE('',#3101,#3103,#2734,.T.);
#3830=EDGE_CURVE('',#3104,#3093,#2735,.T.);
#3831=EDGE_CURVE('',#3105,#3104,#1459,.T.);
#3832=EDGE_CURVE('',#3086,#3105,#1460,.T.);
#3833=EDGE_CURVE('',#2986,#3105,#2736,.T.);
#3834=EDGE_CURVE('',#2986,#3106,#2737,.T.);
#3835=EDGE_CURVE('',#3105,#3106,#2738,.T.);
#3836=EDGE_CURVE('',#3092,#2987,#2739,.T.);
#3837=EDGE_CURVE('',#3104,#2987,#2740,.T.);
#3838=EDGE_CURVE('',#3106,#3088,#1461,.T.);
#3839=EDGE_CURVE('',#3107,#3106,#1462,.T.);
#3840=EDGE_CURVE('',#3090,#3107,#1463,.T.);
#3841=EDGE_CURVE('',#3107,#2984,#2741,.T.);
#3842=EDGE_CURVE('',#2985,#3094,#2742,.T.);
#3843=EDGE_CURVE('',#3107,#3096,#2743,.T.);
#3844=EDGE_CURVE('',#3096,#2984,#2744,.T.);
#3845=EDGE_CURVE('',#2985,#3097,#2745,.T.);
#3846=EDGE_CURVE('',#2951,#3108,#2746,.T.);
#3847=EDGE_CURVE('',#3108,#2952,#2747,.T.);
#3848=EDGE_CURVE('',#2939,#3109,#2748,.T.);
#3849=EDGE_CURVE('',#2938,#3110,#2749,.T.);
#3850=EDGE_CURVE('',#3109,#3110,#2750,.T.);
#3851=EDGE_CURVE('',#3108,#2934,#1464,.T.);
#3852=EDGE_CURVE('',#3110,#2951,#1465,.T.);
#3853=EDGE_CURVE('',#2952,#3099,#1466,.T.);
#3854=EDGE_CURVE('',#3100,#3108,#1467,.T.);
#3855=EDGE_CURVE('',#3075,#3110,#1468,.T.);
#3856=EDGE_CURVE('',#3109,#2931,#1469,.T.);
#3857=EDGE_CURVE('',#3075,#2941,#2751,.T.);
#3858=EDGE_CURVE('',#2949,#2958,#2752,.T.);
#3859=EDGE_CURVE('',#2944,#2961,#2753,.T.);
#3860=EDGE_CURVE('',#3098,#3109,#1470,.T.);
#3861=EDGE_CURVE('',#3028,#3014,#1471,.T.);
#3862=EDGE_CURVE('',#3111,#3112,#121,.T.);
#3863=EDGE_CURVE('',#3113,#3111,#21,.T.);
#3864=EDGE_CURVE('',#3114,#3113,#122,.T.);
#3865=EDGE_CURVE('',#3112,#3114,#22,.T.);
#3866=EDGE_CURVE('',#3036,#3113,#1472,.T.);
#3867=EDGE_CURVE('',#3035,#3114,#1473,.T.);
#3868=EDGE_CURVE('',#3042,#3045,#1474,.T.);
#3869=EDGE_CURVE('',#3041,#3058,#1475,.T.);
#3870=EDGE_CURVE('',#3115,#3052,#1476,.T.);
#3871=EDGE_CURVE('',#3115,#3116,#2754,.T.);
#3872=EDGE_CURVE('',#3116,#3048,#1477,.T.);
#3873=EDGE_CURVE('',#3033,#3111,#1478,.T.);
#3874=EDGE_CURVE('',#3011,#3031,#1479,.T.);
#3875=EDGE_CURVE('',#3117,#3010,#1480,.T.);
#3876=EDGE_CURVE('',#3117,#3118,#1481,.T.);
#3877=EDGE_CURVE('',#3118,#3007,#1482,.T.);
#3878=EDGE_CURVE('',#3119,#3005,#1483,.T.);
#3879=EDGE_CURVE('',#3119,#3115,#1484,.T.);
#3880=EDGE_CURVE('',#3022,#3069,#1485,.T.);
#3881=EDGE_CURVE('',#3021,#3070,#1486,.T.);
#3882=EDGE_CURVE('',#3116,#3120,#1487,.T.);
#3883=EDGE_CURVE('',#3120,#3000,#1488,.T.);
#3884=EDGE_CURVE('',#3121,#2999,#1489,.T.);
#3885=EDGE_CURVE('',#3121,#3074,#1490,.T.);
#3886=EDGE_CURVE('',#3043,#3065,#1491,.T.);
#3887=EDGE_CURVE('',#3023,#3068,#1492,.T.);
#3888=EDGE_CURVE('',#3044,#3071,#1493,.T.);
#3889=EDGE_CURVE('',#3034,#3112,#1494,.T.);
#3890=EDGE_CURVE('',#3122,#3119,#1495,.T.);
#3891=EDGE_CURVE('',#3123,#3122,#1496,.T.);
#3892=EDGE_CURVE('',#3124,#3123,#2755,.T.);
#3893=EDGE_CURVE('',#3125,#3124,#1497,.T.);
#3894=EDGE_CURVE('',#3120,#3125,#1498,.T.);
#3895=EDGE_CURVE('',#3126,#3121,#1499,.T.);
#3896=EDGE_CURVE('',#3127,#3126,#1500,.T.);
#3897=EDGE_CURVE('',#3128,#3127,#2756,.T.);
#3898=EDGE_CURVE('',#3129,#3128,#1501,.T.);
#3899=EDGE_CURVE('',#3073,#3129,#1502,.T.);
#3900=EDGE_CURVE('',#3130,#3131,#1503,.T.);
#3901=EDGE_CURVE('',#3118,#3130,#1504,.T.);
#3902=EDGE_CURVE('',#3131,#3117,#1505,.T.);
#3903=EDGE_CURVE('',#3124,#3002,#1506,.T.);
#3904=EDGE_CURVE('',#3125,#3001,#1507,.T.);
#3905=EDGE_CURVE('',#3123,#3003,#1508,.T.);
#3906=EDGE_CURVE('',#3122,#3004,#1509,.T.);
#3907=EDGE_CURVE('',#3129,#3018,#1510,.T.);
#3908=EDGE_CURVE('',#3130,#3008,#1511,.T.);
#3909=EDGE_CURVE('',#3131,#3009,#1512,.T.);
#3910=EDGE_CURVE('',#3126,#2998,#1513,.T.);
#3911=EDGE_CURVE('',#3127,#3020,#1514,.T.);
#3912=EDGE_CURVE('',#3128,#3019,#1515,.T.);
#3913=EDGE_CURVE('',#3132,#3026,#46,.T.);
#3914=EDGE_CURVE('',#3132,#3027,#1516,.T.);
#3915=EDGE_CURVE('',#3015,#3132,#1517,.T.);
#3916=EDGE_CURVE('',#3039,#3057,#1518,.T.);
#3917=EDGE_CURVE('',#3040,#3059,#1519,.T.);
#3918=EDGE_CURVE('',#3133,#3134,#1520,.T.);
#3919=EDGE_CURVE('',#3135,#3133,#123,.F.);
#3920=EDGE_CURVE('',#3136,#3135,#1521,.F.);
#3921=EDGE_CURVE('',#3137,#3136,#124,.F.);
#3922=EDGE_CURVE('',#3138,#3137,#1522,.T.);
#3923=EDGE_CURVE('',#3138,#3139,#125,.T.);
#3924=EDGE_CURVE('',#3140,#3139,#1523,.T.);
#3925=EDGE_CURVE('',#3141,#3140,#1524,.T.);
#3926=EDGE_CURVE('',#3134,#3141,#1525,.T.);
#3927=EDGE_CURVE('',#3142,#3143,#1526,.T.);
#3928=EDGE_CURVE('',#3143,#3144,#2757,.T.);
#3929=EDGE_CURVE('',#3144,#3145,#1527,.T.);
#3930=EDGE_CURVE('',#3145,#3146,#2758,.T.);
#3931=EDGE_CURVE('',#3146,#3147,#1528,.T.);
#3932=EDGE_CURVE('',#3147,#3148,#2759,.T.);
#3933=EDGE_CURVE('',#3148,#3149,#1529,.T.);
#3934=EDGE_CURVE('',#3149,#3142,#2760,.T.);
#3935=EDGE_CURVE('',#3150,#3150,#2761,.T.);
#3936=EDGE_CURVE('',#3151,#3151,#2762,.T.);
#3937=EDGE_CURVE('',#3152,#3153,#1530,.T.);
#3938=EDGE_CURVE('',#3154,#3152,#1531,.T.);
#3939=EDGE_CURVE('',#3155,#3154,#1532,.T.);
#3940=EDGE_CURVE('',#3153,#3155,#1533,.T.);
#3941=EDGE_CURVE('',#3156,#3156,#2763,.T.);
#3942=EDGE_CURVE('',#3157,#3158,#1534,.T.);
#3943=EDGE_CURVE('',#3158,#3159,#1535,.T.);
#3944=EDGE_CURVE('',#3159,#3160,#1536,.T.);
#3945=EDGE_CURVE('',#3160,#3157,#1537,.T.);
#3946=EDGE_CURVE('',#3161,#3162,#2764,.T.);
#3947=EDGE_CURVE('',#3162,#3163,#1538,.T.);
#3948=EDGE_CURVE('',#3163,#3164,#2765,.T.);
#3949=EDGE_CURVE('',#3164,#3161,#1539,.T.);
#3950=EDGE_CURVE('',#3165,#3166,#2766,.T.);
#3951=EDGE_CURVE('',#3166,#3164,#126,.T.);
#3952=EDGE_CURVE('',#3163,#3165,#127,.T.);
#3953=EDGE_CURVE('',#3167,#3168,#2767,.T.);
#3954=EDGE_CURVE('',#3168,#3166,#1540,.T.);
#3955=EDGE_CURVE('',#3165,#3167,#1541,.T.);
#3956=EDGE_CURVE('',#3169,#3170,#2768,.T.);
#3957=EDGE_CURVE('',#3170,#3168,#128,.T.);
#3958=EDGE_CURVE('',#3167,#3169,#129,.T.);
#3959=EDGE_CURVE('',#3171,#3172,#2769,.T.);
#3960=EDGE_CURVE('',#3172,#3170,#1542,.T.);
#3961=EDGE_CURVE('',#3169,#3171,#1543,.T.);
#3962=EDGE_CURVE('',#3173,#3174,#2770,.T.);
#3963=EDGE_CURVE('',#3174,#3172,#130,.T.);
#3964=EDGE_CURVE('',#3171,#3173,#131,.T.);
#3965=EDGE_CURVE('',#3175,#3176,#2771,.T.);
#3966=EDGE_CURVE('',#3176,#3174,#1544,.T.);
#3967=EDGE_CURVE('',#3173,#3175,#1545,.T.);
#3968=EDGE_CURVE('',#3161,#3176,#132,.T.);
#3969=EDGE_CURVE('',#3175,#3162,#133,.T.);
#3970=EDGE_CURVE('',#3167,#3177,#1546,.T.);
#3971=EDGE_CURVE('',#3177,#3178,#2772,.T.);
#3972=EDGE_CURVE('',#3178,#3179,#2773,.T.);
#3973=EDGE_CURVE('',#3169,#3179,#1547,.T.);
#3974=EDGE_CURVE('',#3165,#3180,#1548,.T.);
#3975=EDGE_CURVE('',#3180,#3177,#1549,.T.);
#3976=EDGE_CURVE('',#3163,#3181,#1550,.T.);
#3977=EDGE_CURVE('',#3181,#3180,#2774,.T.);
#3978=EDGE_CURVE('',#3162,#3182,#1551,.T.);
#3979=EDGE_CURVE('',#3182,#3181,#1552,.T.);
#3980=EDGE_CURVE('',#3183,#3184,#134,.T.);
#3981=EDGE_CURVE('',#3185,#3183,#47,.T.);
#3982=EDGE_CURVE('',#3185,#3186,#1553,.T.);
#3983=EDGE_CURVE('',#3187,#3186,#48,.T.);
#3984=EDGE_CURVE('',#3188,#3187,#135,.T.);
#3985=EDGE_CURVE('',#3189,#3188,#1554,.T.);
#3986=EDGE_CURVE('',#3190,#3189,#136,.T.);
#3987=EDGE_CURVE('',#3191,#3190,#1555,.T.);
#3988=EDGE_CURVE('',#3192,#3191,#137,.T.);
#3989=EDGE_CURVE('',#3184,#3192,#1556,.T.);
#3990=EDGE_CURVE('',#3193,#3194,#1557,.T.);
#3991=EDGE_CURVE('',#3195,#3193,#2775,.T.);
#3992=EDGE_CURVE('',#3196,#3195,#1558,.T.);
#3993=EDGE_CURVE('',#3197,#3196,#2776,.T.);
#3994=EDGE_CURVE('',#3198,#3197,#1559,.T.);
#3995=EDGE_CURVE('',#3199,#3198,#2777,.T.);
#3996=EDGE_CURVE('',#3200,#3199,#1560,.T.);
#3997=EDGE_CURVE('',#3194,#3200,#2778,.T.);
#3998=EDGE_CURVE('',#3201,#3201,#2779,.T.);
#3999=EDGE_CURVE('',#3202,#3202,#2780,.T.);
#4000=EDGE_CURVE('',#3203,#3203,#2781,.T.);
#4001=EDGE_CURVE('',#3204,#3205,#2782,.T.);
#4002=EDGE_CURVE('',#3205,#3206,#2783,.T.);
#4003=EDGE_CURVE('',#3206,#3207,#2784,.T.);
#4004=EDGE_CURVE('',#3207,#3204,#2785,.T.);
#4005=EDGE_CURVE('',#3208,#3209,#2786,.T.);
#4006=EDGE_CURVE('',#3209,#3207,#1561,.T.);
#4007=EDGE_CURVE('',#3206,#3208,#1562,.T.);
#4008=EDGE_CURVE('',#3210,#3211,#2787,.T.);
#4009=EDGE_CURVE('',#3211,#3209,#2788,.T.);
#4010=EDGE_CURVE('',#3208,#3210,#2789,.T.);
#4011=EDGE_CURVE('',#3212,#3211,#49,.T.);
#4012=EDGE_CURVE('',#3210,#3213,#2790,.T.);
#4013=EDGE_CURVE('',#3213,#3212,#2791,.T.);
#4014=EDGE_CURVE('',#3214,#3215,#2792,.T.);
#4015=EDGE_CURVE('',#3215,#3216,#2793,.T.);
#4016=EDGE_CURVE('',#3216,#3217,#2794,.T.);
#4017=EDGE_CURVE('',#3217,#3214,#2795,.T.);
#4018=EDGE_CURVE('',#3218,#3219,#2796,.T.);
#4019=EDGE_CURVE('',#3219,#3217,#1563,.T.);
#4020=EDGE_CURVE('',#3216,#3218,#1564,.T.);
#4021=EDGE_CURVE('',#3220,#3221,#2797,.T.);
#4022=EDGE_CURVE('',#3221,#3219,#2798,.T.);
#4023=EDGE_CURVE('',#3218,#3220,#2799,.T.);
#4024=EDGE_CURVE('',#3214,#3222,#50,.T.);
#4025=EDGE_CURVE('',#3222,#3223,#2800,.T.);
#4026=EDGE_CURVE('',#3223,#3215,#2801,.T.);
#4027=EDGE_CURVE('',#3222,#3212,#1565,.T.);
#4028=EDGE_CURVE('',#3213,#3223,#1566,.T.);
#4029=EDGE_CURVE('',#3224,#3225,#2802,.T.);
#4030=EDGE_CURVE('',#3225,#3221,#51,.T.);
#4031=EDGE_CURVE('',#3220,#3224,#52,.T.);
#4032=EDGE_CURVE('',#3226,#3227,#2803,.T.);
#4033=EDGE_CURVE('',#3227,#3205,#53,.T.);
#4034=EDGE_CURVE('',#3204,#3226,#54,.T.);
#4035=EDGE_CURVE('',#3226,#3225,#1567,.T.);
#4036=EDGE_CURVE('',#3224,#3227,#1568,.T.);
#4037=EDGE_CURVE('',#3228,#3227,#1569,.T.);
#4038=EDGE_CURVE('',#3229,#3228,#2804,.T.);
#4039=EDGE_CURVE('',#3229,#3206,#1570,.T.);
#4040=EDGE_CURVE('',#3230,#3224,#1571,.T.);
#4041=EDGE_CURVE('',#3228,#3230,#1572,.T.);
#4042=EDGE_CURVE('',#3231,#3218,#1573,.T.);
#4043=EDGE_CURVE('',#3230,#3231,#2805,.T.);
#4044=EDGE_CURVE('',#3232,#3216,#1574,.T.);
#4045=EDGE_CURVE('',#3231,#3232,#1575,.T.);
#4046=EDGE_CURVE('',#3214,#3233,#1576,.T.);
#4047=EDGE_CURVE('',#3234,#3233,#2806,.T.);
#4048=EDGE_CURVE('',#3234,#3235,#1577,.T.);
#4049=EDGE_CURVE('',#3235,#3236,#2807,.T.);
#4050=EDGE_CURVE('',#3236,#3211,#1578,.T.);
#4051=EDGE_CURVE('',#3237,#3221,#1579,.T.);
#4052=EDGE_CURVE('',#3233,#3237,#1580,.T.);
#4053=EDGE_CURVE('',#3238,#3236,#1581,.T.);
#4054=EDGE_CURVE('',#3204,#3238,#1582,.T.);
#4055=EDGE_CURVE('',#3239,#3229,#1583,.T.);
#4056=EDGE_CURVE('',#3239,#3208,#1584,.T.);
#4057=EDGE_CURVE('',#3240,#3239,#2808,.T.);
#4058=EDGE_CURVE('',#3240,#3213,#1585,.T.);
#4059=EDGE_CURVE('',#3241,#3240,#1586,.T.);
#4060=EDGE_CURVE('',#3241,#3223,#1587,.T.);
#4061=EDGE_CURVE('',#3232,#3241,#2809,.T.);
#4062=EDGE_CURVE('',#3194,#3242,#2810,.T.);
#4063=EDGE_CURVE('',#3242,#3243,#1588,.T.);
#4064=EDGE_CURVE('',#3243,#3193,#2811,.T.);
#4065=EDGE_CURVE('',#3244,#3195,#2812,.T.);
#4066=EDGE_CURVE('',#3243,#3244,#2813,.T.);
#4067=EDGE_CURVE('',#3245,#3196,#2814,.T.);
#4068=EDGE_CURVE('',#3244,#3245,#1589,.T.);
#4069=EDGE_CURVE('',#3246,#3197,#2815,.T.);
#4070=EDGE_CURVE('',#3245,#3246,#2816,.T.);
#4071=EDGE_CURVE('',#3247,#3198,#2817,.T.);
#4072=EDGE_CURVE('',#3246,#3247,#1590,.T.);
#4073=EDGE_CURVE('',#3248,#3199,#2818,.T.);
#4074=EDGE_CURVE('',#3247,#3248,#2819,.T.);
#4075=EDGE_CURVE('',#3249,#3200,#2820,.T.);
#4076=EDGE_CURVE('',#3248,#3249,#1591,.T.);
#4077=EDGE_CURVE('',#3249,#3242,#2821,.T.);
#4078=EDGE_CURVE('',#3245,#3142,#1592,.T.);
#4079=EDGE_CURVE('',#3246,#3149,#1593,.T.);
#4080=EDGE_CURVE('',#3244,#3143,#1594,.T.);
#4081=EDGE_CURVE('',#3243,#3144,#1595,.T.);
#4082=EDGE_CURVE('',#3242,#3145,#1596,.T.);
#4083=EDGE_CURVE('',#3250,#3251,#2822,.T.);
#4084=EDGE_CURVE('',#3251,#3252,#1597,.T.);
#4085=EDGE_CURVE('',#3252,#3253,#2823,.T.);
#4086=EDGE_CURVE('',#3253,#3250,#1598,.T.);
#4087=EDGE_CURVE('',#3254,#3255,#2824,.T.);
#4088=EDGE_CURVE('',#3255,#3253,#2825,.T.);
#4089=EDGE_CURVE('',#3252,#3254,#2826,.T.);
#4090=EDGE_CURVE('',#3256,#3257,#2827,.T.);
#4091=EDGE_CURVE('',#3257,#3255,#1599,.T.);
#4092=EDGE_CURVE('',#3254,#3256,#1600,.T.);
#4093=EDGE_CURVE('',#3258,#3259,#2828,.T.);
#4094=EDGE_CURVE('',#3259,#3257,#2829,.T.);
#4095=EDGE_CURVE('',#3256,#3258,#2830,.T.);
#4096=EDGE_CURVE('',#3260,#3261,#2831,.T.);
#4097=EDGE_CURVE('',#3261,#3259,#1601,.T.);
#4098=EDGE_CURVE('',#3258,#3260,#1602,.T.);
#4099=EDGE_CURVE('',#3262,#3263,#2832,.T.);
#4100=EDGE_CURVE('',#3263,#3261,#2833,.T.);
#4101=EDGE_CURVE('',#3260,#3262,#2834,.T.);
#4102=EDGE_CURVE('',#3264,#3265,#2835,.T.);
#4103=EDGE_CURVE('',#3265,#3263,#1603,.T.);
#4104=EDGE_CURVE('',#3262,#3264,#1604,.T.);
#4105=EDGE_CURVE('',#3250,#3265,#2836,.T.);
#4106=EDGE_CURVE('',#3264,#3251,#2837,.T.);
#4107=EDGE_CURVE('',#3256,#3266,#1605,.T.);
#4108=EDGE_CURVE('',#3267,#3266,#2838,.T.);
#4109=EDGE_CURVE('',#3258,#3267,#1606,.T.);
#4110=EDGE_CURVE('',#3254,#3268,#1607,.T.);
#4111=EDGE_CURVE('',#3266,#3268,#1608,.T.);
#4112=EDGE_CURVE('',#3252,#3269,#1609,.T.);
#4113=EDGE_CURVE('',#3268,#3269,#2839,.T.);
#4114=EDGE_CURVE('',#3251,#3270,#1610,.T.);
#4115=EDGE_CURVE('',#3269,#3270,#1611,.T.);
#4116=EDGE_CURVE('',#3271,#3272,#1612,.T.);
#4117=EDGE_CURVE('',#3273,#3271,#1613,.T.);
#4118=EDGE_CURVE('',#3274,#3273,#1614,.T.);
#4119=EDGE_CURVE('',#3275,#3274,#1615,.T.);
#4120=EDGE_CURVE('',#3272,#3275,#1616,.T.);
#4121=EDGE_CURVE('',#3264,#3276,#1617,.T.);
#4122=EDGE_CURVE('',#3270,#3276,#2840,.T.);
#4123=EDGE_CURVE('',#3262,#3277,#1618,.T.);
#4124=EDGE_CURVE('',#3276,#3277,#1619,.T.);
#4125=EDGE_CURVE('',#3260,#3278,#1620,.T.);
#4126=EDGE_CURVE('',#3277,#3278,#2841,.T.);
#4127=EDGE_CURVE('',#3278,#3267,#1621,.T.);
#4128=EDGE_CURVE('',#3279,#3133,#138,.T.);
#4129=EDGE_CURVE('',#3280,#3279,#139,.T.);
#4130=EDGE_CURVE('',#3281,#3280,#23,.T.);
#4131=EDGE_CURVE('',#3282,#3281,#24,.T.);
#4132=EDGE_CURVE('',#3282,#3283,#140,.F.);
#4133=EDGE_CURVE('',#3284,#3283,#1622,.T.);
#4134=EDGE_CURVE('',#3284,#3285,#2842,.T.);
#4135=EDGE_CURVE('',#3135,#3285,#1623,.T.);
#4136=EDGE_CURVE('',#3286,#3282,#1624,.T.);
#4137=EDGE_CURVE('',#3287,#3286,#1625,.T.);
#4138=EDGE_CURVE('',#3288,#3287,#141,.F.);
#4139=EDGE_CURVE('',#3283,#3288,#1626,.F.);
#4140=EDGE_CURVE('',#3289,#3287,#25,.T.);
#4141=EDGE_CURVE('',#3290,#3289,#26,.T.);
#4142=EDGE_CURVE('',#3291,#3290,#27,.T.);
#4143=EDGE_CURVE('',#3292,#3291,#142,.T.);
#4144=EDGE_CURVE('',#3293,#3292,#143,.T.);
#4145=EDGE_CURVE('',#3293,#3294,#144,.T.);
#4146=EDGE_CURVE('',#3295,#3294,#1627,.T.);
#4147=EDGE_CURVE('',#3296,#3295,#2843,.T.);
#4148=EDGE_CURVE('',#3288,#3296,#1628,.T.);
#4149=EDGE_CURVE('',#3297,#3298,#145,.T.);
#4150=EDGE_CURVE('',#3299,#3297,#146,.T.);
#4151=EDGE_CURVE('',#3299,#3300,#1629,.T.);
#4152=EDGE_CURVE('',#3300,#3301,#2844,.T.);
#4153=EDGE_CURVE('',#3301,#3298,#1630,.T.);
#4154=EDGE_CURVE('',#3302,#3303,#147,.T.);
#4155=EDGE_CURVE('',#3304,#3302,#148,.T.);
#4156=EDGE_CURVE('',#3303,#3304,#28,.T.);
#4157=EDGE_CURVE('',#3305,#3306,#2845,.T.);
#4158=EDGE_CURVE('',#3306,#3307,#1631,.T.);
#4159=EDGE_CURVE('',#3307,#3308,#2846,.T.);
#4160=EDGE_CURVE('',#3308,#3305,#1632,.T.);
#4161=EDGE_CURVE('',#3309,#3306,#1633,.T.);
#4162=EDGE_CURVE('',#3310,#3309,#1634,.T.);
#4163=EDGE_CURVE('',#3307,#3310,#1635,.T.);
#4164=EDGE_CURVE('',#3309,#3311,#2847,.T.);
#4165=EDGE_CURVE('',#3311,#3312,#1636,.T.);
#4166=EDGE_CURVE('',#3312,#3310,#2848,.T.);
#4167=EDGE_CURVE('',#3313,#3311,#1637,.T.);
#4168=EDGE_CURVE('',#3314,#3313,#1638,.T.);
#4169=EDGE_CURVE('',#3312,#3314,#1639,.T.);
#4170=EDGE_CURVE('',#3315,#3316,#2849,.T.);
#4171=EDGE_CURVE('',#3316,#3317,#1640,.T.);
#4172=EDGE_CURVE('',#3317,#3318,#2850,.T.);
#4173=EDGE_CURVE('',#3318,#3315,#1641,.T.);
#4174=EDGE_CURVE('',#3319,#3316,#1642,.T.);
#4175=EDGE_CURVE('',#3320,#3319,#1643,.T.);
#4176=EDGE_CURVE('',#3317,#3320,#1644,.T.);
#4177=EDGE_CURVE('',#3313,#3321,#2851,.T.);
#4178=EDGE_CURVE('',#3321,#3322,#1645,.T.);
#4179=EDGE_CURVE('',#3322,#3314,#2852,.T.);
#4180=EDGE_CURVE('',#3322,#3318,#1646,.T.);
#4181=EDGE_CURVE('',#3315,#3321,#1647,.T.);
#4182=EDGE_CURVE('',#3319,#3323,#2853,.T.);
#4183=EDGE_CURVE('',#3323,#3324,#1648,.T.);
#4184=EDGE_CURVE('',#3324,#3320,#2854,.T.);
#4185=EDGE_CURVE('',#3324,#3308,#1649,.T.);
#4186=EDGE_CURVE('',#3305,#3323,#1650,.T.);
#4187=EDGE_CURVE('',#3272,#3325,#2855,.T.);
#4188=EDGE_CURVE('',#3325,#3326,#1651,.T.);
#4189=EDGE_CURVE('',#3326,#3271,#2856,.T.);
#4190=EDGE_CURVE('',#3233,#3271,#2857,.T.);
#4191=EDGE_CURVE('',#3326,#3234,#2858,.T.);
#4192=EDGE_CURVE('',#3327,#3328,#2859,.T.);
#4193=EDGE_CURVE('',#3328,#3236,#2860,.T.);
#4194=EDGE_CURVE('',#3235,#3327,#2861,.T.);
#4195=EDGE_CURVE('',#3329,#3330,#2862,.T.);
#4196=EDGE_CURVE('',#3330,#3328,#1652,.T.);
#4197=EDGE_CURVE('',#3327,#3329,#1653,.T.);
#4198=EDGE_CURVE('',#3331,#3332,#2863,.T.);
#4199=EDGE_CURVE('',#3332,#3330,#2864,.T.);
#4200=EDGE_CURVE('',#3329,#3331,#2865,.T.);
#4201=EDGE_CURVE('',#3333,#3334,#2866,.T.);
#4202=EDGE_CURVE('',#3334,#3332,#1654,.T.);
#4203=EDGE_CURVE('',#3331,#3333,#1655,.T.);
#4204=EDGE_CURVE('',#3272,#3334,#2867,.T.);
#4205=EDGE_CURVE('',#3333,#3325,#2868,.T.);
#4206=EDGE_CURVE('',#3332,#3335,#1656,.T.);
#4207=EDGE_CURVE('',#3335,#3300,#2869,.T.);
#4208=EDGE_CURVE('',#3300,#3330,#1657,.T.);
#4209=EDGE_CURVE('',#3336,#3334,#1658,.T.);
#4210=EDGE_CURVE('',#3335,#3336,#1659,.T.);
#4211=EDGE_CURVE('',#3275,#3336,#2870,.T.);
#4212=EDGE_CURVE('',#3337,#3284,#1660,.T.);
#4213=EDGE_CURVE('',#3338,#3337,#2871,.T.);
#4214=EDGE_CURVE('',#3339,#3338,#1661,.T.);
#4215=EDGE_CURVE('',#3340,#3339,#2872,.T.);
#4216=EDGE_CURVE('',#3341,#3340,#1662,.T.);
#4217=EDGE_CURVE('',#3342,#3341,#2873,.T.);
#4218=EDGE_CURVE('',#3285,#3342,#1663,.T.);
#4219=EDGE_CURVE('',#3202,#3151,#1664,.T.);
#4220=EDGE_CURVE('',#3203,#3150,#1665,.T.);
#4221=EDGE_CURVE('',#3248,#3147,#1666,.T.);
#4222=EDGE_CURVE('',#3249,#3146,#1667,.T.);
#4223=EDGE_CURVE('',#3247,#3148,#1668,.T.);
#4224=EDGE_CURVE('',#3343,#3344,#1669,.T.);
#4225=EDGE_CURVE('',#3344,#3345,#55,.T.);
#4226=EDGE_CURVE('',#3345,#3346,#1670,.T.);
#4227=EDGE_CURVE('',#3346,#3347,#1671,.T.);
#4228=EDGE_CURVE('',#3347,#3348,#56,.T.);
#4229=EDGE_CURVE('',#3348,#3349,#1672,.T.);
#4230=EDGE_CURVE('',#3349,#3350,#1673,.T.);
#4231=EDGE_CURVE('',#3350,#3351,#57,.T.);
#4232=EDGE_CURVE('',#3351,#3352,#58,.T.);
#4233=EDGE_CURVE('',#3352,#3353,#59,.T.);
#4234=EDGE_CURVE('',#3353,#3354,#1674,.T.);
#4235=EDGE_CURVE('',#3354,#3355,#1675,.T.);
#4236=EDGE_CURVE('',#3355,#3356,#1676,.T.);
#4237=EDGE_CURVE('',#3356,#3357,#1677,.T.);
#4238=EDGE_CURVE('',#3357,#3358,#1678,.T.);
#4239=EDGE_CURVE('',#3358,#3359,#1679,.T.);
#4240=EDGE_CURVE('',#3359,#3360,#1680,.T.);
#4241=EDGE_CURVE('',#3360,#3361,#60,.T.);
#4242=EDGE_CURVE('',#3361,#3362,#1681,.T.);
#4243=EDGE_CURVE('',#3362,#3363,#1682,.T.);
#4244=EDGE_CURVE('',#3363,#3364,#1683,.T.);
#4245=EDGE_CURVE('',#3364,#3365,#61,.T.);
#4246=EDGE_CURVE('',#3365,#3366,#62,.T.);
#4247=EDGE_CURVE('',#3366,#3367,#63,.T.);
#4248=EDGE_CURVE('',#3367,#3368,#1684,.T.);
#4249=EDGE_CURVE('',#3368,#3369,#64,.T.);
#4250=EDGE_CURVE('',#3369,#3370,#1685,.T.);
#4251=EDGE_CURVE('',#3370,#3371,#1686,.T.);
#4252=EDGE_CURVE('',#3371,#3372,#1687,.T.);
#4253=EDGE_CURVE('',#3372,#3370,#1688,.T.);
#4254=EDGE_CURVE('',#3370,#3343,#65,.T.);
#4255=EDGE_CURVE('',#3373,#3374,#66,.T.);
#4256=EDGE_CURVE('',#3374,#3373,#67,.T.);
#4257=EDGE_CURVE('',#3375,#3376,#68,.T.);
#4258=EDGE_CURVE('',#3376,#3375,#69,.T.);
#4259=EDGE_CURVE('',#3377,#3378,#1689,.T.);
#4260=EDGE_CURVE('',#3377,#3344,#1690,.T.);
#4261=EDGE_CURVE('',#3378,#3343,#1691,.T.);
#4262=EDGE_CURVE('',#3379,#3377,#70,.T.);
#4263=EDGE_CURVE('',#3379,#3345,#1692,.T.);
#4264=EDGE_CURVE('',#3380,#3379,#1693,.T.);
#4265=EDGE_CURVE('',#3380,#3346,#1694,.T.);
#4266=EDGE_CURVE('',#3381,#3380,#1695,.T.);
#4267=EDGE_CURVE('',#3381,#3347,#1696,.T.);
#4268=EDGE_CURVE('',#3382,#3381,#71,.T.);
#4269=EDGE_CURVE('',#3382,#3348,#1697,.T.);
#4270=EDGE_CURVE('',#3383,#3382,#1698,.T.);
#4271=EDGE_CURVE('',#3383,#3349,#1699,.T.);
#4272=EDGE_CURVE('',#3384,#3383,#1700,.T.);
#4273=EDGE_CURVE('',#3384,#3350,#1701,.T.);
#4274=EDGE_CURVE('',#3385,#3384,#72,.T.);
#4275=EDGE_CURVE('',#3385,#3351,#1702,.T.);
#4276=EDGE_CURVE('',#3386,#3385,#73,.T.);
#4277=EDGE_CURVE('',#3386,#3352,#1703,.T.);
#4278=EDGE_CURVE('',#3387,#3386,#74,.T.);
#4279=EDGE_CURVE('',#3387,#3353,#1704,.T.);
#4280=EDGE_CURVE('',#3388,#3387,#1705,.T.);
#4281=EDGE_CURVE('',#3388,#3354,#1706,.T.);
#4282=EDGE_CURVE('',#3389,#3388,#1707,.T.);
#4283=EDGE_CURVE('',#3389,#3355,#1708,.T.);
#4284=EDGE_CURVE('',#3390,#3389,#1709,.T.);
#4285=EDGE_CURVE('',#3390,#3356,#1710,.T.);
#4286=EDGE_CURVE('',#3391,#3390,#1711,.T.);
#4287=EDGE_CURVE('',#3391,#3357,#1712,.T.);
#4288=EDGE_CURVE('',#3392,#3391,#1713,.T.);
#4289=EDGE_CURVE('',#3392,#3358,#1714,.T.);
#4290=EDGE_CURVE('',#3393,#3392,#1715,.T.);
#4291=EDGE_CURVE('',#3393,#3359,#1716,.T.);
#4292=EDGE_CURVE('',#3394,#3393,#1717,.T.);
#4293=EDGE_CURVE('',#3394,#3360,#1718,.T.);
#4294=EDGE_CURVE('',#3395,#3394,#75,.T.);
#4295=EDGE_CURVE('',#3395,#3361,#1719,.T.);
#4296=EDGE_CURVE('',#3396,#3395,#1720,.T.);
#4297=EDGE_CURVE('',#3396,#3362,#1721,.T.);
#4298=EDGE_CURVE('',#3397,#3396,#1722,.T.);
#4299=EDGE_CURVE('',#3397,#3363,#1723,.T.);
#4300=EDGE_CURVE('',#3398,#3397,#1724,.T.);
#4301=EDGE_CURVE('',#3398,#3364,#1725,.T.);
#4302=EDGE_CURVE('',#3399,#3398,#76,.T.);
#4303=EDGE_CURVE('',#3399,#3365,#1726,.T.);
#4304=EDGE_CURVE('',#3400,#3399,#77,.T.);
#4305=EDGE_CURVE('',#3400,#3366,#1727,.T.);
#4306=EDGE_CURVE('',#3401,#3400,#78,.T.);
#4307=EDGE_CURVE('',#3401,#3367,#1728,.T.);
#4308=EDGE_CURVE('',#3402,#3401,#1729,.T.);
#4309=EDGE_CURVE('',#3402,#3368,#1730,.T.);
#4310=EDGE_CURVE('',#3403,#3402,#79,.T.);
#4311=EDGE_CURVE('',#3403,#3369,#1731,.T.);
#4312=EDGE_CURVE('',#3404,#3403,#1732,.T.);
#4313=EDGE_CURVE('',#3404,#3370,#1733,.T.);
#4314=EDGE_CURVE('',#3405,#3404,#1734,.T.);
#4315=EDGE_CURVE('',#3405,#3371,#1735,.T.);
#4316=EDGE_CURVE('',#3406,#3405,#1736,.T.);
#4317=EDGE_CURVE('',#3406,#3372,#1737,.T.);
#4318=EDGE_CURVE('',#3404,#3406,#1738,.T.);
#4319=EDGE_CURVE('',#3404,#3370,#1739,.T.);
#4320=EDGE_CURVE('',#3378,#3404,#80,.T.);
#4321=EDGE_CURVE('',#3407,#3408,#81,.T.);
#4322=EDGE_CURVE('',#3407,#3374,#1740,.T.);
#4323=EDGE_CURVE('',#3408,#3373,#1741,.T.);
#4324=EDGE_CURVE('',#3408,#3407,#82,.T.);
#4325=EDGE_CURVE('',#3409,#3410,#83,.T.);
#4326=EDGE_CURVE('',#3409,#3376,#1742,.T.);
#4327=EDGE_CURVE('',#3410,#3375,#1743,.T.);
#4328=EDGE_CURVE('',#3410,#3409,#84,.T.);
#4329=EDGE_CURVE('',#3411,#3412,#1744,.T.);
#4330=EDGE_CURVE('',#3412,#3413,#1745,.T.);
#4331=EDGE_CURVE('',#3413,#3414,#1746,.T.);
#4332=EDGE_CURVE('',#3414,#3415,#1747,.T.);
#4333=EDGE_CURVE('',#3415,#3416,#1748,.T.);
#4334=EDGE_CURVE('',#3416,#3417,#1749,.T.);
#4335=EDGE_CURVE('',#3417,#3418,#1750,.T.);
#4336=EDGE_CURVE('',#3418,#3419,#85,.T.);
#4337=EDGE_CURVE('',#3419,#3420,#1751,.T.);
#4338=EDGE_CURVE('',#3420,#3421,#1752,.T.);
#4339=EDGE_CURVE('',#3421,#3422,#1753,.T.);
#4340=EDGE_CURVE('',#3422,#3411,#1754,.T.);
#4341=EDGE_CURVE('',#3423,#3424,#1755,.T.);
#4342=EDGE_CURVE('',#3423,#3412,#1756,.T.);
#4343=EDGE_CURVE('',#3424,#3411,#1757,.T.);
#4344=EDGE_CURVE('',#3425,#3423,#1758,.T.);
#4345=EDGE_CURVE('',#3425,#3413,#1759,.T.);
#4346=EDGE_CURVE('',#3426,#3425,#1760,.T.);
#4347=EDGE_CURVE('',#3426,#3414,#1761,.T.);
#4348=EDGE_CURVE('',#3427,#3426,#1762,.T.);
#4349=EDGE_CURVE('',#3427,#3415,#1763,.T.);
#4350=EDGE_CURVE('',#3428,#3427,#1764,.T.);
#4351=EDGE_CURVE('',#3428,#3416,#1765,.T.);
#4352=EDGE_CURVE('',#3429,#3428,#1766,.T.);
#4353=EDGE_CURVE('',#3429,#3417,#1767,.T.);
#4354=EDGE_CURVE('',#3430,#3429,#1768,.T.);
#4355=EDGE_CURVE('',#3430,#3418,#1769,.T.);
#4356=EDGE_CURVE('',#3431,#3430,#86,.T.);
#4357=EDGE_CURVE('',#3431,#3419,#1770,.T.);
#4358=EDGE_CURVE('',#3432,#3431,#1771,.T.);
#4359=EDGE_CURVE('',#3432,#3420,#1772,.T.);
#4360=EDGE_CURVE('',#3433,#3432,#1773,.T.);
#4361=EDGE_CURVE('',#3433,#3421,#1774,.T.);
#4362=EDGE_CURVE('',#3434,#3433,#1775,.T.);
#4363=EDGE_CURVE('',#3434,#3422,#1776,.T.);
#4364=EDGE_CURVE('',#3424,#3434,#1777,.T.);
#4365=EDGE_CURVE('',#3435,#3339,#1778,.T.);
#4366=EDGE_CURVE('',#3436,#3435,#2874,.T.);
#4367=EDGE_CURVE('',#3340,#3436,#1779,.T.);
#4368=EDGE_CURVE('',#3338,#3437,#1780,.T.);
#4369=EDGE_CURVE('',#3437,#3435,#1781,.T.);
#4370=EDGE_CURVE('',#3296,#3337,#1782,.T.);
#4371=EDGE_CURVE('',#3437,#3296,#2875,.T.);
#4372=EDGE_CURVE('',#3342,#3136,#1783,.T.);
#4373=EDGE_CURVE('',#3137,#3341,#1784,.T.);
#4374=EDGE_CURVE('',#3436,#3138,#1785,.T.);
#4375=EDGE_CURVE('',#3438,#3439,#1786,.T.);
#4376=EDGE_CURVE('',#3439,#3295,#1787,.T.);
#4377=EDGE_CURVE('',#3294,#3438,#1788,.T.);
#4378=EDGE_CURVE('',#3140,#3440,#1789,.T.);
#4379=EDGE_CURVE('',#3438,#3139,#149,.T.);
#4380=EDGE_CURVE('',#3441,#3293,#1790,.T.);
#4381=EDGE_CURVE('',#3440,#3441,#1791,.T.);
#4382=EDGE_CURVE('',#3439,#3436,#2876,.T.);
#4383=EDGE_CURVE('',#3439,#3435,#2877,.T.);
#4384=EDGE_CURVE('',#3437,#3295,#2878,.T.);
#4385=EDGE_CURVE('',#3328,#3442,#1792,.T.);
#4386=EDGE_CURVE('',#3238,#3442,#150,.T.);
#4387=EDGE_CURVE('',#3442,#3299,#1793,.T.);
#4388=EDGE_CURVE('',#3186,#3443,#151,.T.);
#4389=EDGE_CURVE('',#3443,#3444,#2879,.T.);
#4390=EDGE_CURVE('',#3444,#3445,#152,.T.);
#4391=EDGE_CURVE('',#3445,#3187,#87,.T.);
#4392=EDGE_CURVE('',#3184,#3299,#2880,.T.);
#4393=EDGE_CURVE('',#3297,#3183,#88,.T.);
#4394=EDGE_CURVE('',#3192,#3442,#2881,.T.);
#4395=EDGE_CURVE('',#3191,#3238,#2882,.T.);
#4396=EDGE_CURVE('',#3190,#3237,#2883,.T.);
#4397=EDGE_CURVE('',#3189,#3273,#2884,.T.);
#4398=EDGE_CURVE('',#3273,#3237,#153,.T.);
#4399=EDGE_CURVE('',#3188,#3274,#2885,.T.);
#4400=EDGE_CURVE('',#3445,#3274,#154,.T.);
#4401=EDGE_CURVE('',#3446,#3298,#2886,.T.);
#4402=EDGE_CURVE('',#3298,#3444,#1794,.T.);
#4403=EDGE_CURVE('',#3443,#3446,#1795,.T.);
#4404=EDGE_CURVE('',#3446,#3185,#155,.T.);
#4405=EDGE_CURVE('',#3444,#3447,#1796,.T.);
#4406=EDGE_CURVE('',#3447,#3275,#2887,.T.);
#4407=EDGE_CURVE('',#3447,#3301,#1797,.T.);
#4408=EDGE_CURVE('',#3447,#3336,#2888,.T.);
#4409=EDGE_CURVE('',#3335,#3301,#2889,.T.);
#4410=EDGE_CURVE('',#3175,#3448,#1798,.T.);
#4411=EDGE_CURVE('',#3448,#3182,#2890,.T.);
#4412=EDGE_CURVE('',#3173,#3449,#1799,.T.);
#4413=EDGE_CURVE('',#3449,#3448,#1800,.T.);
#4414=EDGE_CURVE('',#3450,#3134,#1801,.T.);
#4415=EDGE_CURVE('',#3279,#3450,#1802,.T.);
#4416=EDGE_CURVE('',#3451,#3141,#1803,.T.);
#4417=EDGE_CURVE('',#3451,#3452,#1804,.T.);
#4418=EDGE_CURVE('',#3453,#3452,#1805,.T.);
#4419=EDGE_CURVE('',#3454,#3453,#1806,.T.);
#4420=EDGE_CURVE('',#3453,#3455,#1807,.T.);
#4421=EDGE_CURVE('',#3455,#3450,#1808,.T.);
#4422=EDGE_CURVE('',#3440,#3456,#1809,.T.);
#4423=EDGE_CURVE('',#3456,#3451,#1810,.T.);
#4424=EDGE_CURVE('',#3441,#3457,#1811,.T.);
#4425=EDGE_CURVE('',#3457,#3458,#1812,.T.);
#4426=EDGE_CURVE('',#3458,#3459,#1813,.T.);
#4427=EDGE_CURVE('',#3459,#3460,#1814,.T.);
#4428=EDGE_CURVE('',#3461,#3460,#1815,.T.);
#4429=EDGE_CURVE('',#3461,#3462,#1816,.T.);
#4430=EDGE_CURVE('',#3463,#3461,#1817,.T.);
#4431=EDGE_CURVE('',#3463,#3456,#1818,.T.);
#4432=EDGE_CURVE('',#3464,#3304,#1819,.T.);
#4433=EDGE_CURVE('',#3464,#3303,#1820,.T.);
#4434=EDGE_CURVE('',#3302,#3464,#1821,.T.);
#4435=EDGE_CURVE('',#3292,#3457,#1822,.T.);
#4436=EDGE_CURVE('',#3179,#3465,#1823,.T.);
#4437=EDGE_CURVE('',#3171,#3465,#1824,.T.);
#4438=EDGE_CURVE('',#3465,#3449,#2891,.T.);
#4439=EDGE_CURVE('',#3466,#3467,#1825,.T.);
#4440=EDGE_CURVE('',#3466,#3468,#1826,.T.);
#4441=EDGE_CURVE('',#3469,#3468,#1827,.T.);
#4442=EDGE_CURVE('',#3469,#3467,#1828,.T.);
#4443=EDGE_CURVE('',#3178,#3470,#1829,.T.);
#4444=EDGE_CURVE('',#3470,#3471,#1830,.T.);
#4445=EDGE_CURVE('',#3471,#3455,#1831,.T.);
#4446=EDGE_CURVE('',#3472,#3453,#1832,.T.);
#4447=EDGE_CURVE('',#3473,#3472,#1833,.T.);
#4448=EDGE_CURVE('',#3468,#3472,#1834,.T.);
#4449=EDGE_CURVE('',#3474,#3468,#1835,.T.);
#4450=EDGE_CURVE('',#3466,#3475,#1836,.T.);
#4451=EDGE_CURVE('',#3476,#3466,#1837,.T.);
#4452=EDGE_CURVE('',#3477,#3476,#1838,.T.);
#4453=EDGE_CURVE('',#3477,#3478,#1839,.T.);
#4454=EDGE_CURVE('',#3460,#3477,#1840,.T.);
#4455=EDGE_CURVE('',#3479,#3459,#1841,.T.);
#4456=EDGE_CURVE('',#3479,#3480,#1842,.T.);
#4457=EDGE_CURVE('',#3480,#3481,#1843,.T.);
#4458=EDGE_CURVE('',#3482,#3480,#1844,.T.);
#4459=EDGE_CURVE('',#3483,#3482,#1845,.T.);
#4460=EDGE_CURVE('',#3484,#3482,#1846,.T.);
#4461=EDGE_CURVE('',#3485,#3484,#1847,.T.);
#4462=EDGE_CURVE('',#3486,#3485,#1848,.T.);
#4463=EDGE_CURVE('',#3470,#3486,#1849,.T.);
#4464=EDGE_CURVE('',#3487,#3470,#1850,.T.);
#4465=EDGE_CURVE('',#3488,#3489,#1851,.T.);
#4466=EDGE_CURVE('',#3490,#3488,#1852,.T.);
#4467=EDGE_CURVE('',#3490,#3491,#1853,.T.);
#4468=EDGE_CURVE('',#3491,#3489,#1854,.T.);
#4469=EDGE_CURVE('',#3492,#3493,#1855,.T.);
#4470=EDGE_CURVE('',#3488,#3492,#1856,.T.);
#4471=EDGE_CURVE('',#3489,#3493,#1857,.T.);
#4472=EDGE_CURVE('',#3492,#3494,#1858,.T.);
#4473=EDGE_CURVE('',#3494,#3490,#1859,.T.);
#4474=EDGE_CURVE('',#3495,#3496,#1860,.T.);
#4475=EDGE_CURVE('',#3495,#3497,#1861,.T.);
#4476=EDGE_CURVE('',#3497,#3498,#1862,.T.);
#4477=EDGE_CURVE('',#3498,#3496,#1863,.T.);
#4478=EDGE_CURVE('',#3496,#3493,#1864,.T.);
#4479=EDGE_CURVE('',#3498,#3492,#1865,.T.);
#4480=EDGE_CURVE('',#3499,#3495,#1866,.T.);
#4481=EDGE_CURVE('',#3494,#3499,#1867,.T.);
#4482=EDGE_CURVE('',#3494,#3497,#1868,.T.);
#4483=EDGE_CURVE('',#3500,#3499,#1869,.T.);
#4484=EDGE_CURVE('',#3500,#3501,#1870,.T.);
#4485=EDGE_CURVE('',#3501,#3494,#1871,.T.);
#4486=EDGE_CURVE('',#3491,#3502,#1872,.T.);
#4487=EDGE_CURVE('',#3490,#3503,#1873,.T.);
#4488=EDGE_CURVE('',#3503,#3502,#1874,.T.);
#4489=EDGE_CURVE('',#3500,#3502,#1875,.T.);
#4490=EDGE_CURVE('',#3503,#3501,#1876,.T.);
#4491=EDGE_CURVE('',#3504,#3505,#1877,.T.);
#4492=EDGE_CURVE('',#3504,#3506,#1878,.T.);
#4493=EDGE_CURVE('',#3506,#3507,#1879,.T.);
#4494=EDGE_CURVE('',#3507,#3505,#1880,.T.);
#4495=EDGE_CURVE('',#3505,#3508,#1881,.T.);
#4496=EDGE_CURVE('',#3507,#3509,#1882,.T.);
#4497=EDGE_CURVE('',#3509,#3508,#1883,.T.);
#4498=EDGE_CURVE('',#3508,#3510,#1884,.T.);
#4499=EDGE_CURVE('',#3509,#3511,#1885,.T.);
#4500=EDGE_CURVE('',#3511,#3510,#1886,.T.);
#4501=EDGE_CURVE('',#3510,#3504,#1887,.T.);
#4502=EDGE_CURVE('',#3511,#3506,#1888,.T.);
#4503=EDGE_CURVE('',#3512,#3513,#1889,.T.);
#4504=EDGE_CURVE('',#3513,#3479,#1890,.T.);
#4505=EDGE_CURVE('',#3459,#3512,#1891,.T.);
#4506=EDGE_CURVE('',#3489,#3280,#1892,.T.);
#4507=EDGE_CURVE('',#3491,#3514,#1893,.T.);
#4508=EDGE_CURVE('',#3514,#3281,#1894,.T.);
#4509=EDGE_CURVE('',#3493,#3450,#1895,.T.);
#4510=EDGE_CURVE('',#3286,#3514,#1896,.T.);
#4511=EDGE_CURVE('',#3514,#3515,#1897,.T.);
#4512=EDGE_CURVE('',#3515,#3516,#1898,.T.);
#4513=EDGE_CURVE('',#3516,#3517,#1899,.T.);
#4514=EDGE_CURVE('',#3517,#3289,#1900,.T.);
#4515=EDGE_CURVE('',#3518,#3291,#1901,.T.);
#4516=EDGE_CURVE('',#3519,#3518,#1902,.T.);
#4517=EDGE_CURVE('',#3519,#3457,#1903,.T.);
#4518=EDGE_CURVE('',#3290,#3517,#1904,.T.);
#4519=EDGE_CURVE('',#3508,#3517,#1905,.T.);
#4520=EDGE_CURVE('',#3518,#3508,#1906,.T.);
#4521=EDGE_CURVE('',#3510,#3519,#1907,.T.);
#4522=EDGE_CURVE('',#3519,#3520,#1908,.T.);
#4523=EDGE_CURVE('',#3521,#3510,#1909,.T.);
#4524=EDGE_CURVE('',#3520,#3521,#1910,.T.);
#4525=EDGE_CURVE('',#3522,#3452,#1911,.T.);
#4526=EDGE_CURVE('',#3522,#3472,#1912,.T.);
#4527=EDGE_CURVE('',#3496,#3455,#1913,.T.);
#4528=EDGE_CURVE('',#3471,#3495,#1914,.T.);
#4529=EDGE_CURVE('',#3522,#3469,#1915,.T.);
#4530=EDGE_CURVE('',#3471,#3486,#1916,.T.);
#4531=EDGE_CURVE('',#3499,#3486,#1917,.T.);
#4532=EDGE_CURVE('',#3510,#3482,#1918,.T.);
#4533=EDGE_CURVE('',#3523,#3480,#1919,.T.);
#4534=EDGE_CURVE('',#3521,#3523,#1920,.T.);
#4535=EDGE_CURVE('',#3524,#3520,#1921,.T.);
#4536=EDGE_CURVE('',#3458,#3524,#1922,.T.);
#4537=EDGE_CURVE('',#3467,#3525,#1923,.T.);
#4538=EDGE_CURVE('',#3525,#3463,#1924,.T.);
#4539=EDGE_CURVE('',#3500,#3485,#1925,.T.);
#4540=EDGE_CURVE('',#3484,#3504,#1926,.T.);
#4541=EDGE_CURVE('',#3505,#3516,#1927,.T.);
#4542=EDGE_CURVE('',#3515,#3502,#1928,.T.);
#4543=EDGE_CURVE('',#3485,#3515,#1929,.T.);
#4544=EDGE_CURVE('',#3484,#3516,#1930,.T.);
#4545=EDGE_CURVE('',#3461,#3476,#1931,.T.);
#4546=EDGE_CURVE('',#3476,#3525,#1932,.T.);
#4547=EDGE_CURVE('',#3523,#3524,#1933,.T.);
#4548=EDGE_CURVE('',#3513,#3523,#1934,.T.);
#4549=EDGE_CURVE('',#3524,#3512,#1935,.T.);
#4550=EDGE_CURVE('',#3153,#3526,#1936,.T.);
#4551=EDGE_CURVE('',#3527,#3526,#1937,.T.);
#4552=EDGE_CURVE('',#3152,#3527,#1938,.T.);
#4553=EDGE_CURVE('',#3528,#3527,#1939,.T.);
#4554=EDGE_CURVE('',#3154,#3528,#1940,.T.);
#4555=EDGE_CURVE('',#3529,#3528,#1941,.T.);
#4556=EDGE_CURVE('',#3155,#3529,#1942,.T.);
#4557=EDGE_CURVE('',#3526,#3529,#1943,.T.);
#4558=EDGE_CURVE('',#3530,#3530,#2892,.T.);
#4559=EDGE_CURVE('',#3530,#3201,#1944,.T.);
#4560=EDGE_CURVE('',#3531,#3531,#2893,.T.);
#4561=EDGE_CURVE('',#3531,#3156,#1945,.T.);
#4562=EDGE_CURVE('',#3157,#3532,#1946,.T.);
#4563=EDGE_CURVE('',#3533,#3532,#1947,.T.);
#4564=EDGE_CURVE('',#3158,#3533,#1948,.T.);
#4565=EDGE_CURVE('',#3534,#3533,#1949,.T.);
#4566=EDGE_CURVE('',#3159,#3534,#1950,.T.);
#4567=EDGE_CURVE('',#3535,#3534,#1951,.T.);
#4568=EDGE_CURVE('',#3160,#3535,#1952,.T.);
#4569=EDGE_CURVE('',#3532,#3535,#1953,.T.);
#4570=ORIENTED_EDGE('',*,*,#3536,.T.);
#4571=ORIENTED_EDGE('',*,*,#3537,.T.);
#4572=ORIENTED_EDGE('',*,*,#3538,.T.);
#4573=ORIENTED_EDGE('',*,*,#3539,.T.);
#4574=ORIENTED_EDGE('',*,*,#3539,.F.);
#4575=ORIENTED_EDGE('',*,*,#3540,.F.);
#4576=ORIENTED_EDGE('',*,*,#3541,.F.);
#4577=ORIENTED_EDGE('',*,*,#3542,.F.);
#4578=ORIENTED_EDGE('',*,*,#3538,.F.);
#4579=ORIENTED_EDGE('',*,*,#3543,.F.);
#4580=ORIENTED_EDGE('',*,*,#3544,.F.);
#4581=ORIENTED_EDGE('',*,*,#3545,.F.);
#4582=ORIENTED_EDGE('',*,*,#3546,.F.);
#4583=ORIENTED_EDGE('',*,*,#3547,.F.);
#4584=ORIENTED_EDGE('',*,*,#3540,.T.);
#4585=ORIENTED_EDGE('',*,*,#3548,.T.);
#4586=ORIENTED_EDGE('',*,*,#3549,.T.);
#4587=ORIENTED_EDGE('',*,*,#3550,.T.);
#4588=ORIENTED_EDGE('',*,*,#3551,.T.);
#4589=ORIENTED_EDGE('',*,*,#3551,.F.);
#4590=ORIENTED_EDGE('',*,*,#3552,.F.);
#4591=ORIENTED_EDGE('',*,*,#3553,.F.);
#4592=ORIENTED_EDGE('',*,*,#3554,.T.);
#4593=ORIENTED_EDGE('',*,*,#3550,.F.);
#4594=ORIENTED_EDGE('',*,*,#3555,.F.);
#4595=ORIENTED_EDGE('',*,*,#3556,.T.);
#4596=ORIENTED_EDGE('',*,*,#3557,.F.);
#4597=ORIENTED_EDGE('',*,*,#3558,.F.);
#4598=ORIENTED_EDGE('',*,*,#3559,.F.);
#4599=ORIENTED_EDGE('',*,*,#3552,.T.);
#4600=ORIENTED_EDGE('',*,*,#3560,.T.);
#4601=ORIENTED_EDGE('',*,*,#3561,.T.);
#4602=ORIENTED_EDGE('',*,*,#3562,.T.);
#4603=ORIENTED_EDGE('',*,*,#3563,.T.);
#4604=ORIENTED_EDGE('',*,*,#3563,.F.);
#4605=ORIENTED_EDGE('',*,*,#3564,.T.);
#4606=ORIENTED_EDGE('',*,*,#3565,.F.);
#4607=ORIENTED_EDGE('',*,*,#3566,.T.);
#4608=ORIENTED_EDGE('',*,*,#3562,.F.);
#4609=ORIENTED_EDGE('',*,*,#3567,.F.);
#4610=ORIENTED_EDGE('',*,*,#3568,.F.);
#4611=ORIENTED_EDGE('',*,*,#3569,.F.);
#4612=ORIENTED_EDGE('',*,*,#3570,.F.);
#4613=ORIENTED_EDGE('',*,*,#3571,.F.);
#4614=ORIENTED_EDGE('',*,*,#3564,.F.);
#4615=ORIENTED_EDGE('',*,*,#3572,.T.);
#4616=ORIENTED_EDGE('',*,*,#3573,.T.);
#4617=ORIENTED_EDGE('',*,*,#3574,.T.);
#4618=ORIENTED_EDGE('',*,*,#3575,.T.);
#4619=ORIENTED_EDGE('',*,*,#3573,.F.);
#4620=ORIENTED_EDGE('',*,*,#3576,.T.);
#4621=ORIENTED_EDGE('',*,*,#3577,.T.);
#4622=ORIENTED_EDGE('',*,*,#3578,.T.);
#4623=ORIENTED_EDGE('',*,*,#3572,.F.);
#4624=ORIENTED_EDGE('',*,*,#3579,.F.);
#4625=ORIENTED_EDGE('',*,*,#3580,.F.);
#4626=ORIENTED_EDGE('',*,*,#3581,.F.);
#4627=ORIENTED_EDGE('',*,*,#3582,.F.);
#4628=ORIENTED_EDGE('',*,*,#3583,.F.);
#4629=ORIENTED_EDGE('',*,*,#3576,.F.);
#4630=ORIENTED_EDGE('',*,*,#3560,.F.);
#4631=ORIENTED_EDGE('',*,*,#3566,.F.);
#4632=ORIENTED_EDGE('',*,*,#3584,.F.);
#4633=ORIENTED_EDGE('',*,*,#3585,.F.);
#4634=ORIENTED_EDGE('',*,*,#3586,.F.);
#4635=ORIENTED_EDGE('',*,*,#3587,.T.);
#4636=ORIENTED_EDGE('',*,*,#3588,.F.);
#4637=ORIENTED_EDGE('',*,*,#3589,.F.);
#4638=ORIENTED_EDGE('',*,*,#3569,.T.);
#4639=ORIENTED_EDGE('',*,*,#3590,.T.);
#4640=ORIENTED_EDGE('',*,*,#3586,.T.);
#4641=ORIENTED_EDGE('',*,*,#3568,.T.);
#4642=ORIENTED_EDGE('',*,*,#3591,.F.);
#4643=ORIENTED_EDGE('',*,*,#3587,.F.);
#4644=ORIENTED_EDGE('',*,*,#3590,.F.);
#4645=ORIENTED_EDGE('',*,*,#3561,.F.);
#4646=ORIENTED_EDGE('',*,*,#3588,.T.);
#4647=ORIENTED_EDGE('',*,*,#3591,.T.);
#4648=ORIENTED_EDGE('',*,*,#3567,.T.);
#4649=ORIENTED_EDGE('',*,*,#3571,.T.);
#4650=ORIENTED_EDGE('',*,*,#3592,.T.);
#4651=ORIENTED_EDGE('',*,*,#3593,.T.);
#4652=ORIENTED_EDGE('',*,*,#3594,.T.);
#4653=ORIENTED_EDGE('',*,*,#3595,.F.);
#4654=ORIENTED_EDGE('',*,*,#3596,.F.);
#4655=ORIENTED_EDGE('',*,*,#3597,.T.);
#4656=ORIENTED_EDGE('',*,*,#3598,.T.);
#4657=ORIENTED_EDGE('',*,*,#3582,.T.);
#4658=ORIENTED_EDGE('',*,*,#3575,.F.);
#4659=ORIENTED_EDGE('',*,*,#3599,.F.);
#4660=ORIENTED_EDGE('',*,*,#3600,.F.);
#4661=ORIENTED_EDGE('',*,*,#3579,.T.);
#4662=ORIENTED_EDGE('',*,*,#3574,.F.);
#4663=ORIENTED_EDGE('',*,*,#3578,.F.);
#4664=ORIENTED_EDGE('',*,*,#3601,.F.);
#4665=ORIENTED_EDGE('',*,*,#3597,.F.);
#4666=ORIENTED_EDGE('',*,*,#3602,.T.);
#4667=ORIENTED_EDGE('',*,*,#3603,.T.);
#4668=ORIENTED_EDGE('',*,*,#3599,.T.);
#4669=ORIENTED_EDGE('',*,*,#3601,.T.);
#4670=ORIENTED_EDGE('',*,*,#3577,.F.);
#4671=ORIENTED_EDGE('',*,*,#3583,.T.);
#4672=ORIENTED_EDGE('',*,*,#3598,.F.);
#4673=ORIENTED_EDGE('',*,*,#3604,.F.);
#4674=ORIENTED_EDGE('',*,*,#3557,.T.);
#4675=ORIENTED_EDGE('',*,*,#3605,.T.);
#4676=ORIENTED_EDGE('',*,*,#3606,.T.);
#4677=ORIENTED_EDGE('',*,*,#3556,.F.);
#4678=ORIENTED_EDGE('',*,*,#3607,.F.);
#4679=ORIENTED_EDGE('',*,*,#3608,.F.);
#4680=ORIENTED_EDGE('',*,*,#3605,.F.);
#4681=ORIENTED_EDGE('',*,*,#3548,.F.);
#4682=ORIENTED_EDGE('',*,*,#3554,.F.);
#4683=ORIENTED_EDGE('',*,*,#3609,.F.);
#4684=ORIENTED_EDGE('',*,*,#3610,.F.);
#4685=ORIENTED_EDGE('',*,*,#3606,.F.);
#4686=ORIENTED_EDGE('',*,*,#3608,.T.);
#4687=ORIENTED_EDGE('',*,*,#3611,.F.);
#4688=ORIENTED_EDGE('',*,*,#3549,.F.);
#4689=ORIENTED_EDGE('',*,*,#3611,.T.);
#4690=ORIENTED_EDGE('',*,*,#3607,.T.);
#4691=ORIENTED_EDGE('',*,*,#3555,.T.);
#4692=ORIENTED_EDGE('',*,*,#3558,.T.);
#4693=ORIENTED_EDGE('',*,*,#3604,.T.);
#4694=ORIENTED_EDGE('',*,*,#3610,.T.);
#4695=ORIENTED_EDGE('',*,*,#3612,.F.);
#4696=ORIENTED_EDGE('',*,*,#3613,.T.);
#4697=ORIENTED_EDGE('',*,*,#3614,.F.);
#4698=ORIENTED_EDGE('',*,*,#3615,.T.);
#4699=ORIENTED_EDGE('',*,*,#3616,.F.);
#4700=ORIENTED_EDGE('',*,*,#3609,.T.);
#4701=ORIENTED_EDGE('',*,*,#3617,.F.);
#4702=ORIENTED_EDGE('',*,*,#3618,.T.);
#4703=ORIENTED_EDGE('',*,*,#3612,.T.);
#4704=ORIENTED_EDGE('',*,*,#3619,.F.);
#4705=ORIENTED_EDGE('',*,*,#3545,.T.);
#4706=ORIENTED_EDGE('',*,*,#3620,.T.);
#4707=ORIENTED_EDGE('',*,*,#3621,.T.);
#4708=ORIENTED_EDGE('',*,*,#3544,.T.);
#4709=ORIENTED_EDGE('',*,*,#3622,.F.);
#4710=ORIENTED_EDGE('',*,*,#3623,.F.);
#4711=ORIENTED_EDGE('',*,*,#3620,.F.);
#4712=ORIENTED_EDGE('',*,*,#3536,.F.);
#4713=ORIENTED_EDGE('',*,*,#3542,.T.);
#4714=ORIENTED_EDGE('',*,*,#3624,.F.);
#4715=ORIENTED_EDGE('',*,*,#3625,.F.);
#4716=ORIENTED_EDGE('',*,*,#3621,.F.);
#4717=ORIENTED_EDGE('',*,*,#3623,.T.);
#4718=ORIENTED_EDGE('',*,*,#3626,.F.);
#4719=ORIENTED_EDGE('',*,*,#3537,.F.);
#4720=ORIENTED_EDGE('',*,*,#3626,.T.);
#4721=ORIENTED_EDGE('',*,*,#3622,.T.);
#4722=ORIENTED_EDGE('',*,*,#3543,.T.);
#4723=ORIENTED_EDGE('',*,*,#3547,.T.);
#4724=ORIENTED_EDGE('',*,*,#3627,.T.);
#4725=ORIENTED_EDGE('',*,*,#3628,.T.);
#4726=ORIENTED_EDGE('',*,*,#3629,.F.);
#4727=ORIENTED_EDGE('',*,*,#3624,.T.);
#4728=ORIENTED_EDGE('',*,*,#3630,.F.);
#4729=ORIENTED_EDGE('',*,*,#3631,.T.);
#4730=ORIENTED_EDGE('',*,*,#3632,.T.);
#4731=ORIENTED_EDGE('',*,*,#3633,.T.);
#4732=ORIENTED_EDGE('',*,*,#3634,.T.);
#4733=ORIENTED_EDGE('',*,*,#3635,.T.);
#4734=ORIENTED_EDGE('',*,*,#3636,.T.);
#4735=ORIENTED_EDGE('',*,*,#3637,.T.);
#4736=ORIENTED_EDGE('',*,*,#3638,.T.);
#4737=ORIENTED_EDGE('',*,*,#3639,.T.);
#4738=ORIENTED_EDGE('',*,*,#3636,.F.);
#4739=ORIENTED_EDGE('',*,*,#3640,.T.);
#4740=ORIENTED_EDGE('',*,*,#3641,.T.);
#4741=ORIENTED_EDGE('',*,*,#3642,.T.);
#4742=ORIENTED_EDGE('',*,*,#3638,.F.);
#4743=ORIENTED_EDGE('',*,*,#3643,.T.);
#4744=ORIENTED_EDGE('',*,*,#3644,.T.);
#4745=ORIENTED_EDGE('',*,*,#3645,.T.);
#4746=ORIENTED_EDGE('',*,*,#3641,.F.);
#4747=ORIENTED_EDGE('',*,*,#3646,.T.);
#4748=ORIENTED_EDGE('',*,*,#3647,.T.);
#4749=ORIENTED_EDGE('',*,*,#3648,.T.);
#4750=ORIENTED_EDGE('',*,*,#3644,.F.);
#4751=ORIENTED_EDGE('',*,*,#3649,.T.);
#4752=ORIENTED_EDGE('',*,*,#3650,.T.);
#4753=ORIENTED_EDGE('',*,*,#3651,.T.);
#4754=ORIENTED_EDGE('',*,*,#3647,.F.);
#4755=ORIENTED_EDGE('',*,*,#3652,.T.);
#4756=ORIENTED_EDGE('',*,*,#3653,.T.);
#4757=ORIENTED_EDGE('',*,*,#3654,.T.);
#4758=ORIENTED_EDGE('',*,*,#3650,.F.);
#4759=ORIENTED_EDGE('',*,*,#3655,.T.);
#4760=ORIENTED_EDGE('',*,*,#3634,.F.);
#4761=ORIENTED_EDGE('',*,*,#3656,.T.);
#4762=ORIENTED_EDGE('',*,*,#3653,.F.);
#4763=ORIENTED_EDGE('',*,*,#3657,.T.);
#4764=ORIENTED_EDGE('',*,*,#3646,.F.);
#4765=ORIENTED_EDGE('',*,*,#3658,.F.);
#4766=ORIENTED_EDGE('',*,*,#3659,.F.);
#4767=ORIENTED_EDGE('',*,*,#3660,.T.);
#4768=ORIENTED_EDGE('',*,*,#3643,.F.);
#4769=ORIENTED_EDGE('',*,*,#3661,.F.);
#4770=ORIENTED_EDGE('',*,*,#3662,.F.);
#4771=ORIENTED_EDGE('',*,*,#3658,.T.);
#4772=ORIENTED_EDGE('',*,*,#3640,.F.);
#4773=ORIENTED_EDGE('',*,*,#3663,.F.);
#4774=ORIENTED_EDGE('',*,*,#3664,.F.);
#4775=ORIENTED_EDGE('',*,*,#3661,.T.);
#4776=ORIENTED_EDGE('',*,*,#3635,.F.);
#4777=ORIENTED_EDGE('',*,*,#3665,.F.);
#4778=ORIENTED_EDGE('',*,*,#3666,.F.);
#4779=ORIENTED_EDGE('',*,*,#3663,.T.);
#4780=ORIENTED_EDGE('',*,*,#3667,.F.);
#4781=ORIENTED_EDGE('',*,*,#3668,.F.);
#4782=ORIENTED_EDGE('',*,*,#3669,.F.);
#4783=ORIENTED_EDGE('',*,*,#3670,.F.);
#4784=ORIENTED_EDGE('',*,*,#3637,.F.);
#4785=ORIENTED_EDGE('',*,*,#3639,.F.);
#4786=ORIENTED_EDGE('',*,*,#3642,.F.);
#4787=ORIENTED_EDGE('',*,*,#3645,.F.);
#4788=ORIENTED_EDGE('',*,*,#3648,.F.);
#4789=ORIENTED_EDGE('',*,*,#3651,.F.);
#4790=ORIENTED_EDGE('',*,*,#3654,.F.);
#4791=ORIENTED_EDGE('',*,*,#3656,.F.);
#4792=ORIENTED_EDGE('',*,*,#3671,.F.);
#4793=ORIENTED_EDGE('',*,*,#3672,.F.);
#4794=ORIENTED_EDGE('',*,*,#3673,.F.);
#4795=ORIENTED_EDGE('',*,*,#3674,.T.);
#4796=ORIENTED_EDGE('',*,*,#3675,.F.);
#4797=ORIENTED_EDGE('',*,*,#3674,.F.);
#4798=ORIENTED_EDGE('',*,*,#3676,.F.);
#4799=ORIENTED_EDGE('',*,*,#3677,.T.);
#4800=ORIENTED_EDGE('',*,*,#3678,.F.);
#4801=ORIENTED_EDGE('',*,*,#3677,.F.);
#4802=ORIENTED_EDGE('',*,*,#3679,.F.);
#4803=ORIENTED_EDGE('',*,*,#3680,.T.);
#4804=ORIENTED_EDGE('',*,*,#3681,.F.);
#4805=ORIENTED_EDGE('',*,*,#3682,.F.);
#4806=ORIENTED_EDGE('',*,*,#3683,.F.);
#4807=ORIENTED_EDGE('',*,*,#3672,.T.);
#4808=ORIENTED_EDGE('',*,*,#3679,.T.);
#4809=ORIENTED_EDGE('',*,*,#3676,.T.);
#4810=ORIENTED_EDGE('',*,*,#3673,.T.);
#4811=ORIENTED_EDGE('',*,*,#3683,.T.);
#4812=ORIENTED_EDGE('',*,*,#3684,.T.);
#4813=ORIENTED_EDGE('',*,*,#3685,.T.);
#4814=ORIENTED_EDGE('',*,*,#3686,.F.);
#4815=ORIENTED_EDGE('',*,*,#3687,.T.);
#4816=ORIENTED_EDGE('',*,*,#3688,.T.);
#4817=ORIENTED_EDGE('',*,*,#3689,.T.);
#4818=ORIENTED_EDGE('',*,*,#3690,.T.);
#4819=ORIENTED_EDGE('',*,*,#3691,.T.);
#4820=ORIENTED_EDGE('',*,*,#3692,.F.);
#4821=ORIENTED_EDGE('',*,*,#3693,.F.);
#4822=ORIENTED_EDGE('',*,*,#3694,.T.);
#4823=ORIENTED_EDGE('',*,*,#3695,.T.);
#4824=ORIENTED_EDGE('',*,*,#3696,.T.);
#4825=ORIENTED_EDGE('',*,*,#3697,.F.);
#4826=ORIENTED_EDGE('',*,*,#3698,.F.);
#4827=ORIENTED_EDGE('',*,*,#3699,.T.);
#4828=ORIENTED_EDGE('',*,*,#3700,.T.);
#4829=ORIENTED_EDGE('',*,*,#3701,.T.);
#4830=ORIENTED_EDGE('',*,*,#3702,.F.);
#4831=ORIENTED_EDGE('',*,*,#3703,.T.);
#4832=ORIENTED_EDGE('',*,*,#3704,.T.);
#4833=ORIENTED_EDGE('',*,*,#3705,.T.);
#4834=ORIENTED_EDGE('',*,*,#3706,.T.);
#4835=ORIENTED_EDGE('',*,*,#3707,.T.);
#4836=ORIENTED_EDGE('',*,*,#3681,.T.);
#4837=ORIENTED_EDGE('',*,*,#3671,.T.);
#4838=ORIENTED_EDGE('',*,*,#3675,.T.);
#4839=ORIENTED_EDGE('',*,*,#3678,.T.);
#4840=ORIENTED_EDGE('',*,*,#3708,.F.);
#4841=ORIENTED_EDGE('',*,*,#3709,.F.);
#4842=ORIENTED_EDGE('',*,*,#3710,.F.);
#4843=ORIENTED_EDGE('',*,*,#3711,.F.);
#4844=ORIENTED_EDGE('',*,*,#3712,.T.);
#4845=ORIENTED_EDGE('',*,*,#3713,.T.);
#4846=ORIENTED_EDGE('',*,*,#3714,.T.);
#4847=ORIENTED_EDGE('',*,*,#3715,.T.);
#4848=ORIENTED_EDGE('',*,*,#3716,.T.);
#4849=ORIENTED_EDGE('',*,*,#3717,.T.);
#4850=ORIENTED_EDGE('',*,*,#3718,.T.);
#4851=ORIENTED_EDGE('',*,*,#3719,.T.);
#4852=ORIENTED_EDGE('',*,*,#3720,.T.);
#4853=ORIENTED_EDGE('',*,*,#3721,.F.);
#4854=ORIENTED_EDGE('',*,*,#3722,.F.);
#4855=ORIENTED_EDGE('',*,*,#3723,.F.);
#4856=ORIENTED_EDGE('',*,*,#3724,.T.);
#4857=ORIENTED_EDGE('',*,*,#3725,.F.);
#4858=ORIENTED_EDGE('',*,*,#3726,.F.);
#4859=ORIENTED_EDGE('',*,*,#3727,.F.);
#4860=ORIENTED_EDGE('',*,*,#3728,.F.);
#4861=ORIENTED_EDGE('',*,*,#3729,.F.);
#4862=ORIENTED_EDGE('',*,*,#3730,.T.);
#4863=ORIENTED_EDGE('',*,*,#3731,.F.);
#4864=ORIENTED_EDGE('',*,*,#3732,.F.);
#4865=ORIENTED_EDGE('',*,*,#3733,.T.);
#4866=ORIENTED_EDGE('',*,*,#3734,.T.);
#4867=ORIENTED_EDGE('',*,*,#3735,.T.);
#4868=ORIENTED_EDGE('',*,*,#3736,.T.);
#4869=ORIENTED_EDGE('',*,*,#3737,.T.);
#4870=ORIENTED_EDGE('',*,*,#3738,.T.);
#4871=ORIENTED_EDGE('',*,*,#3735,.F.);
#4872=ORIENTED_EDGE('',*,*,#3739,.T.);
#4873=ORIENTED_EDGE('',*,*,#3740,.T.);
#4874=ORIENTED_EDGE('',*,*,#3741,.T.);
#4875=ORIENTED_EDGE('',*,*,#3737,.F.);
#4876=ORIENTED_EDGE('',*,*,#3742,.T.);
#4877=ORIENTED_EDGE('',*,*,#3743,.T.);
#4878=ORIENTED_EDGE('',*,*,#3744,.T.);
#4879=ORIENTED_EDGE('',*,*,#3740,.F.);
#4880=ORIENTED_EDGE('',*,*,#3745,.T.);
#4881=ORIENTED_EDGE('',*,*,#3743,.F.);
#4882=ORIENTED_EDGE('',*,*,#3746,.T.);
#4883=ORIENTED_EDGE('',*,*,#3747,.F.);
#4884=ORIENTED_EDGE('',*,*,#3725,.T.);
#4885=ORIENTED_EDGE('',*,*,#3748,.T.);
#4886=ORIENTED_EDGE('',*,*,#3745,.F.);
#4887=ORIENTED_EDGE('',*,*,#3742,.F.);
#4888=ORIENTED_EDGE('',*,*,#3749,.T.);
#4889=ORIENTED_EDGE('',*,*,#3750,.F.);
#4890=ORIENTED_EDGE('',*,*,#3751,.F.);
#4891=ORIENTED_EDGE('',*,*,#3746,.F.);
#4892=ORIENTED_EDGE('',*,*,#3739,.F.);
#4893=ORIENTED_EDGE('',*,*,#3734,.F.);
#4894=ORIENTED_EDGE('',*,*,#3752,.F.);
#4895=ORIENTED_EDGE('',*,*,#3753,.F.);
#4896=ORIENTED_EDGE('',*,*,#3754,.F.);
#4897=ORIENTED_EDGE('',*,*,#3749,.F.);
#4898=ORIENTED_EDGE('',*,*,#3755,.T.);
#4899=ORIENTED_EDGE('',*,*,#3756,.T.);
#4900=ORIENTED_EDGE('',*,*,#3757,.T.);
#4901=ORIENTED_EDGE('',*,*,#3758,.T.);
#4902=ORIENTED_EDGE('',*,*,#3759,.T.);
#4903=ORIENTED_EDGE('',*,*,#3760,.T.);
#4904=ORIENTED_EDGE('',*,*,#3757,.F.);
#4905=ORIENTED_EDGE('',*,*,#3761,.T.);
#4906=ORIENTED_EDGE('',*,*,#3762,.T.);
#4907=ORIENTED_EDGE('',*,*,#3763,.T.);
#4908=ORIENTED_EDGE('',*,*,#3755,.F.);
#4909=ORIENTED_EDGE('',*,*,#3761,.F.);
#4910=ORIENTED_EDGE('',*,*,#3756,.F.);
#4911=ORIENTED_EDGE('',*,*,#3763,.F.);
#4912=ORIENTED_EDGE('',*,*,#3764,.F.);
#4913=ORIENTED_EDGE('',*,*,#3765,.F.);
#4914=ORIENTED_EDGE('',*,*,#3766,.F.);
#4915=ORIENTED_EDGE('',*,*,#3767,.F.);
#4916=ORIENTED_EDGE('',*,*,#3768,.F.);
#4917=ORIENTED_EDGE('',*,*,#3769,.F.);
#4918=ORIENTED_EDGE('',*,*,#3762,.F.);
#4919=ORIENTED_EDGE('',*,*,#3770,.F.);
#4920=ORIENTED_EDGE('',*,*,#3771,.F.);
#4921=ORIENTED_EDGE('',*,*,#3772,.F.);
#4922=ORIENTED_EDGE('',*,*,#3703,.F.);
#4923=ORIENTED_EDGE('',*,*,#3773,.F.);
#4924=ORIENTED_EDGE('',*,*,#3712,.F.);
#4925=ORIENTED_EDGE('',*,*,#3774,.F.);
#4926=ORIENTED_EDGE('',*,*,#3764,.T.);
#4927=ORIENTED_EDGE('',*,*,#3758,.F.);
#4928=ORIENTED_EDGE('',*,*,#3775,.F.);
#4929=ORIENTED_EDGE('',*,*,#3776,.T.);
#4930=ORIENTED_EDGE('',*,*,#3770,.T.);
#4931=ORIENTED_EDGE('',*,*,#3625,.T.);
#4932=ORIENTED_EDGE('',*,*,#3633,.F.);
#4933=ORIENTED_EDGE('',*,*,#3777,.F.);
#4934=ORIENTED_EDGE('',*,*,#3778,.F.);
#4935=ORIENTED_EDGE('',*,*,#3779,.F.);
#4936=ORIENTED_EDGE('',*,*,#3627,.F.);
#4937=ORIENTED_EDGE('',*,*,#3546,.T.);
#4938=ORIENTED_EDGE('',*,*,#3619,.T.);
#4939=ORIENTED_EDGE('',*,*,#3717,.F.);
#4940=ORIENTED_EDGE('',*,*,#3780,.F.);
#4941=ORIENTED_EDGE('',*,*,#3699,.F.);
#4942=ORIENTED_EDGE('',*,*,#3781,.F.);
#4943=ORIENTED_EDGE('',*,*,#3782,.T.);
#4944=ORIENTED_EDGE('',*,*,#3783,.T.);
#4945=ORIENTED_EDGE('',*,*,#3784,.T.);
#4946=ORIENTED_EDGE('',*,*,#3785,.T.);
#4947=ORIENTED_EDGE('',*,*,#3786,.T.);
#4948=ORIENTED_EDGE('',*,*,#3787,.T.);
#4949=ORIENTED_EDGE('',*,*,#3784,.F.);
#4950=ORIENTED_EDGE('',*,*,#3788,.T.);
#4951=ORIENTED_EDGE('',*,*,#3789,.T.);
#4952=ORIENTED_EDGE('',*,*,#3790,.T.);
#4953=ORIENTED_EDGE('',*,*,#3786,.F.);
#4954=ORIENTED_EDGE('',*,*,#3791,.T.);
#4955=ORIENTED_EDGE('',*,*,#3792,.T.);
#4956=ORIENTED_EDGE('',*,*,#3793,.T.);
#4957=ORIENTED_EDGE('',*,*,#3789,.F.);
#4958=ORIENTED_EDGE('',*,*,#3794,.T.);
#4959=ORIENTED_EDGE('',*,*,#3795,.T.);
#4960=ORIENTED_EDGE('',*,*,#3796,.T.);
#4961=ORIENTED_EDGE('',*,*,#3792,.F.);
#4962=ORIENTED_EDGE('',*,*,#3797,.T.);
#4963=ORIENTED_EDGE('',*,*,#3798,.T.);
#4964=ORIENTED_EDGE('',*,*,#3799,.T.);
#4965=ORIENTED_EDGE('',*,*,#3795,.F.);
#4966=ORIENTED_EDGE('',*,*,#3800,.T.);
#4967=ORIENTED_EDGE('',*,*,#3801,.T.);
#4968=ORIENTED_EDGE('',*,*,#3802,.T.);
#4969=ORIENTED_EDGE('',*,*,#3798,.F.);
#4970=ORIENTED_EDGE('',*,*,#3803,.T.);
#4971=ORIENTED_EDGE('',*,*,#3782,.F.);
#4972=ORIENTED_EDGE('',*,*,#3804,.T.);
#4973=ORIENTED_EDGE('',*,*,#3801,.F.);
#4974=ORIENTED_EDGE('',*,*,#3805,.T.);
#4975=ORIENTED_EDGE('',*,*,#3794,.F.);
#4976=ORIENTED_EDGE('',*,*,#3806,.T.);
#4977=ORIENTED_EDGE('',*,*,#3807,.F.);
#4978=ORIENTED_EDGE('',*,*,#3808,.T.);
#4979=ORIENTED_EDGE('',*,*,#3791,.F.);
#4980=ORIENTED_EDGE('',*,*,#3809,.F.);
#4981=ORIENTED_EDGE('',*,*,#3810,.F.);
#4982=ORIENTED_EDGE('',*,*,#3806,.F.);
#4983=ORIENTED_EDGE('',*,*,#3788,.F.);
#4984=ORIENTED_EDGE('',*,*,#3811,.T.);
#4985=ORIENTED_EDGE('',*,*,#3812,.F.);
#4986=ORIENTED_EDGE('',*,*,#3809,.T.);
#4987=ORIENTED_EDGE('',*,*,#3783,.F.);
#4988=ORIENTED_EDGE('',*,*,#3813,.F.);
#4989=ORIENTED_EDGE('',*,*,#3814,.F.);
#4990=ORIENTED_EDGE('',*,*,#3815,.F.);
#4991=ORIENTED_EDGE('',*,*,#3811,.F.);
#4992=ORIENTED_EDGE('',*,*,#3785,.F.);
#4993=ORIENTED_EDGE('',*,*,#3787,.F.);
#4994=ORIENTED_EDGE('',*,*,#3790,.F.);
#4995=ORIENTED_EDGE('',*,*,#3793,.F.);
#4996=ORIENTED_EDGE('',*,*,#3796,.F.);
#4997=ORIENTED_EDGE('',*,*,#3799,.F.);
#4998=ORIENTED_EDGE('',*,*,#3802,.F.);
#4999=ORIENTED_EDGE('',*,*,#3804,.F.);
#5000=ORIENTED_EDGE('',*,*,#3816,.T.);
#5001=ORIENTED_EDGE('',*,*,#3817,.T.);
#5002=ORIENTED_EDGE('',*,*,#3600,.T.);
#5003=ORIENTED_EDGE('',*,*,#3818,.T.);
#5004=ORIENTED_EDGE('',*,*,#3630,.T.);
#5005=ORIENTED_EDGE('',*,*,#3541,.T.);
#5006=ORIENTED_EDGE('',*,*,#3629,.T.);
#5007=ORIENTED_EDGE('',*,*,#3819,.T.);
#5008=ORIENTED_EDGE('',*,*,#3617,.T.);
#5009=ORIENTED_EDGE('',*,*,#3553,.T.);
#5010=ORIENTED_EDGE('',*,*,#3820,.T.);
#5011=ORIENTED_EDGE('',*,*,#3821,.T.);
#5012=ORIENTED_EDGE('',*,*,#3822,.T.);
#5013=ORIENTED_EDGE('',*,*,#3565,.T.);
#5014=ORIENTED_EDGE('',*,*,#3595,.T.);
#5015=ORIENTED_EDGE('',*,*,#3655,.F.);
#5016=ORIENTED_EDGE('',*,*,#3823,.F.);
#5017=ORIENTED_EDGE('',*,*,#3824,.F.);
#5018=ORIENTED_EDGE('',*,*,#3825,.T.);
#5019=ORIENTED_EDGE('',*,*,#3657,.F.);
#5020=ORIENTED_EDGE('',*,*,#3825,.F.);
#5021=ORIENTED_EDGE('',*,*,#3826,.F.);
#5022=ORIENTED_EDGE('',*,*,#3665,.T.);
#5023=ORIENTED_EDGE('',*,*,#3649,.F.);
#5024=ORIENTED_EDGE('',*,*,#3660,.F.);
#5025=ORIENTED_EDGE('',*,*,#3827,.F.);
#5026=ORIENTED_EDGE('',*,*,#3828,.T.);
#5027=ORIENTED_EDGE('',*,*,#3652,.F.);
#5028=ORIENTED_EDGE('',*,*,#3828,.F.);
#5029=ORIENTED_EDGE('',*,*,#3829,.F.);
#5030=ORIENTED_EDGE('',*,*,#3823,.T.);
#5031=ORIENTED_EDGE('',*,*,#3797,.F.);
#5032=ORIENTED_EDGE('',*,*,#3808,.F.);
#5033=ORIENTED_EDGE('',*,*,#3830,.F.);
#5034=ORIENTED_EDGE('',*,*,#3831,.F.);
#5035=ORIENTED_EDGE('',*,*,#3832,.F.);
#5036=ORIENTED_EDGE('',*,*,#3833,.F.);
#5037=ORIENTED_EDGE('',*,*,#3834,.T.);
#5038=ORIENTED_EDGE('',*,*,#3835,.F.);
#5039=ORIENTED_EDGE('',*,*,#3807,.T.);
#5040=ORIENTED_EDGE('',*,*,#3836,.T.);
#5041=ORIENTED_EDGE('',*,*,#3837,.F.);
#5042=ORIENTED_EDGE('',*,*,#3830,.T.);
#5043=ORIENTED_EDGE('',*,*,#3833,.T.);
#5044=ORIENTED_EDGE('',*,*,#3831,.T.);
#5045=ORIENTED_EDGE('',*,*,#3837,.T.);
#5046=ORIENTED_EDGE('',*,*,#3669,.T.);
#5047=ORIENTED_EDGE('',*,*,#3800,.F.);
#5048=ORIENTED_EDGE('',*,*,#3832,.T.);
#5049=ORIENTED_EDGE('',*,*,#3835,.T.);
#5050=ORIENTED_EDGE('',*,*,#3838,.T.);
#5051=ORIENTED_EDGE('',*,*,#3803,.F.);
#5052=ORIENTED_EDGE('',*,*,#3838,.F.);
#5053=ORIENTED_EDGE('',*,*,#3839,.F.);
#5054=ORIENTED_EDGE('',*,*,#3840,.F.);
#5055=ORIENTED_EDGE('',*,*,#3841,.F.);
#5056=ORIENTED_EDGE('',*,*,#3839,.T.);
#5057=ORIENTED_EDGE('',*,*,#3834,.F.);
#5058=ORIENTED_EDGE('',*,*,#3668,.T.);
#5059=ORIENTED_EDGE('',*,*,#3842,.F.);
#5060=ORIENTED_EDGE('',*,*,#3670,.T.);
#5061=ORIENTED_EDGE('',*,*,#3836,.F.);
#5062=ORIENTED_EDGE('',*,*,#3810,.T.);
#5063=ORIENTED_EDGE('',*,*,#3843,.F.);
#5064=ORIENTED_EDGE('',*,*,#3841,.T.);
#5065=ORIENTED_EDGE('',*,*,#3844,.F.);
#5066=ORIENTED_EDGE('',*,*,#3812,.T.);
#5067=ORIENTED_EDGE('',*,*,#3815,.T.);
#5068=ORIENTED_EDGE('',*,*,#3845,.F.);
#5069=ORIENTED_EDGE('',*,*,#3842,.T.);
#5070=ORIENTED_EDGE('',*,*,#3844,.T.);
#5071=ORIENTED_EDGE('',*,*,#3667,.T.);
#5072=ORIENTED_EDGE('',*,*,#3845,.T.);
#5073=ORIENTED_EDGE('',*,*,#3814,.T.);
#5074=ORIENTED_EDGE('',*,*,#3805,.F.);
#5075=ORIENTED_EDGE('',*,*,#3840,.T.);
#5076=ORIENTED_EDGE('',*,*,#3843,.T.);
#5077=ORIENTED_EDGE('',*,*,#3813,.T.);
#5078=ORIENTED_EDGE('',*,*,#3846,.T.);
#5079=ORIENTED_EDGE('',*,*,#3847,.T.);
#5080=ORIENTED_EDGE('',*,*,#3615,.F.);
#5081=ORIENTED_EDGE('',*,*,#3848,.F.);
#5082=ORIENTED_EDGE('',*,*,#3593,.F.);
#5083=ORIENTED_EDGE('',*,*,#3849,.T.);
#5084=ORIENTED_EDGE('',*,*,#3850,.F.);
#5085=ORIENTED_EDGE('',*,*,#3585,.T.);
#5086=ORIENTED_EDGE('',*,*,#3851,.F.);
#5087=ORIENTED_EDGE('',*,*,#3846,.F.);
#5088=ORIENTED_EDGE('',*,*,#3852,.F.);
#5089=ORIENTED_EDGE('',*,*,#3849,.F.);
#5090=ORIENTED_EDGE('',*,*,#3592,.F.);
#5091=ORIENTED_EDGE('',*,*,#3570,.T.);
#5092=ORIENTED_EDGE('',*,*,#3589,.T.);
#5093=ORIENTED_EDGE('',*,*,#3821,.F.);
#5094=ORIENTED_EDGE('',*,*,#3853,.F.);
#5095=ORIENTED_EDGE('',*,*,#3847,.F.);
#5096=ORIENTED_EDGE('',*,*,#3854,.F.);
#5097=ORIENTED_EDGE('',*,*,#3559,.T.);
#5098=ORIENTED_EDGE('',*,*,#3616,.T.);
#5099=ORIENTED_EDGE('',*,*,#3853,.T.);
#5100=ORIENTED_EDGE('',*,*,#3820,.F.);
#5101=ORIENTED_EDGE('',*,*,#3778,.T.);
#5102=ORIENTED_EDGE('',*,*,#3855,.T.);
#5103=ORIENTED_EDGE('',*,*,#3852,.T.);
#5104=ORIENTED_EDGE('',*,*,#3614,.T.);
#5105=ORIENTED_EDGE('',*,*,#3662,.T.);
#5106=ORIENTED_EDGE('',*,*,#3664,.T.);
#5107=ORIENTED_EDGE('',*,*,#3666,.T.);
#5108=ORIENTED_EDGE('',*,*,#3826,.T.);
#5109=ORIENTED_EDGE('',*,*,#3824,.T.);
#5110=ORIENTED_EDGE('',*,*,#3829,.T.);
#5111=ORIENTED_EDGE('',*,*,#3827,.T.);
#5112=ORIENTED_EDGE('',*,*,#3659,.T.);
#5113=ORIENTED_EDGE('',*,*,#3581,.T.);
#5114=ORIENTED_EDGE('',*,*,#3856,.F.);
#5115=ORIENTED_EDGE('',*,*,#3850,.T.);
#5116=ORIENTED_EDGE('',*,*,#3855,.F.);
#5117=ORIENTED_EDGE('',*,*,#3857,.T.);
#5118=ORIENTED_EDGE('',*,*,#3596,.T.);
#5119=ORIENTED_EDGE('',*,*,#3858,.T.);
#5120=ORIENTED_EDGE('',*,*,#3779,.T.);
#5121=ORIENTED_EDGE('',*,*,#3613,.F.);
#5122=ORIENTED_EDGE('',*,*,#3819,.F.);
#5123=ORIENTED_EDGE('',*,*,#3628,.F.);
#5124=ORIENTED_EDGE('',*,*,#3858,.F.);
#5125=ORIENTED_EDGE('',*,*,#3618,.F.);
#5126=ORIENTED_EDGE('',*,*,#3859,.F.);
#5127=ORIENTED_EDGE('',*,*,#3602,.F.);
#5128=ORIENTED_EDGE('',*,*,#3857,.F.);
#5129=ORIENTED_EDGE('',*,*,#3777,.T.);
#5130=ORIENTED_EDGE('',*,*,#3632,.F.);
#5131=ORIENTED_EDGE('',*,*,#3584,.T.);
#5132=ORIENTED_EDGE('',*,*,#3822,.F.);
#5133=ORIENTED_EDGE('',*,*,#3854,.T.);
#5134=ORIENTED_EDGE('',*,*,#3851,.T.);
#5135=ORIENTED_EDGE('',*,*,#3816,.F.);
#5136=ORIENTED_EDGE('',*,*,#3594,.F.);
#5137=ORIENTED_EDGE('',*,*,#3848,.T.);
#5138=ORIENTED_EDGE('',*,*,#3860,.F.);
#5139=ORIENTED_EDGE('',*,*,#3580,.T.);
#5140=ORIENTED_EDGE('',*,*,#3817,.F.);
#5141=ORIENTED_EDGE('',*,*,#3860,.T.);
#5142=ORIENTED_EDGE('',*,*,#3856,.T.);
#5143=ORIENTED_EDGE('',*,*,#3818,.F.);
#5144=ORIENTED_EDGE('',*,*,#3603,.F.);
#5145=ORIENTED_EDGE('',*,*,#3859,.T.);
#5146=ORIENTED_EDGE('',*,*,#3631,.F.);
#5147=ORIENTED_EDGE('',*,*,#3780,.T.);
#5148=ORIENTED_EDGE('',*,*,#3716,.F.);
#5149=ORIENTED_EDGE('',*,*,#3861,.T.);
#5150=ORIENTED_EDGE('',*,*,#3700,.F.);
#5151=ORIENTED_EDGE('',*,*,#3862,.F.);
#5152=ORIENTED_EDGE('',*,*,#3863,.F.);
#5153=ORIENTED_EDGE('',*,*,#3864,.F.);
#5154=ORIENTED_EDGE('',*,*,#3865,.F.);
#5155=ORIENTED_EDGE('',*,*,#3864,.T.);
#5156=ORIENTED_EDGE('',*,*,#3866,.F.);
#5157=ORIENTED_EDGE('',*,*,#3723,.T.);
#5158=ORIENTED_EDGE('',*,*,#3867,.T.);
#5159=ORIENTED_EDGE('',*,*,#3733,.F.);
#5160=ORIENTED_EDGE('',*,*,#3868,.F.);
#5161=ORIENTED_EDGE('',*,*,#3729,.T.);
#5162=ORIENTED_EDGE('',*,*,#3869,.T.);
#5163=ORIENTED_EDGE('',*,*,#3752,.T.);
#5164=ORIENTED_EDGE('',*,*,#3741,.F.);
#5165=ORIENTED_EDGE('',*,*,#3870,.F.);
#5166=ORIENTED_EDGE('',*,*,#3871,.T.);
#5167=ORIENTED_EDGE('',*,*,#3872,.T.);
#5168=ORIENTED_EDGE('',*,*,#3738,.F.);
#5169=ORIENTED_EDGE('',*,*,#3744,.F.);
#5170=ORIENTED_EDGE('',*,*,#3748,.F.);
#5171=ORIENTED_EDGE('',*,*,#3724,.F.);
#5172=ORIENTED_EDGE('',*,*,#3866,.T.);
#5173=ORIENTED_EDGE('',*,*,#3863,.T.);
#5174=ORIENTED_EDGE('',*,*,#3873,.F.);
#5175=ORIENTED_EDGE('',*,*,#3720,.F.);
#5176=ORIENTED_EDGE('',*,*,#3719,.F.);
#5177=ORIENTED_EDGE('',*,*,#3874,.F.);
#5178=ORIENTED_EDGE('',*,*,#3697,.T.);
#5179=ORIENTED_EDGE('',*,*,#3875,.F.);
#5180=ORIENTED_EDGE('',*,*,#3876,.T.);
#5181=ORIENTED_EDGE('',*,*,#3877,.T.);
#5182=ORIENTED_EDGE('',*,*,#3693,.T.);
#5183=ORIENTED_EDGE('',*,*,#3692,.T.);
#5184=ORIENTED_EDGE('',*,*,#3878,.F.);
#5185=ORIENTED_EDGE('',*,*,#3879,.T.);
#5186=ORIENTED_EDGE('',*,*,#3870,.T.);
#5187=ORIENTED_EDGE('',*,*,#3767,.T.);
#5188=ORIENTED_EDGE('',*,*,#3880,.F.);
#5189=ORIENTED_EDGE('',*,*,#3709,.T.);
#5190=ORIENTED_EDGE('',*,*,#3881,.T.);
#5191=ORIENTED_EDGE('',*,*,#3736,.F.);
#5192=ORIENTED_EDGE('',*,*,#3872,.F.);
#5193=ORIENTED_EDGE('',*,*,#3882,.T.);
#5194=ORIENTED_EDGE('',*,*,#3883,.T.);
#5195=ORIENTED_EDGE('',*,*,#3686,.T.);
#5196=ORIENTED_EDGE('',*,*,#3884,.F.);
#5197=ORIENTED_EDGE('',*,*,#3885,.T.);
#5198=ORIENTED_EDGE('',*,*,#3775,.T.);
#5199=ORIENTED_EDGE('',*,*,#3760,.F.);
#5200=ORIENTED_EDGE('',*,*,#3886,.F.);
#5201=ORIENTED_EDGE('',*,*,#3730,.F.);
#5202=ORIENTED_EDGE('',*,*,#3868,.T.);
#5203=ORIENTED_EDGE('',*,*,#3766,.T.);
#5204=ORIENTED_EDGE('',*,*,#3887,.F.);
#5205=ORIENTED_EDGE('',*,*,#3710,.T.);
#5206=ORIENTED_EDGE('',*,*,#3880,.T.);
#5207=ORIENTED_EDGE('',*,*,#3765,.T.);
#5208=ORIENTED_EDGE('',*,*,#3774,.T.);
#5209=ORIENTED_EDGE('',*,*,#3711,.T.);
#5210=ORIENTED_EDGE('',*,*,#3887,.T.);
#5211=ORIENTED_EDGE('',*,*,#3759,.F.);
#5212=ORIENTED_EDGE('',*,*,#3769,.T.);
#5213=ORIENTED_EDGE('',*,*,#3888,.F.);
#5214=ORIENTED_EDGE('',*,*,#3731,.T.);
#5215=ORIENTED_EDGE('',*,*,#3886,.T.);
#5216=ORIENTED_EDGE('',*,*,#3862,.T.);
#5217=ORIENTED_EDGE('',*,*,#3889,.F.);
#5218=ORIENTED_EDGE('',*,*,#3721,.T.);
#5219=ORIENTED_EDGE('',*,*,#3873,.T.);
#5220=ORIENTED_EDGE('',*,*,#3890,.F.);
#5221=ORIENTED_EDGE('',*,*,#3891,.F.);
#5222=ORIENTED_EDGE('',*,*,#3892,.F.);
#5223=ORIENTED_EDGE('',*,*,#3893,.F.);
#5224=ORIENTED_EDGE('',*,*,#3894,.F.);
#5225=ORIENTED_EDGE('',*,*,#3882,.F.);
#5226=ORIENTED_EDGE('',*,*,#3871,.F.);
#5227=ORIENTED_EDGE('',*,*,#3879,.F.);
#5228=ORIENTED_EDGE('',*,*,#3771,.T.);
#5229=ORIENTED_EDGE('',*,*,#3776,.F.);
#5230=ORIENTED_EDGE('',*,*,#3885,.F.);
#5231=ORIENTED_EDGE('',*,*,#3895,.F.);
#5232=ORIENTED_EDGE('',*,*,#3896,.F.);
#5233=ORIENTED_EDGE('',*,*,#3897,.F.);
#5234=ORIENTED_EDGE('',*,*,#3898,.F.);
#5235=ORIENTED_EDGE('',*,*,#3899,.F.);
#5236=ORIENTED_EDGE('',*,*,#3900,.F.);
#5237=ORIENTED_EDGE('',*,*,#3901,.F.);
#5238=ORIENTED_EDGE('',*,*,#3876,.F.);
#5239=ORIENTED_EDGE('',*,*,#3902,.F.);
#5240=ORIENTED_EDGE('',*,*,#3893,.T.);
#5241=ORIENTED_EDGE('',*,*,#3903,.T.);
#5242=ORIENTED_EDGE('',*,*,#3688,.F.);
#5243=ORIENTED_EDGE('',*,*,#3904,.F.);
#5244=ORIENTED_EDGE('',*,*,#3892,.T.);
#5245=ORIENTED_EDGE('',*,*,#3905,.T.);
#5246=ORIENTED_EDGE('',*,*,#3689,.F.);
#5247=ORIENTED_EDGE('',*,*,#3903,.F.);
#5248=ORIENTED_EDGE('',*,*,#3891,.T.);
#5249=ORIENTED_EDGE('',*,*,#3906,.T.);
#5250=ORIENTED_EDGE('',*,*,#3690,.F.);
#5251=ORIENTED_EDGE('',*,*,#3905,.F.);
#5252=ORIENTED_EDGE('',*,*,#3890,.T.);
#5253=ORIENTED_EDGE('',*,*,#3878,.T.);
#5254=ORIENTED_EDGE('',*,*,#3691,.F.);
#5255=ORIENTED_EDGE('',*,*,#3906,.F.);
#5256=ORIENTED_EDGE('',*,*,#3772,.T.);
#5257=ORIENTED_EDGE('',*,*,#3899,.T.);
#5258=ORIENTED_EDGE('',*,*,#3907,.T.);
#5259=ORIENTED_EDGE('',*,*,#3704,.F.);
#5260=ORIENTED_EDGE('',*,*,#3901,.T.);
#5261=ORIENTED_EDGE('',*,*,#3908,.T.);
#5262=ORIENTED_EDGE('',*,*,#3694,.F.);
#5263=ORIENTED_EDGE('',*,*,#3877,.F.);
#5264=ORIENTED_EDGE('',*,*,#3900,.T.);
#5265=ORIENTED_EDGE('',*,*,#3909,.T.);
#5266=ORIENTED_EDGE('',*,*,#3695,.F.);
#5267=ORIENTED_EDGE('',*,*,#3908,.F.);
#5268=ORIENTED_EDGE('',*,*,#3902,.T.);
#5269=ORIENTED_EDGE('',*,*,#3875,.T.);
#5270=ORIENTED_EDGE('',*,*,#3696,.F.);
#5271=ORIENTED_EDGE('',*,*,#3909,.F.);
#5272=ORIENTED_EDGE('',*,*,#3895,.T.);
#5273=ORIENTED_EDGE('',*,*,#3884,.T.);
#5274=ORIENTED_EDGE('',*,*,#3685,.F.);
#5275=ORIENTED_EDGE('',*,*,#3910,.F.);
#5276=ORIENTED_EDGE('',*,*,#3896,.T.);
#5277=ORIENTED_EDGE('',*,*,#3910,.T.);
#5278=ORIENTED_EDGE('',*,*,#3684,.F.);
#5279=ORIENTED_EDGE('',*,*,#3682,.T.);
#5280=ORIENTED_EDGE('',*,*,#3732,.T.);
#5281=ORIENTED_EDGE('',*,*,#3888,.T.);
#5282=ORIENTED_EDGE('',*,*,#3768,.T.);
#5283=ORIENTED_EDGE('',*,*,#3881,.F.);
#5284=ORIENTED_EDGE('',*,*,#3708,.T.);
#5285=ORIENTED_EDGE('',*,*,#3680,.F.);
#5286=ORIENTED_EDGE('',*,*,#3707,.F.);
#5287=ORIENTED_EDGE('',*,*,#3911,.F.);
#5288=ORIENTED_EDGE('',*,*,#3897,.T.);
#5289=ORIENTED_EDGE('',*,*,#3911,.T.);
#5290=ORIENTED_EDGE('',*,*,#3706,.F.);
#5291=ORIENTED_EDGE('',*,*,#3912,.F.);
#5292=ORIENTED_EDGE('',*,*,#3898,.T.);
#5293=ORIENTED_EDGE('',*,*,#3912,.T.);
#5294=ORIENTED_EDGE('',*,*,#3705,.F.);
#5295=ORIENTED_EDGE('',*,*,#3907,.F.);
#5296=ORIENTED_EDGE('',*,*,#3894,.T.);
#5297=ORIENTED_EDGE('',*,*,#3904,.T.);
#5298=ORIENTED_EDGE('',*,*,#3687,.F.);
#5299=ORIENTED_EDGE('',*,*,#3883,.F.);
#5300=ORIENTED_EDGE('',*,*,#3913,.F.);
#5301=ORIENTED_EDGE('',*,*,#3914,.T.);
#5302=ORIENTED_EDGE('',*,*,#3714,.F.);
#5303=ORIENTED_EDGE('',*,*,#3915,.F.);
#5304=ORIENTED_EDGE('',*,*,#3701,.F.);
#5305=ORIENTED_EDGE('',*,*,#3861,.F.);
#5306=ORIENTED_EDGE('',*,*,#3715,.F.);
#5307=ORIENTED_EDGE('',*,*,#3914,.F.);
#5308=ORIENTED_EDGE('',*,*,#3773,.T.);
#5309=ORIENTED_EDGE('',*,*,#3702,.T.);
#5310=ORIENTED_EDGE('',*,*,#3915,.T.);
#5311=ORIENTED_EDGE('',*,*,#3913,.T.);
#5312=ORIENTED_EDGE('',*,*,#3713,.F.);
#5313=ORIENTED_EDGE('',*,*,#3781,.T.);
#5314=ORIENTED_EDGE('',*,*,#3698,.T.);
#5315=ORIENTED_EDGE('',*,*,#3874,.T.);
#5316=ORIENTED_EDGE('',*,*,#3718,.F.);
#5317=ORIENTED_EDGE('',*,*,#3751,.T.);
#5318=ORIENTED_EDGE('',*,*,#3916,.F.);
#5319=ORIENTED_EDGE('',*,*,#3726,.T.);
#5320=ORIENTED_EDGE('',*,*,#3747,.T.);
#5321=ORIENTED_EDGE('',*,*,#3753,.T.);
#5322=ORIENTED_EDGE('',*,*,#3869,.F.);
#5323=ORIENTED_EDGE('',*,*,#3728,.T.);
#5324=ORIENTED_EDGE('',*,*,#3917,.T.);
#5325=ORIENTED_EDGE('',*,*,#3754,.T.);
#5326=ORIENTED_EDGE('',*,*,#3917,.F.);
#5327=ORIENTED_EDGE('',*,*,#3727,.T.);
#5328=ORIENTED_EDGE('',*,*,#3916,.T.);
#5329=ORIENTED_EDGE('',*,*,#3750,.T.);
#5330=ORIENTED_EDGE('',*,*,#3865,.T.);
#5331=ORIENTED_EDGE('',*,*,#3867,.F.);
#5332=ORIENTED_EDGE('',*,*,#3722,.T.);
#5333=ORIENTED_EDGE('',*,*,#3889,.T.);
#5334=ORIENTED_EDGE('',*,*,#3918,.F.);
#5335=ORIENTED_EDGE('',*,*,#3919,.F.);
#5336=ORIENTED_EDGE('',*,*,#3920,.F.);
#5337=ORIENTED_EDGE('',*,*,#3921,.F.);
#5338=ORIENTED_EDGE('',*,*,#3922,.F.);
#5339=ORIENTED_EDGE('',*,*,#3923,.T.);
#5340=ORIENTED_EDGE('',*,*,#3924,.F.);
#5341=ORIENTED_EDGE('',*,*,#3925,.F.);
#5342=ORIENTED_EDGE('',*,*,#3926,.F.);
#5343=ORIENTED_EDGE('',*,*,#3927,.T.);
#5344=ORIENTED_EDGE('',*,*,#3928,.T.);
#5345=ORIENTED_EDGE('',*,*,#3929,.T.);
#5346=ORIENTED_EDGE('',*,*,#3930,.T.);
#5347=ORIENTED_EDGE('',*,*,#3931,.T.);
#5348=ORIENTED_EDGE('',*,*,#3932,.T.);
#5349=ORIENTED_EDGE('',*,*,#3933,.T.);
#5350=ORIENTED_EDGE('',*,*,#3934,.T.);
#5351=ORIENTED_EDGE('',*,*,#3935,.T.);
#5352=ORIENTED_EDGE('',*,*,#3936,.T.);
#5353=ORIENTED_EDGE('',*,*,#3937,.F.);
#5354=ORIENTED_EDGE('',*,*,#3938,.F.);
#5355=ORIENTED_EDGE('',*,*,#3939,.F.);
#5356=ORIENTED_EDGE('',*,*,#3940,.F.);
#5357=ORIENTED_EDGE('',*,*,#3941,.F.);
#5358=ORIENTED_EDGE('',*,*,#3942,.T.);
#5359=ORIENTED_EDGE('',*,*,#3943,.T.);
#5360=ORIENTED_EDGE('',*,*,#3944,.T.);
#5361=ORIENTED_EDGE('',*,*,#3945,.T.);
#5362=ORIENTED_EDGE('',*,*,#3946,.T.);
#5363=ORIENTED_EDGE('',*,*,#3947,.T.);
#5364=ORIENTED_EDGE('',*,*,#3948,.T.);
#5365=ORIENTED_EDGE('',*,*,#3949,.T.);
#5366=ORIENTED_EDGE('',*,*,#3950,.T.);
#5367=ORIENTED_EDGE('',*,*,#3951,.T.);
#5368=ORIENTED_EDGE('',*,*,#3948,.F.);
#5369=ORIENTED_EDGE('',*,*,#3952,.T.);
#5370=ORIENTED_EDGE('',*,*,#3953,.T.);
#5371=ORIENTED_EDGE('',*,*,#3954,.T.);
#5372=ORIENTED_EDGE('',*,*,#3950,.F.);
#5373=ORIENTED_EDGE('',*,*,#3955,.T.);
#5374=ORIENTED_EDGE('',*,*,#3956,.T.);
#5375=ORIENTED_EDGE('',*,*,#3957,.T.);
#5376=ORIENTED_EDGE('',*,*,#3953,.F.);
#5377=ORIENTED_EDGE('',*,*,#3958,.T.);
#5378=ORIENTED_EDGE('',*,*,#3959,.T.);
#5379=ORIENTED_EDGE('',*,*,#3960,.T.);
#5380=ORIENTED_EDGE('',*,*,#3956,.F.);
#5381=ORIENTED_EDGE('',*,*,#3961,.T.);
#5382=ORIENTED_EDGE('',*,*,#3962,.T.);
#5383=ORIENTED_EDGE('',*,*,#3963,.T.);
#5384=ORIENTED_EDGE('',*,*,#3959,.F.);
#5385=ORIENTED_EDGE('',*,*,#3964,.T.);
#5386=ORIENTED_EDGE('',*,*,#3965,.T.);
#5387=ORIENTED_EDGE('',*,*,#3966,.T.);
#5388=ORIENTED_EDGE('',*,*,#3962,.F.);
#5389=ORIENTED_EDGE('',*,*,#3967,.T.);
#5390=ORIENTED_EDGE('',*,*,#3946,.F.);
#5391=ORIENTED_EDGE('',*,*,#3968,.T.);
#5392=ORIENTED_EDGE('',*,*,#3965,.F.);
#5393=ORIENTED_EDGE('',*,*,#3969,.T.);
#5394=ORIENTED_EDGE('',*,*,#3958,.F.);
#5395=ORIENTED_EDGE('',*,*,#3970,.T.);
#5396=ORIENTED_EDGE('',*,*,#3971,.T.);
#5397=ORIENTED_EDGE('',*,*,#3972,.T.);
#5398=ORIENTED_EDGE('',*,*,#3973,.F.);
#5399=ORIENTED_EDGE('',*,*,#3955,.F.);
#5400=ORIENTED_EDGE('',*,*,#3974,.T.);
#5401=ORIENTED_EDGE('',*,*,#3975,.T.);
#5402=ORIENTED_EDGE('',*,*,#3970,.F.);
#5403=ORIENTED_EDGE('',*,*,#3952,.F.);
#5404=ORIENTED_EDGE('',*,*,#3976,.T.);
#5405=ORIENTED_EDGE('',*,*,#3977,.T.);
#5406=ORIENTED_EDGE('',*,*,#3974,.F.);
#5407=ORIENTED_EDGE('',*,*,#3947,.F.);
#5408=ORIENTED_EDGE('',*,*,#3978,.T.);
#5409=ORIENTED_EDGE('',*,*,#3979,.T.);
#5410=ORIENTED_EDGE('',*,*,#3976,.F.);
#5411=ORIENTED_EDGE('',*,*,#3980,.F.);
#5412=ORIENTED_EDGE('',*,*,#3981,.F.);
#5413=ORIENTED_EDGE('',*,*,#3982,.T.);
#5414=ORIENTED_EDGE('',*,*,#3983,.F.);
#5415=ORIENTED_EDGE('',*,*,#3984,.F.);
#5416=ORIENTED_EDGE('',*,*,#3985,.F.);
#5417=ORIENTED_EDGE('',*,*,#3986,.F.);
#5418=ORIENTED_EDGE('',*,*,#3987,.F.);
#5419=ORIENTED_EDGE('',*,*,#3988,.F.);
#5420=ORIENTED_EDGE('',*,*,#3989,.F.);
#5421=ORIENTED_EDGE('',*,*,#3990,.F.);
#5422=ORIENTED_EDGE('',*,*,#3991,.F.);
#5423=ORIENTED_EDGE('',*,*,#3992,.F.);
#5424=ORIENTED_EDGE('',*,*,#3993,.F.);
#5425=ORIENTED_EDGE('',*,*,#3994,.F.);
#5426=ORIENTED_EDGE('',*,*,#3995,.F.);
#5427=ORIENTED_EDGE('',*,*,#3996,.F.);
#5428=ORIENTED_EDGE('',*,*,#3997,.F.);
#5429=ORIENTED_EDGE('',*,*,#3998,.T.);
#5430=ORIENTED_EDGE('',*,*,#3999,.T.);
#5431=ORIENTED_EDGE('',*,*,#4000,.T.);
#5432=ORIENTED_EDGE('',*,*,#3949,.F.);
#5433=ORIENTED_EDGE('',*,*,#3951,.F.);
#5434=ORIENTED_EDGE('',*,*,#3954,.F.);
#5435=ORIENTED_EDGE('',*,*,#3957,.F.);
#5436=ORIENTED_EDGE('',*,*,#3960,.F.);
#5437=ORIENTED_EDGE('',*,*,#3963,.F.);
#5438=ORIENTED_EDGE('',*,*,#3966,.F.);
#5439=ORIENTED_EDGE('',*,*,#3968,.F.);
#5440=ORIENTED_EDGE('',*,*,#4001,.T.);
#5441=ORIENTED_EDGE('',*,*,#4002,.T.);
#5442=ORIENTED_EDGE('',*,*,#4003,.T.);
#5443=ORIENTED_EDGE('',*,*,#4004,.T.);
#5444=ORIENTED_EDGE('',*,*,#4005,.T.);
#5445=ORIENTED_EDGE('',*,*,#4006,.T.);
#5446=ORIENTED_EDGE('',*,*,#4003,.F.);
#5447=ORIENTED_EDGE('',*,*,#4007,.T.);
#5448=ORIENTED_EDGE('',*,*,#4008,.T.);
#5449=ORIENTED_EDGE('',*,*,#4009,.T.);
#5450=ORIENTED_EDGE('',*,*,#4005,.F.);
#5451=ORIENTED_EDGE('',*,*,#4010,.T.);
#5452=ORIENTED_EDGE('',*,*,#4011,.T.);
#5453=ORIENTED_EDGE('',*,*,#4008,.F.);
#5454=ORIENTED_EDGE('',*,*,#4012,.T.);
#5455=ORIENTED_EDGE('',*,*,#4013,.T.);
#5456=ORIENTED_EDGE('',*,*,#4014,.T.);
#5457=ORIENTED_EDGE('',*,*,#4015,.T.);
#5458=ORIENTED_EDGE('',*,*,#4016,.T.);
#5459=ORIENTED_EDGE('',*,*,#4017,.T.);
#5460=ORIENTED_EDGE('',*,*,#4018,.T.);
#5461=ORIENTED_EDGE('',*,*,#4019,.T.);
#5462=ORIENTED_EDGE('',*,*,#4016,.F.);
#5463=ORIENTED_EDGE('',*,*,#4020,.T.);
#5464=ORIENTED_EDGE('',*,*,#4021,.T.);
#5465=ORIENTED_EDGE('',*,*,#4022,.T.);
#5466=ORIENTED_EDGE('',*,*,#4018,.F.);
#5467=ORIENTED_EDGE('',*,*,#4023,.T.);
#5468=ORIENTED_EDGE('',*,*,#4024,.T.);
#5469=ORIENTED_EDGE('',*,*,#4025,.T.);
#5470=ORIENTED_EDGE('',*,*,#4026,.T.);
#5471=ORIENTED_EDGE('',*,*,#4014,.F.);
#5472=ORIENTED_EDGE('',*,*,#4027,.T.);
#5473=ORIENTED_EDGE('',*,*,#4013,.F.);
#5474=ORIENTED_EDGE('',*,*,#4028,.T.);
#5475=ORIENTED_EDGE('',*,*,#4025,.F.);
#5476=ORIENTED_EDGE('',*,*,#4029,.T.);
#5477=ORIENTED_EDGE('',*,*,#4030,.T.);
#5478=ORIENTED_EDGE('',*,*,#4021,.F.);
#5479=ORIENTED_EDGE('',*,*,#4031,.T.);
#5480=ORIENTED_EDGE('',*,*,#4032,.T.);
#5481=ORIENTED_EDGE('',*,*,#4033,.T.);
#5482=ORIENTED_EDGE('',*,*,#4001,.F.);
#5483=ORIENTED_EDGE('',*,*,#4034,.T.);
#5484=ORIENTED_EDGE('',*,*,#4032,.F.);
#5485=ORIENTED_EDGE('',*,*,#4035,.T.);
#5486=ORIENTED_EDGE('',*,*,#4029,.F.);
#5487=ORIENTED_EDGE('',*,*,#4036,.T.);
#5488=ORIENTED_EDGE('',*,*,#4002,.F.);
#5489=ORIENTED_EDGE('',*,*,#4033,.F.);
#5490=ORIENTED_EDGE('',*,*,#4037,.F.);
#5491=ORIENTED_EDGE('',*,*,#4038,.F.);
#5492=ORIENTED_EDGE('',*,*,#4039,.T.);
#5493=ORIENTED_EDGE('',*,*,#4036,.F.);
#5494=ORIENTED_EDGE('',*,*,#4040,.F.);
#5495=ORIENTED_EDGE('',*,*,#4041,.F.);
#5496=ORIENTED_EDGE('',*,*,#4037,.T.);
#5497=ORIENTED_EDGE('',*,*,#4031,.F.);
#5498=ORIENTED_EDGE('',*,*,#4023,.F.);
#5499=ORIENTED_EDGE('',*,*,#4042,.F.);
#5500=ORIENTED_EDGE('',*,*,#4043,.F.);
#5501=ORIENTED_EDGE('',*,*,#4040,.T.);
#5502=ORIENTED_EDGE('',*,*,#4020,.F.);
#5503=ORIENTED_EDGE('',*,*,#4044,.F.);
#5504=ORIENTED_EDGE('',*,*,#4045,.F.);
#5505=ORIENTED_EDGE('',*,*,#4042,.T.);
#5506=ORIENTED_EDGE('',*,*,#4011,.F.);
#5507=ORIENTED_EDGE('',*,*,#4027,.F.);
#5508=ORIENTED_EDGE('',*,*,#4024,.F.);
#5509=ORIENTED_EDGE('',*,*,#4046,.T.);
#5510=ORIENTED_EDGE('',*,*,#4047,.F.);
#5511=ORIENTED_EDGE('',*,*,#4048,.T.);
#5512=ORIENTED_EDGE('',*,*,#4049,.T.);
#5513=ORIENTED_EDGE('',*,*,#4050,.T.);
#5514=ORIENTED_EDGE('',*,*,#4022,.F.);
#5515=ORIENTED_EDGE('',*,*,#4051,.F.);
#5516=ORIENTED_EDGE('',*,*,#4052,.F.);
#5517=ORIENTED_EDGE('',*,*,#4046,.F.);
#5518=ORIENTED_EDGE('',*,*,#4017,.F.);
#5519=ORIENTED_EDGE('',*,*,#4019,.F.);
#5520=ORIENTED_EDGE('',*,*,#4004,.F.);
#5521=ORIENTED_EDGE('',*,*,#4006,.F.);
#5522=ORIENTED_EDGE('',*,*,#4009,.F.);
#5523=ORIENTED_EDGE('',*,*,#4050,.F.);
#5524=ORIENTED_EDGE('',*,*,#4053,.F.);
#5525=ORIENTED_EDGE('',*,*,#4054,.F.);
#5526=ORIENTED_EDGE('',*,*,#4007,.F.);
#5527=ORIENTED_EDGE('',*,*,#4039,.F.);
#5528=ORIENTED_EDGE('',*,*,#4055,.F.);
#5529=ORIENTED_EDGE('',*,*,#4056,.T.);
#5530=ORIENTED_EDGE('',*,*,#4010,.F.);
#5531=ORIENTED_EDGE('',*,*,#4056,.F.);
#5532=ORIENTED_EDGE('',*,*,#4057,.F.);
#5533=ORIENTED_EDGE('',*,*,#4058,.T.);
#5534=ORIENTED_EDGE('',*,*,#4012,.F.);
#5535=ORIENTED_EDGE('',*,*,#4028,.F.);
#5536=ORIENTED_EDGE('',*,*,#4058,.F.);
#5537=ORIENTED_EDGE('',*,*,#4059,.F.);
#5538=ORIENTED_EDGE('',*,*,#4060,.T.);
#5539=ORIENTED_EDGE('',*,*,#4026,.F.);
#5540=ORIENTED_EDGE('',*,*,#4060,.F.);
#5541=ORIENTED_EDGE('',*,*,#4061,.F.);
#5542=ORIENTED_EDGE('',*,*,#4044,.T.);
#5543=ORIENTED_EDGE('',*,*,#4015,.F.);
#5544=ORIENTED_EDGE('',*,*,#4062,.T.);
#5545=ORIENTED_EDGE('',*,*,#4063,.T.);
#5546=ORIENTED_EDGE('',*,*,#4064,.T.);
#5547=ORIENTED_EDGE('',*,*,#3990,.T.);
#5548=ORIENTED_EDGE('',*,*,#4065,.T.);
#5549=ORIENTED_EDGE('',*,*,#3991,.T.);
#5550=ORIENTED_EDGE('',*,*,#4064,.F.);
#5551=ORIENTED_EDGE('',*,*,#4066,.T.);
#5552=ORIENTED_EDGE('',*,*,#4067,.T.);
#5553=ORIENTED_EDGE('',*,*,#3992,.T.);
#5554=ORIENTED_EDGE('',*,*,#4065,.F.);
#5555=ORIENTED_EDGE('',*,*,#4068,.T.);
#5556=ORIENTED_EDGE('',*,*,#4069,.T.);
#5557=ORIENTED_EDGE('',*,*,#3993,.T.);
#5558=ORIENTED_EDGE('',*,*,#4067,.F.);
#5559=ORIENTED_EDGE('',*,*,#4070,.T.);
#5560=ORIENTED_EDGE('',*,*,#4071,.T.);
#5561=ORIENTED_EDGE('',*,*,#3994,.T.);
#5562=ORIENTED_EDGE('',*,*,#4069,.F.);
#5563=ORIENTED_EDGE('',*,*,#4072,.T.);
#5564=ORIENTED_EDGE('',*,*,#4073,.T.);
#5565=ORIENTED_EDGE('',*,*,#3995,.T.);
#5566=ORIENTED_EDGE('',*,*,#4071,.F.);
#5567=ORIENTED_EDGE('',*,*,#4074,.T.);
#5568=ORIENTED_EDGE('',*,*,#4075,.T.);
#5569=ORIENTED_EDGE('',*,*,#3996,.T.);
#5570=ORIENTED_EDGE('',*,*,#4073,.F.);
#5571=ORIENTED_EDGE('',*,*,#4076,.T.);
#5572=ORIENTED_EDGE('',*,*,#4062,.F.);
#5573=ORIENTED_EDGE('',*,*,#3997,.T.);
#5574=ORIENTED_EDGE('',*,*,#4075,.F.);
#5575=ORIENTED_EDGE('',*,*,#4077,.T.);
#5576=ORIENTED_EDGE('',*,*,#4070,.F.);
#5577=ORIENTED_EDGE('',*,*,#4078,.T.);
#5578=ORIENTED_EDGE('',*,*,#3934,.F.);
#5579=ORIENTED_EDGE('',*,*,#4079,.F.);
#5580=ORIENTED_EDGE('',*,*,#4068,.F.);
#5581=ORIENTED_EDGE('',*,*,#4080,.T.);
#5582=ORIENTED_EDGE('',*,*,#3927,.F.);
#5583=ORIENTED_EDGE('',*,*,#4078,.F.);
#5584=ORIENTED_EDGE('',*,*,#4066,.F.);
#5585=ORIENTED_EDGE('',*,*,#4081,.T.);
#5586=ORIENTED_EDGE('',*,*,#3928,.F.);
#5587=ORIENTED_EDGE('',*,*,#4080,.F.);
#5588=ORIENTED_EDGE('',*,*,#4063,.F.);
#5589=ORIENTED_EDGE('',*,*,#4082,.T.);
#5590=ORIENTED_EDGE('',*,*,#3929,.F.);
#5591=ORIENTED_EDGE('',*,*,#4081,.F.);
#5592=ORIENTED_EDGE('',*,*,#4083,.T.);
#5593=ORIENTED_EDGE('',*,*,#4084,.T.);
#5594=ORIENTED_EDGE('',*,*,#4085,.T.);
#5595=ORIENTED_EDGE('',*,*,#4086,.T.);
#5596=ORIENTED_EDGE('',*,*,#4087,.T.);
#5597=ORIENTED_EDGE('',*,*,#4088,.T.);
#5598=ORIENTED_EDGE('',*,*,#4085,.F.);
#5599=ORIENTED_EDGE('',*,*,#4089,.T.);
#5600=ORIENTED_EDGE('',*,*,#4090,.T.);
#5601=ORIENTED_EDGE('',*,*,#4091,.T.);
#5602=ORIENTED_EDGE('',*,*,#4087,.F.);
#5603=ORIENTED_EDGE('',*,*,#4092,.T.);
#5604=ORIENTED_EDGE('',*,*,#4093,.T.);
#5605=ORIENTED_EDGE('',*,*,#4094,.T.);
#5606=ORIENTED_EDGE('',*,*,#4090,.F.);
#5607=ORIENTED_EDGE('',*,*,#4095,.T.);
#5608=ORIENTED_EDGE('',*,*,#4096,.T.);
#5609=ORIENTED_EDGE('',*,*,#4097,.T.);
#5610=ORIENTED_EDGE('',*,*,#4093,.F.);
#5611=ORIENTED_EDGE('',*,*,#4098,.T.);
#5612=ORIENTED_EDGE('',*,*,#4099,.T.);
#5613=ORIENTED_EDGE('',*,*,#4100,.T.);
#5614=ORIENTED_EDGE('',*,*,#4096,.F.);
#5615=ORIENTED_EDGE('',*,*,#4101,.T.);
#5616=ORIENTED_EDGE('',*,*,#4102,.T.);
#5617=ORIENTED_EDGE('',*,*,#4103,.T.);
#5618=ORIENTED_EDGE('',*,*,#4099,.F.);
#5619=ORIENTED_EDGE('',*,*,#4104,.T.);
#5620=ORIENTED_EDGE('',*,*,#4083,.F.);
#5621=ORIENTED_EDGE('',*,*,#4105,.T.);
#5622=ORIENTED_EDGE('',*,*,#4102,.F.);
#5623=ORIENTED_EDGE('',*,*,#4106,.T.);
#5624=ORIENTED_EDGE('',*,*,#4095,.F.);
#5625=ORIENTED_EDGE('',*,*,#4107,.T.);
#5626=ORIENTED_EDGE('',*,*,#4108,.F.);
#5627=ORIENTED_EDGE('',*,*,#4109,.F.);
#5628=ORIENTED_EDGE('',*,*,#4092,.F.);
#5629=ORIENTED_EDGE('',*,*,#4110,.T.);
#5630=ORIENTED_EDGE('',*,*,#4111,.F.);
#5631=ORIENTED_EDGE('',*,*,#4107,.F.);
#5632=ORIENTED_EDGE('',*,*,#4089,.F.);
#5633=ORIENTED_EDGE('',*,*,#4112,.T.);
#5634=ORIENTED_EDGE('',*,*,#4113,.F.);
#5635=ORIENTED_EDGE('',*,*,#4110,.F.);
#5636=ORIENTED_EDGE('',*,*,#4084,.F.);
#5637=ORIENTED_EDGE('',*,*,#4114,.T.);
#5638=ORIENTED_EDGE('',*,*,#4115,.F.);
#5639=ORIENTED_EDGE('',*,*,#4112,.F.);
#5640=ORIENTED_EDGE('',*,*,#4116,.F.);
#5641=ORIENTED_EDGE('',*,*,#4117,.F.);
#5642=ORIENTED_EDGE('',*,*,#4118,.F.);
#5643=ORIENTED_EDGE('',*,*,#4119,.F.);
#5644=ORIENTED_EDGE('',*,*,#4120,.F.);
#5645=ORIENTED_EDGE('',*,*,#4086,.F.);
#5646=ORIENTED_EDGE('',*,*,#4088,.F.);
#5647=ORIENTED_EDGE('',*,*,#4091,.F.);
#5648=ORIENTED_EDGE('',*,*,#4094,.F.);
#5649=ORIENTED_EDGE('',*,*,#4097,.F.);
#5650=ORIENTED_EDGE('',*,*,#4100,.F.);
#5651=ORIENTED_EDGE('',*,*,#4103,.F.);
#5652=ORIENTED_EDGE('',*,*,#4105,.F.);
#5653=ORIENTED_EDGE('',*,*,#4106,.F.);
#5654=ORIENTED_EDGE('',*,*,#4121,.T.);
#5655=ORIENTED_EDGE('',*,*,#4122,.F.);
#5656=ORIENTED_EDGE('',*,*,#4114,.F.);
#5657=ORIENTED_EDGE('',*,*,#4104,.F.);
#5658=ORIENTED_EDGE('',*,*,#4123,.T.);
#5659=ORIENTED_EDGE('',*,*,#4124,.F.);
#5660=ORIENTED_EDGE('',*,*,#4121,.F.);
#5661=ORIENTED_EDGE('',*,*,#4101,.F.);
#5662=ORIENTED_EDGE('',*,*,#4125,.T.);
#5663=ORIENTED_EDGE('',*,*,#4126,.F.);
#5664=ORIENTED_EDGE('',*,*,#4123,.F.);
#5665=ORIENTED_EDGE('',*,*,#4098,.F.);
#5666=ORIENTED_EDGE('',*,*,#4109,.T.);
#5667=ORIENTED_EDGE('',*,*,#4127,.F.);
#5668=ORIENTED_EDGE('',*,*,#4125,.F.);
#5669=ORIENTED_EDGE('',*,*,#4128,.F.);
#5670=ORIENTED_EDGE('',*,*,#4129,.F.);
#5671=ORIENTED_EDGE('',*,*,#4130,.F.);
#5672=ORIENTED_EDGE('',*,*,#4131,.F.);
#5673=ORIENTED_EDGE('',*,*,#4132,.T.);
#5674=ORIENTED_EDGE('',*,*,#4133,.F.);
#5675=ORIENTED_EDGE('',*,*,#4134,.T.);
#5676=ORIENTED_EDGE('',*,*,#4135,.F.);
#5677=ORIENTED_EDGE('',*,*,#3919,.T.);
#5678=ORIENTED_EDGE('',*,*,#4136,.F.);
#5679=ORIENTED_EDGE('',*,*,#4137,.F.);
#5680=ORIENTED_EDGE('',*,*,#4138,.F.);
#5681=ORIENTED_EDGE('',*,*,#4139,.F.);
#5682=ORIENTED_EDGE('',*,*,#4132,.F.);
#5683=ORIENTED_EDGE('',*,*,#4140,.F.);
#5684=ORIENTED_EDGE('',*,*,#4141,.F.);
#5685=ORIENTED_EDGE('',*,*,#4142,.F.);
#5686=ORIENTED_EDGE('',*,*,#4143,.F.);
#5687=ORIENTED_EDGE('',*,*,#4144,.F.);
#5688=ORIENTED_EDGE('',*,*,#4145,.T.);
#5689=ORIENTED_EDGE('',*,*,#4146,.F.);
#5690=ORIENTED_EDGE('',*,*,#4147,.F.);
#5691=ORIENTED_EDGE('',*,*,#4148,.F.);
#5692=ORIENTED_EDGE('',*,*,#4138,.T.);
#5693=ORIENTED_EDGE('',*,*,#4149,.F.);
#5694=ORIENTED_EDGE('',*,*,#4150,.F.);
#5695=ORIENTED_EDGE('',*,*,#4151,.T.);
#5696=ORIENTED_EDGE('',*,*,#4152,.T.);
#5697=ORIENTED_EDGE('',*,*,#4153,.T.);
#5698=ORIENTED_EDGE('',*,*,#4154,.F.);
#5699=ORIENTED_EDGE('',*,*,#4155,.F.);
#5700=ORIENTED_EDGE('',*,*,#4156,.F.);
#5701=ORIENTED_EDGE('',*,*,#4157,.T.);
#5702=ORIENTED_EDGE('',*,*,#4158,.T.);
#5703=ORIENTED_EDGE('',*,*,#4159,.T.);
#5704=ORIENTED_EDGE('',*,*,#4160,.T.);
#5705=ORIENTED_EDGE('',*,*,#4158,.F.);
#5706=ORIENTED_EDGE('',*,*,#4161,.F.);
#5707=ORIENTED_EDGE('',*,*,#4162,.F.);
#5708=ORIENTED_EDGE('',*,*,#4163,.F.);
#5709=ORIENTED_EDGE('',*,*,#4164,.T.);
#5710=ORIENTED_EDGE('',*,*,#4165,.T.);
#5711=ORIENTED_EDGE('',*,*,#4166,.T.);
#5712=ORIENTED_EDGE('',*,*,#4162,.T.);
#5713=ORIENTED_EDGE('',*,*,#4165,.F.);
#5714=ORIENTED_EDGE('',*,*,#4167,.F.);
#5715=ORIENTED_EDGE('',*,*,#4168,.F.);
#5716=ORIENTED_EDGE('',*,*,#4169,.F.);
#5717=ORIENTED_EDGE('',*,*,#4170,.T.);
#5718=ORIENTED_EDGE('',*,*,#4171,.T.);
#5719=ORIENTED_EDGE('',*,*,#4172,.T.);
#5720=ORIENTED_EDGE('',*,*,#4173,.T.);
#5721=ORIENTED_EDGE('',*,*,#4171,.F.);
#5722=ORIENTED_EDGE('',*,*,#4174,.F.);
#5723=ORIENTED_EDGE('',*,*,#4175,.F.);
#5724=ORIENTED_EDGE('',*,*,#4176,.F.);
#5725=ORIENTED_EDGE('',*,*,#4177,.T.);
#5726=ORIENTED_EDGE('',*,*,#4178,.T.);
#5727=ORIENTED_EDGE('',*,*,#4179,.T.);
#5728=ORIENTED_EDGE('',*,*,#4168,.T.);
#5729=ORIENTED_EDGE('',*,*,#4173,.F.);
#5730=ORIENTED_EDGE('',*,*,#4180,.F.);
#5731=ORIENTED_EDGE('',*,*,#4178,.F.);
#5732=ORIENTED_EDGE('',*,*,#4181,.F.);
#5733=ORIENTED_EDGE('',*,*,#4182,.T.);
#5734=ORIENTED_EDGE('',*,*,#4183,.T.);
#5735=ORIENTED_EDGE('',*,*,#4184,.T.);
#5736=ORIENTED_EDGE('',*,*,#4175,.T.);
#5737=ORIENTED_EDGE('',*,*,#4160,.F.);
#5738=ORIENTED_EDGE('',*,*,#4185,.F.);
#5739=ORIENTED_EDGE('',*,*,#4183,.F.);
#5740=ORIENTED_EDGE('',*,*,#4186,.F.);
#5741=ORIENTED_EDGE('',*,*,#4187,.T.);
#5742=ORIENTED_EDGE('',*,*,#4188,.T.);
#5743=ORIENTED_EDGE('',*,*,#4189,.T.);
#5744=ORIENTED_EDGE('',*,*,#4116,.T.);
#5745=ORIENTED_EDGE('',*,*,#4047,.T.);
#5746=ORIENTED_EDGE('',*,*,#4190,.T.);
#5747=ORIENTED_EDGE('',*,*,#4189,.F.);
#5748=ORIENTED_EDGE('',*,*,#4191,.T.);
#5749=ORIENTED_EDGE('',*,*,#4192,.T.);
#5750=ORIENTED_EDGE('',*,*,#4193,.T.);
#5751=ORIENTED_EDGE('',*,*,#4049,.F.);
#5752=ORIENTED_EDGE('',*,*,#4194,.T.);
#5753=ORIENTED_EDGE('',*,*,#4195,.T.);
#5754=ORIENTED_EDGE('',*,*,#4196,.T.);
#5755=ORIENTED_EDGE('',*,*,#4192,.F.);
#5756=ORIENTED_EDGE('',*,*,#4197,.T.);
#5757=ORIENTED_EDGE('',*,*,#4198,.T.);
#5758=ORIENTED_EDGE('',*,*,#4199,.T.);
#5759=ORIENTED_EDGE('',*,*,#4195,.F.);
#5760=ORIENTED_EDGE('',*,*,#4200,.T.);
#5761=ORIENTED_EDGE('',*,*,#4201,.T.);
#5762=ORIENTED_EDGE('',*,*,#4202,.T.);
#5763=ORIENTED_EDGE('',*,*,#4198,.F.);
#5764=ORIENTED_EDGE('',*,*,#4203,.T.);
#5765=ORIENTED_EDGE('',*,*,#4187,.F.);
#5766=ORIENTED_EDGE('',*,*,#4204,.T.);
#5767=ORIENTED_EDGE('',*,*,#4201,.F.);
#5768=ORIENTED_EDGE('',*,*,#4205,.T.);
#5769=ORIENTED_EDGE('',*,*,#4199,.F.);
#5770=ORIENTED_EDGE('',*,*,#4206,.T.);
#5771=ORIENTED_EDGE('',*,*,#4207,.T.);
#5772=ORIENTED_EDGE('',*,*,#4208,.T.);
#5773=ORIENTED_EDGE('',*,*,#4202,.F.);
#5774=ORIENTED_EDGE('',*,*,#4209,.F.);
#5775=ORIENTED_EDGE('',*,*,#4210,.F.);
#5776=ORIENTED_EDGE('',*,*,#4206,.F.);
#5777=ORIENTED_EDGE('',*,*,#4204,.F.);
#5778=ORIENTED_EDGE('',*,*,#4120,.T.);
#5779=ORIENTED_EDGE('',*,*,#4211,.T.);
#5780=ORIENTED_EDGE('',*,*,#4209,.T.);
#5781=ORIENTED_EDGE('',*,*,#4188,.F.);
#5782=ORIENTED_EDGE('',*,*,#4205,.F.);
#5783=ORIENTED_EDGE('',*,*,#4203,.F.);
#5784=ORIENTED_EDGE('',*,*,#4200,.F.);
#5785=ORIENTED_EDGE('',*,*,#4197,.F.);
#5786=ORIENTED_EDGE('',*,*,#4194,.F.);
#5787=ORIENTED_EDGE('',*,*,#4048,.F.);
#5788=ORIENTED_EDGE('',*,*,#4191,.F.);
#5789=ORIENTED_EDGE('',*,*,#4134,.F.);
#5790=ORIENTED_EDGE('',*,*,#4212,.F.);
#5791=ORIENTED_EDGE('',*,*,#4213,.F.);
#5792=ORIENTED_EDGE('',*,*,#4214,.F.);
#5793=ORIENTED_EDGE('',*,*,#4215,.F.);
#5794=ORIENTED_EDGE('',*,*,#4216,.F.);
#5795=ORIENTED_EDGE('',*,*,#4217,.F.);
#5796=ORIENTED_EDGE('',*,*,#4218,.F.);
#5797=ORIENTED_EDGE('',*,*,#3999,.F.);
#5798=ORIENTED_EDGE('',*,*,#4219,.T.);
#5799=ORIENTED_EDGE('',*,*,#3936,.F.);
#5800=ORIENTED_EDGE('',*,*,#4219,.F.);
#5801=ORIENTED_EDGE('',*,*,#4000,.F.);
#5802=ORIENTED_EDGE('',*,*,#4220,.T.);
#5803=ORIENTED_EDGE('',*,*,#3935,.F.);
#5804=ORIENTED_EDGE('',*,*,#4220,.F.);
#5805=ORIENTED_EDGE('',*,*,#4076,.F.);
#5806=ORIENTED_EDGE('',*,*,#4221,.T.);
#5807=ORIENTED_EDGE('',*,*,#3931,.F.);
#5808=ORIENTED_EDGE('',*,*,#4222,.F.);
#5809=ORIENTED_EDGE('',*,*,#4074,.F.);
#5810=ORIENTED_EDGE('',*,*,#4223,.T.);
#5811=ORIENTED_EDGE('',*,*,#3932,.F.);
#5812=ORIENTED_EDGE('',*,*,#4221,.F.);
#5813=ORIENTED_EDGE('',*,*,#4072,.F.);
#5814=ORIENTED_EDGE('',*,*,#4079,.T.);
#5815=ORIENTED_EDGE('',*,*,#3933,.F.);
#5816=ORIENTED_EDGE('',*,*,#4223,.F.);
#5817=ORIENTED_EDGE('',*,*,#4077,.F.);
#5818=ORIENTED_EDGE('',*,*,#4222,.T.);
#5819=ORIENTED_EDGE('',*,*,#3930,.F.);
#5820=ORIENTED_EDGE('',*,*,#4082,.F.);
#5821=ORIENTED_EDGE('',*,*,#4224,.T.);
#5822=ORIENTED_EDGE('',*,*,#4225,.T.);
#5823=ORIENTED_EDGE('',*,*,#4226,.T.);
#5824=ORIENTED_EDGE('',*,*,#4227,.T.);
#5825=ORIENTED_EDGE('',*,*,#4228,.T.);
#5826=ORIENTED_EDGE('',*,*,#4229,.T.);
#5827=ORIENTED_EDGE('',*,*,#4230,.T.);
#5828=ORIENTED_EDGE('',*,*,#4231,.T.);
#5829=ORIENTED_EDGE('',*,*,#4232,.T.);
#5830=ORIENTED_EDGE('',*,*,#4233,.T.);
#5831=ORIENTED_EDGE('',*,*,#4234,.T.);
#5832=ORIENTED_EDGE('',*,*,#4235,.T.);
#5833=ORIENTED_EDGE('',*,*,#4236,.T.);
#5834=ORIENTED_EDGE('',*,*,#4237,.T.);
#5835=ORIENTED_EDGE('',*,*,#4238,.T.);
#5836=ORIENTED_EDGE('',*,*,#4239,.T.);
#5837=ORIENTED_EDGE('',*,*,#4240,.T.);
#5838=ORIENTED_EDGE('',*,*,#4241,.T.);
#5839=ORIENTED_EDGE('',*,*,#4242,.T.);
#5840=ORIENTED_EDGE('',*,*,#4243,.T.);
#5841=ORIENTED_EDGE('',*,*,#4244,.T.);
#5842=ORIENTED_EDGE('',*,*,#4245,.T.);
#5843=ORIENTED_EDGE('',*,*,#4246,.T.);
#5844=ORIENTED_EDGE('',*,*,#4247,.T.);
#5845=ORIENTED_EDGE('',*,*,#4248,.T.);
#5846=ORIENTED_EDGE('',*,*,#4249,.T.);
#5847=ORIENTED_EDGE('',*,*,#4250,.T.);
#5848=ORIENTED_EDGE('',*,*,#4251,.T.);
#5849=ORIENTED_EDGE('',*,*,#4252,.T.);
#5850=ORIENTED_EDGE('',*,*,#4253,.T.);
#5851=ORIENTED_EDGE('',*,*,#4254,.T.);
#5852=ORIENTED_EDGE('',*,*,#4255,.T.);
#5853=ORIENTED_EDGE('',*,*,#4256,.T.);
#5854=ORIENTED_EDGE('',*,*,#4257,.T.);
#5855=ORIENTED_EDGE('',*,*,#4258,.T.);
#5856=ORIENTED_EDGE('',*,*,#4259,.F.);
#5857=ORIENTED_EDGE('',*,*,#4260,.T.);
#5858=ORIENTED_EDGE('',*,*,#4224,.F.);
#5859=ORIENTED_EDGE('',*,*,#4261,.F.);
#5860=ORIENTED_EDGE('',*,*,#4262,.F.);
#5861=ORIENTED_EDGE('',*,*,#4263,.T.);
#5862=ORIENTED_EDGE('',*,*,#4225,.F.);
#5863=ORIENTED_EDGE('',*,*,#4260,.F.);
#5864=ORIENTED_EDGE('',*,*,#4264,.F.);
#5865=ORIENTED_EDGE('',*,*,#4265,.T.);
#5866=ORIENTED_EDGE('',*,*,#4226,.F.);
#5867=ORIENTED_EDGE('',*,*,#4263,.F.);
#5868=ORIENTED_EDGE('',*,*,#4266,.F.);
#5869=ORIENTED_EDGE('',*,*,#4267,.T.);
#5870=ORIENTED_EDGE('',*,*,#4227,.F.);
#5871=ORIENTED_EDGE('',*,*,#4265,.F.);
#5872=ORIENTED_EDGE('',*,*,#4268,.F.);
#5873=ORIENTED_EDGE('',*,*,#4269,.T.);
#5874=ORIENTED_EDGE('',*,*,#4228,.F.);
#5875=ORIENTED_EDGE('',*,*,#4267,.F.);
#5876=ORIENTED_EDGE('',*,*,#4270,.F.);
#5877=ORIENTED_EDGE('',*,*,#4271,.T.);
#5878=ORIENTED_EDGE('',*,*,#4229,.F.);
#5879=ORIENTED_EDGE('',*,*,#4269,.F.);
#5880=ORIENTED_EDGE('',*,*,#4272,.F.);
#5881=ORIENTED_EDGE('',*,*,#4273,.T.);
#5882=ORIENTED_EDGE('',*,*,#4230,.F.);
#5883=ORIENTED_EDGE('',*,*,#4271,.F.);
#5884=ORIENTED_EDGE('',*,*,#4274,.F.);
#5885=ORIENTED_EDGE('',*,*,#4275,.T.);
#5886=ORIENTED_EDGE('',*,*,#4231,.F.);
#5887=ORIENTED_EDGE('',*,*,#4273,.F.);
#5888=ORIENTED_EDGE('',*,*,#4276,.F.);
#5889=ORIENTED_EDGE('',*,*,#4277,.T.);
#5890=ORIENTED_EDGE('',*,*,#4232,.F.);
#5891=ORIENTED_EDGE('',*,*,#4275,.F.);
#5892=ORIENTED_EDGE('',*,*,#4278,.F.);
#5893=ORIENTED_EDGE('',*,*,#4279,.T.);
#5894=ORIENTED_EDGE('',*,*,#4233,.F.);
#5895=ORIENTED_EDGE('',*,*,#4277,.F.);
#5896=ORIENTED_EDGE('',*,*,#4280,.F.);
#5897=ORIENTED_EDGE('',*,*,#4281,.T.);
#5898=ORIENTED_EDGE('',*,*,#4234,.F.);
#5899=ORIENTED_EDGE('',*,*,#4279,.F.);
#5900=ORIENTED_EDGE('',*,*,#4282,.F.);
#5901=ORIENTED_EDGE('',*,*,#4283,.T.);
#5902=ORIENTED_EDGE('',*,*,#4235,.F.);
#5903=ORIENTED_EDGE('',*,*,#4281,.F.);
#5904=ORIENTED_EDGE('',*,*,#4284,.F.);
#5905=ORIENTED_EDGE('',*,*,#4285,.T.);
#5906=ORIENTED_EDGE('',*,*,#4236,.F.);
#5907=ORIENTED_EDGE('',*,*,#4283,.F.);
#5908=ORIENTED_EDGE('',*,*,#4286,.F.);
#5909=ORIENTED_EDGE('',*,*,#4287,.T.);
#5910=ORIENTED_EDGE('',*,*,#4237,.F.);
#5911=ORIENTED_EDGE('',*,*,#4285,.F.);
#5912=ORIENTED_EDGE('',*,*,#4288,.F.);
#5913=ORIENTED_EDGE('',*,*,#4289,.T.);
#5914=ORIENTED_EDGE('',*,*,#4238,.F.);
#5915=ORIENTED_EDGE('',*,*,#4287,.F.);
#5916=ORIENTED_EDGE('',*,*,#4290,.F.);
#5917=ORIENTED_EDGE('',*,*,#4291,.T.);
#5918=ORIENTED_EDGE('',*,*,#4239,.F.);
#5919=ORIENTED_EDGE('',*,*,#4289,.F.);
#5920=ORIENTED_EDGE('',*,*,#4292,.F.);
#5921=ORIENTED_EDGE('',*,*,#4293,.T.);
#5922=ORIENTED_EDGE('',*,*,#4240,.F.);
#5923=ORIENTED_EDGE('',*,*,#4291,.F.);
#5924=ORIENTED_EDGE('',*,*,#4294,.F.);
#5925=ORIENTED_EDGE('',*,*,#4295,.T.);
#5926=ORIENTED_EDGE('',*,*,#4241,.F.);
#5927=ORIENTED_EDGE('',*,*,#4293,.F.);
#5928=ORIENTED_EDGE('',*,*,#4296,.F.);
#5929=ORIENTED_EDGE('',*,*,#4297,.T.);
#5930=ORIENTED_EDGE('',*,*,#4242,.F.);
#5931=ORIENTED_EDGE('',*,*,#4295,.F.);
#5932=ORIENTED_EDGE('',*,*,#4298,.F.);
#5933=ORIENTED_EDGE('',*,*,#4299,.T.);
#5934=ORIENTED_EDGE('',*,*,#4243,.F.);
#5935=ORIENTED_EDGE('',*,*,#4297,.F.);
#5936=ORIENTED_EDGE('',*,*,#4300,.F.);
#5937=ORIENTED_EDGE('',*,*,#4301,.T.);
#5938=ORIENTED_EDGE('',*,*,#4244,.F.);
#5939=ORIENTED_EDGE('',*,*,#4299,.F.);
#5940=ORIENTED_EDGE('',*,*,#4302,.F.);
#5941=ORIENTED_EDGE('',*,*,#4303,.T.);
#5942=ORIENTED_EDGE('',*,*,#4245,.F.);
#5943=ORIENTED_EDGE('',*,*,#4301,.F.);
#5944=ORIENTED_EDGE('',*,*,#4304,.F.);
#5945=ORIENTED_EDGE('',*,*,#4305,.T.);
#5946=ORIENTED_EDGE('',*,*,#4246,.F.);
#5947=ORIENTED_EDGE('',*,*,#4303,.F.);
#5948=ORIENTED_EDGE('',*,*,#4306,.F.);
#5949=ORIENTED_EDGE('',*,*,#4307,.T.);
#5950=ORIENTED_EDGE('',*,*,#4247,.F.);
#5951=ORIENTED_EDGE('',*,*,#4305,.F.);
#5952=ORIENTED_EDGE('',*,*,#4308,.F.);
#5953=ORIENTED_EDGE('',*,*,#4309,.T.);
#5954=ORIENTED_EDGE('',*,*,#4248,.F.);
#5955=ORIENTED_EDGE('',*,*,#4307,.F.);
#5956=ORIENTED_EDGE('',*,*,#4310,.F.);
#5957=ORIENTED_EDGE('',*,*,#4311,.T.);
#5958=ORIENTED_EDGE('',*,*,#4249,.F.);
#5959=ORIENTED_EDGE('',*,*,#4309,.F.);
#5960=ORIENTED_EDGE('',*,*,#4312,.F.);
#5961=ORIENTED_EDGE('',*,*,#4313,.T.);
#5962=ORIENTED_EDGE('',*,*,#4250,.F.);
#5963=ORIENTED_EDGE('',*,*,#4311,.F.);
#5964=ORIENTED_EDGE('',*,*,#4314,.F.);
#5965=ORIENTED_EDGE('',*,*,#4315,.T.);
#5966=ORIENTED_EDGE('',*,*,#4251,.F.);
#5967=ORIENTED_EDGE('',*,*,#4313,.F.);
#5968=ORIENTED_EDGE('',*,*,#4316,.F.);
#5969=ORIENTED_EDGE('',*,*,#4317,.T.);
#5970=ORIENTED_EDGE('',*,*,#4252,.F.);
#5971=ORIENTED_EDGE('',*,*,#4315,.F.);
#5972=ORIENTED_EDGE('',*,*,#4318,.F.);
#5973=ORIENTED_EDGE('',*,*,#4319,.T.);
#5974=ORIENTED_EDGE('',*,*,#4253,.F.);
#5975=ORIENTED_EDGE('',*,*,#4317,.F.);
#5976=ORIENTED_EDGE('',*,*,#4320,.F.);
#5977=ORIENTED_EDGE('',*,*,#4261,.T.);
#5978=ORIENTED_EDGE('',*,*,#4254,.F.);
#5979=ORIENTED_EDGE('',*,*,#4319,.F.);
#5980=ORIENTED_EDGE('',*,*,#4321,.F.);
#5981=ORIENTED_EDGE('',*,*,#4322,.T.);
#5982=ORIENTED_EDGE('',*,*,#4255,.F.);
#5983=ORIENTED_EDGE('',*,*,#4323,.F.);
#5984=ORIENTED_EDGE('',*,*,#4324,.F.);
#5985=ORIENTED_EDGE('',*,*,#4323,.T.);
#5986=ORIENTED_EDGE('',*,*,#4256,.F.);
#5987=ORIENTED_EDGE('',*,*,#4322,.F.);
#5988=ORIENTED_EDGE('',*,*,#4325,.F.);
#5989=ORIENTED_EDGE('',*,*,#4326,.T.);
#5990=ORIENTED_EDGE('',*,*,#4257,.F.);
#5991=ORIENTED_EDGE('',*,*,#4327,.F.);
#5992=ORIENTED_EDGE('',*,*,#4328,.F.);
#5993=ORIENTED_EDGE('',*,*,#4327,.T.);
#5994=ORIENTED_EDGE('',*,*,#4258,.F.);
#5995=ORIENTED_EDGE('',*,*,#4326,.F.);
#5996=ORIENTED_EDGE('',*,*,#4325,.T.);
#5997=ORIENTED_EDGE('',*,*,#4328,.T.);
#5998=ORIENTED_EDGE('',*,*,#4318,.T.);
#5999=ORIENTED_EDGE('',*,*,#4316,.T.);
#6000=ORIENTED_EDGE('',*,*,#4314,.T.);
#6001=ORIENTED_EDGE('',*,*,#4321,.T.);
#6002=ORIENTED_EDGE('',*,*,#4324,.T.);
#6003=ORIENTED_EDGE('',*,*,#4329,.T.);
#6004=ORIENTED_EDGE('',*,*,#4330,.T.);
#6005=ORIENTED_EDGE('',*,*,#4331,.T.);
#6006=ORIENTED_EDGE('',*,*,#4332,.T.);
#6007=ORIENTED_EDGE('',*,*,#4333,.T.);
#6008=ORIENTED_EDGE('',*,*,#4334,.T.);
#6009=ORIENTED_EDGE('',*,*,#4335,.T.);
#6010=ORIENTED_EDGE('',*,*,#4336,.T.);
#6011=ORIENTED_EDGE('',*,*,#4337,.T.);
#6012=ORIENTED_EDGE('',*,*,#4338,.T.);
#6013=ORIENTED_EDGE('',*,*,#4339,.T.);
#6014=ORIENTED_EDGE('',*,*,#4340,.T.);
#6015=ORIENTED_EDGE('',*,*,#4341,.F.);
#6016=ORIENTED_EDGE('',*,*,#4342,.T.);
#6017=ORIENTED_EDGE('',*,*,#4329,.F.);
#6018=ORIENTED_EDGE('',*,*,#4343,.F.);
#6019=ORIENTED_EDGE('',*,*,#4344,.F.);
#6020=ORIENTED_EDGE('',*,*,#4345,.T.);
#6021=ORIENTED_EDGE('',*,*,#4330,.F.);
#6022=ORIENTED_EDGE('',*,*,#4342,.F.);
#6023=ORIENTED_EDGE('',*,*,#4346,.F.);
#6024=ORIENTED_EDGE('',*,*,#4347,.T.);
#6025=ORIENTED_EDGE('',*,*,#4331,.F.);
#6026=ORIENTED_EDGE('',*,*,#4345,.F.);
#6027=ORIENTED_EDGE('',*,*,#4348,.F.);
#6028=ORIENTED_EDGE('',*,*,#4349,.T.);
#6029=ORIENTED_EDGE('',*,*,#4332,.F.);
#6030=ORIENTED_EDGE('',*,*,#4347,.F.);
#6031=ORIENTED_EDGE('',*,*,#4350,.F.);
#6032=ORIENTED_EDGE('',*,*,#4351,.T.);
#6033=ORIENTED_EDGE('',*,*,#4333,.F.);
#6034=ORIENTED_EDGE('',*,*,#4349,.F.);
#6035=ORIENTED_EDGE('',*,*,#4352,.F.);
#6036=ORIENTED_EDGE('',*,*,#4353,.T.);
#6037=ORIENTED_EDGE('',*,*,#4334,.F.);
#6038=ORIENTED_EDGE('',*,*,#4351,.F.);
#6039=ORIENTED_EDGE('',*,*,#4354,.F.);
#6040=ORIENTED_EDGE('',*,*,#4355,.T.);
#6041=ORIENTED_EDGE('',*,*,#4335,.F.);
#6042=ORIENTED_EDGE('',*,*,#4353,.F.);
#6043=ORIENTED_EDGE('',*,*,#4356,.F.);
#6044=ORIENTED_EDGE('',*,*,#4357,.T.);
#6045=ORIENTED_EDGE('',*,*,#4336,.F.);
#6046=ORIENTED_EDGE('',*,*,#4355,.F.);
#6047=ORIENTED_EDGE('',*,*,#4358,.F.);
#6048=ORIENTED_EDGE('',*,*,#4359,.T.);
#6049=ORIENTED_EDGE('',*,*,#4337,.F.);
#6050=ORIENTED_EDGE('',*,*,#4357,.F.);
#6051=ORIENTED_EDGE('',*,*,#4360,.F.);
#6052=ORIENTED_EDGE('',*,*,#4361,.T.);
#6053=ORIENTED_EDGE('',*,*,#4338,.F.);
#6054=ORIENTED_EDGE('',*,*,#4359,.F.);
#6055=ORIENTED_EDGE('',*,*,#4362,.F.);
#6056=ORIENTED_EDGE('',*,*,#4363,.T.);
#6057=ORIENTED_EDGE('',*,*,#4339,.F.);
#6058=ORIENTED_EDGE('',*,*,#4361,.F.);
#6059=ORIENTED_EDGE('',*,*,#4364,.F.);
#6060=ORIENTED_EDGE('',*,*,#4343,.T.);
#6061=ORIENTED_EDGE('',*,*,#4340,.F.);
#6062=ORIENTED_EDGE('',*,*,#4363,.F.);
#6063=ORIENTED_EDGE('',*,*,#4215,.T.);
#6064=ORIENTED_EDGE('',*,*,#4365,.F.);
#6065=ORIENTED_EDGE('',*,*,#4366,.F.);
#6066=ORIENTED_EDGE('',*,*,#4367,.F.);
#6067=ORIENTED_EDGE('',*,*,#4214,.T.);
#6068=ORIENTED_EDGE('',*,*,#4368,.T.);
#6069=ORIENTED_EDGE('',*,*,#4369,.T.);
#6070=ORIENTED_EDGE('',*,*,#4365,.T.);
#6071=ORIENTED_EDGE('',*,*,#4213,.T.);
#6072=ORIENTED_EDGE('',*,*,#4370,.F.);
#6073=ORIENTED_EDGE('',*,*,#4371,.F.);
#6074=ORIENTED_EDGE('',*,*,#4368,.F.);
#6075=ORIENTED_EDGE('',*,*,#4212,.T.);
#6076=ORIENTED_EDGE('',*,*,#4133,.T.);
#6077=ORIENTED_EDGE('',*,*,#4139,.T.);
#6078=ORIENTED_EDGE('',*,*,#4148,.T.);
#6079=ORIENTED_EDGE('',*,*,#4370,.T.);
#6080=ORIENTED_EDGE('',*,*,#4185,.T.);
#6081=ORIENTED_EDGE('',*,*,#4159,.F.);
#6082=ORIENTED_EDGE('',*,*,#4163,.T.);
#6083=ORIENTED_EDGE('',*,*,#4166,.F.);
#6084=ORIENTED_EDGE('',*,*,#4169,.T.);
#6085=ORIENTED_EDGE('',*,*,#4179,.F.);
#6086=ORIENTED_EDGE('',*,*,#4180,.T.);
#6087=ORIENTED_EDGE('',*,*,#4172,.F.);
#6088=ORIENTED_EDGE('',*,*,#4176,.T.);
#6089=ORIENTED_EDGE('',*,*,#4184,.F.);
#6090=ORIENTED_EDGE('',*,*,#4218,.T.);
#6091=ORIENTED_EDGE('',*,*,#4372,.T.);
#6092=ORIENTED_EDGE('',*,*,#3920,.T.);
#6093=ORIENTED_EDGE('',*,*,#4135,.T.);
#6094=ORIENTED_EDGE('',*,*,#4059,.T.);
#6095=ORIENTED_EDGE('',*,*,#4057,.T.);
#6096=ORIENTED_EDGE('',*,*,#4055,.T.);
#6097=ORIENTED_EDGE('',*,*,#4038,.T.);
#6098=ORIENTED_EDGE('',*,*,#4041,.T.);
#6099=ORIENTED_EDGE('',*,*,#4043,.T.);
#6100=ORIENTED_EDGE('',*,*,#4045,.T.);
#6101=ORIENTED_EDGE('',*,*,#4061,.T.);
#6102=ORIENTED_EDGE('',*,*,#4217,.T.);
#6103=ORIENTED_EDGE('',*,*,#4373,.F.);
#6104=ORIENTED_EDGE('',*,*,#3921,.T.);
#6105=ORIENTED_EDGE('',*,*,#4372,.F.);
#6106=ORIENTED_EDGE('',*,*,#4216,.T.);
#6107=ORIENTED_EDGE('',*,*,#4367,.T.);
#6108=ORIENTED_EDGE('',*,*,#4374,.T.);
#6109=ORIENTED_EDGE('',*,*,#3922,.T.);
#6110=ORIENTED_EDGE('',*,*,#4373,.T.);
#6111=ORIENTED_EDGE('',*,*,#4124,.T.);
#6112=ORIENTED_EDGE('',*,*,#4126,.T.);
#6113=ORIENTED_EDGE('',*,*,#4127,.T.);
#6114=ORIENTED_EDGE('',*,*,#4108,.T.);
#6115=ORIENTED_EDGE('',*,*,#4111,.T.);
#6116=ORIENTED_EDGE('',*,*,#4113,.T.);
#6117=ORIENTED_EDGE('',*,*,#4115,.T.);
#6118=ORIENTED_EDGE('',*,*,#4122,.T.);
#6119=ORIENTED_EDGE('',*,*,#4375,.T.);
#6120=ORIENTED_EDGE('',*,*,#4376,.T.);
#6121=ORIENTED_EDGE('',*,*,#4146,.T.);
#6122=ORIENTED_EDGE('',*,*,#4377,.T.);
#6123=ORIENTED_EDGE('',*,*,#4378,.F.);
#6124=ORIENTED_EDGE('',*,*,#3924,.T.);
#6125=ORIENTED_EDGE('',*,*,#4379,.F.);
#6126=ORIENTED_EDGE('',*,*,#4377,.F.);
#6127=ORIENTED_EDGE('',*,*,#4145,.F.);
#6128=ORIENTED_EDGE('',*,*,#4380,.F.);
#6129=ORIENTED_EDGE('',*,*,#4381,.F.);
#6130=ORIENTED_EDGE('',*,*,#3923,.F.);
#6131=ORIENTED_EDGE('',*,*,#4374,.F.);
#6132=ORIENTED_EDGE('',*,*,#4382,.F.);
#6133=ORIENTED_EDGE('',*,*,#4375,.F.);
#6134=ORIENTED_EDGE('',*,*,#4379,.T.);
#6135=ORIENTED_EDGE('',*,*,#4382,.T.);
#6136=ORIENTED_EDGE('',*,*,#4366,.T.);
#6137=ORIENTED_EDGE('',*,*,#4383,.F.);
#6138=ORIENTED_EDGE('',*,*,#4383,.T.);
#6139=ORIENTED_EDGE('',*,*,#4369,.F.);
#6140=ORIENTED_EDGE('',*,*,#4384,.T.);
#6141=ORIENTED_EDGE('',*,*,#4376,.F.);
#6142=ORIENTED_EDGE('',*,*,#4371,.T.);
#6143=ORIENTED_EDGE('',*,*,#4147,.T.);
#6144=ORIENTED_EDGE('',*,*,#4384,.F.);
#6145=ORIENTED_EDGE('',*,*,#4193,.F.);
#6146=ORIENTED_EDGE('',*,*,#4385,.T.);
#6147=ORIENTED_EDGE('',*,*,#4386,.F.);
#6148=ORIENTED_EDGE('',*,*,#4053,.T.);
#6149=ORIENTED_EDGE('',*,*,#4196,.F.);
#6150=ORIENTED_EDGE('',*,*,#4208,.F.);
#6151=ORIENTED_EDGE('',*,*,#4151,.F.);
#6152=ORIENTED_EDGE('',*,*,#4387,.F.);
#6153=ORIENTED_EDGE('',*,*,#4385,.F.);
#6154=ORIENTED_EDGE('',*,*,#4186,.T.);
#6155=ORIENTED_EDGE('',*,*,#4182,.F.);
#6156=ORIENTED_EDGE('',*,*,#4174,.T.);
#6157=ORIENTED_EDGE('',*,*,#4170,.F.);
#6158=ORIENTED_EDGE('',*,*,#4181,.T.);
#6159=ORIENTED_EDGE('',*,*,#4177,.F.);
#6160=ORIENTED_EDGE('',*,*,#4167,.T.);
#6161=ORIENTED_EDGE('',*,*,#4164,.F.);
#6162=ORIENTED_EDGE('',*,*,#4161,.T.);
#6163=ORIENTED_EDGE('',*,*,#4157,.F.);
#6164=ORIENTED_EDGE('',*,*,#4388,.T.);
#6165=ORIENTED_EDGE('',*,*,#4389,.T.);
#6166=ORIENTED_EDGE('',*,*,#4390,.T.);
#6167=ORIENTED_EDGE('',*,*,#4391,.T.);
#6168=ORIENTED_EDGE('',*,*,#3983,.T.);
#6169=ORIENTED_EDGE('',*,*,#3980,.T.);
#6170=ORIENTED_EDGE('',*,*,#4392,.T.);
#6171=ORIENTED_EDGE('',*,*,#4150,.T.);
#6172=ORIENTED_EDGE('',*,*,#4393,.T.);
#6173=ORIENTED_EDGE('',*,*,#4394,.T.);
#6174=ORIENTED_EDGE('',*,*,#4387,.T.);
#6175=ORIENTED_EDGE('',*,*,#4392,.F.);
#6176=ORIENTED_EDGE('',*,*,#3989,.T.);
#6177=ORIENTED_EDGE('',*,*,#4395,.T.);
#6178=ORIENTED_EDGE('',*,*,#4386,.T.);
#6179=ORIENTED_EDGE('',*,*,#4394,.F.);
#6180=ORIENTED_EDGE('',*,*,#3988,.T.);
#6181=ORIENTED_EDGE('',*,*,#4034,.F.);
#6182=ORIENTED_EDGE('',*,*,#4054,.T.);
#6183=ORIENTED_EDGE('',*,*,#4395,.F.);
#6184=ORIENTED_EDGE('',*,*,#3987,.T.);
#6185=ORIENTED_EDGE('',*,*,#4396,.T.);
#6186=ORIENTED_EDGE('',*,*,#4051,.T.);
#6187=ORIENTED_EDGE('',*,*,#4030,.F.);
#6188=ORIENTED_EDGE('',*,*,#4035,.F.);
#6189=ORIENTED_EDGE('',*,*,#4397,.T.);
#6190=ORIENTED_EDGE('',*,*,#4398,.T.);
#6191=ORIENTED_EDGE('',*,*,#4396,.F.);
#6192=ORIENTED_EDGE('',*,*,#3986,.T.);
#6193=ORIENTED_EDGE('',*,*,#4399,.T.);
#6194=ORIENTED_EDGE('',*,*,#4118,.T.);
#6195=ORIENTED_EDGE('',*,*,#4397,.F.);
#6196=ORIENTED_EDGE('',*,*,#3985,.T.);
#6197=ORIENTED_EDGE('',*,*,#4400,.T.);
#6198=ORIENTED_EDGE('',*,*,#4399,.F.);
#6199=ORIENTED_EDGE('',*,*,#3984,.T.);
#6200=ORIENTED_EDGE('',*,*,#4391,.F.);
#6201=ORIENTED_EDGE('',*,*,#4401,.T.);
#6202=ORIENTED_EDGE('',*,*,#4402,.T.);
#6203=ORIENTED_EDGE('',*,*,#4389,.F.);
#6204=ORIENTED_EDGE('',*,*,#4403,.T.);
#6205=ORIENTED_EDGE('',*,*,#4149,.T.);
#6206=ORIENTED_EDGE('',*,*,#4401,.F.);
#6207=ORIENTED_EDGE('',*,*,#4404,.T.);
#6208=ORIENTED_EDGE('',*,*,#3981,.T.);
#6209=ORIENTED_EDGE('',*,*,#4393,.F.);
#6210=ORIENTED_EDGE('',*,*,#4404,.F.);
#6211=ORIENTED_EDGE('',*,*,#4403,.F.);
#6212=ORIENTED_EDGE('',*,*,#4388,.F.);
#6213=ORIENTED_EDGE('',*,*,#3982,.F.);
#6214=ORIENTED_EDGE('',*,*,#4400,.F.);
#6215=ORIENTED_EDGE('',*,*,#4390,.F.);
#6216=ORIENTED_EDGE('',*,*,#4405,.T.);
#6217=ORIENTED_EDGE('',*,*,#4406,.T.);
#6218=ORIENTED_EDGE('',*,*,#4119,.T.);
#6219=ORIENTED_EDGE('',*,*,#4402,.F.);
#6220=ORIENTED_EDGE('',*,*,#4153,.F.);
#6221=ORIENTED_EDGE('',*,*,#4407,.F.);
#6222=ORIENTED_EDGE('',*,*,#4405,.F.);
#6223=ORIENTED_EDGE('',*,*,#4259,.T.);
#6224=ORIENTED_EDGE('',*,*,#4320,.T.);
#6225=ORIENTED_EDGE('',*,*,#4312,.T.);
#6226=ORIENTED_EDGE('',*,*,#4310,.T.);
#6227=ORIENTED_EDGE('',*,*,#4308,.T.);
#6228=ORIENTED_EDGE('',*,*,#4306,.T.);
#6229=ORIENTED_EDGE('',*,*,#4304,.T.);
#6230=ORIENTED_EDGE('',*,*,#4302,.T.);
#6231=ORIENTED_EDGE('',*,*,#4300,.T.);
#6232=ORIENTED_EDGE('',*,*,#4298,.T.);
#6233=ORIENTED_EDGE('',*,*,#4296,.T.);
#6234=ORIENTED_EDGE('',*,*,#4294,.T.);
#6235=ORIENTED_EDGE('',*,*,#4292,.T.);
#6236=ORIENTED_EDGE('',*,*,#4290,.T.);
#6237=ORIENTED_EDGE('',*,*,#4288,.T.);
#6238=ORIENTED_EDGE('',*,*,#4286,.T.);
#6239=ORIENTED_EDGE('',*,*,#4284,.T.);
#6240=ORIENTED_EDGE('',*,*,#4282,.T.);
#6241=ORIENTED_EDGE('',*,*,#4280,.T.);
#6242=ORIENTED_EDGE('',*,*,#4278,.T.);
#6243=ORIENTED_EDGE('',*,*,#4276,.T.);
#6244=ORIENTED_EDGE('',*,*,#4274,.T.);
#6245=ORIENTED_EDGE('',*,*,#4272,.T.);
#6246=ORIENTED_EDGE('',*,*,#4270,.T.);
#6247=ORIENTED_EDGE('',*,*,#4268,.T.);
#6248=ORIENTED_EDGE('',*,*,#4266,.T.);
#6249=ORIENTED_EDGE('',*,*,#4264,.T.);
#6250=ORIENTED_EDGE('',*,*,#4262,.T.);
#6251=ORIENTED_EDGE('',*,*,#4341,.T.);
#6252=ORIENTED_EDGE('',*,*,#4364,.T.);
#6253=ORIENTED_EDGE('',*,*,#4362,.T.);
#6254=ORIENTED_EDGE('',*,*,#4360,.T.);
#6255=ORIENTED_EDGE('',*,*,#4358,.T.);
#6256=ORIENTED_EDGE('',*,*,#4356,.T.);
#6257=ORIENTED_EDGE('',*,*,#4354,.T.);
#6258=ORIENTED_EDGE('',*,*,#4352,.T.);
#6259=ORIENTED_EDGE('',*,*,#4350,.T.);
#6260=ORIENTED_EDGE('',*,*,#4348,.T.);
#6261=ORIENTED_EDGE('',*,*,#4346,.T.);
#6262=ORIENTED_EDGE('',*,*,#4344,.T.);
#6263=ORIENTED_EDGE('',*,*,#4190,.F.);
#6264=ORIENTED_EDGE('',*,*,#4052,.T.);
#6265=ORIENTED_EDGE('',*,*,#4398,.F.);
#6266=ORIENTED_EDGE('',*,*,#4117,.T.);
#6267=ORIENTED_EDGE('',*,*,#4406,.F.);
#6268=ORIENTED_EDGE('',*,*,#4408,.T.);
#6269=ORIENTED_EDGE('',*,*,#4211,.F.);
#6270=ORIENTED_EDGE('',*,*,#4408,.F.);
#6271=ORIENTED_EDGE('',*,*,#4407,.T.);
#6272=ORIENTED_EDGE('',*,*,#4409,.F.);
#6273=ORIENTED_EDGE('',*,*,#4210,.T.);
#6274=ORIENTED_EDGE('',*,*,#4207,.F.);
#6275=ORIENTED_EDGE('',*,*,#4409,.T.);
#6276=ORIENTED_EDGE('',*,*,#4152,.F.);
#6277=ORIENTED_EDGE('',*,*,#3969,.F.);
#6278=ORIENTED_EDGE('',*,*,#4410,.T.);
#6279=ORIENTED_EDGE('',*,*,#4411,.T.);
#6280=ORIENTED_EDGE('',*,*,#3978,.F.);
#6281=ORIENTED_EDGE('',*,*,#3967,.F.);
#6282=ORIENTED_EDGE('',*,*,#4412,.T.);
#6283=ORIENTED_EDGE('',*,*,#4413,.T.);
#6284=ORIENTED_EDGE('',*,*,#4410,.F.);
#6285=ORIENTED_EDGE('',*,*,#4128,.T.);
#6286=ORIENTED_EDGE('',*,*,#3918,.T.);
#6287=ORIENTED_EDGE('',*,*,#4414,.F.);
#6288=ORIENTED_EDGE('',*,*,#4415,.F.);
#6289=ORIENTED_EDGE('',*,*,#3926,.T.);
#6290=ORIENTED_EDGE('',*,*,#4416,.F.);
#6291=ORIENTED_EDGE('',*,*,#4417,.T.);
#6292=ORIENTED_EDGE('',*,*,#4418,.F.);
#6293=ORIENTED_EDGE('',*,*,#4419,.F.);
#6294=ORIENTED_EDGE('',*,*,#4419,.T.);
#6295=ORIENTED_EDGE('',*,*,#4420,.T.);
#6296=ORIENTED_EDGE('',*,*,#4421,.T.);
#6297=ORIENTED_EDGE('',*,*,#4414,.T.);
#6298=ORIENTED_EDGE('',*,*,#3925,.T.);
#6299=ORIENTED_EDGE('',*,*,#4378,.T.);
#6300=ORIENTED_EDGE('',*,*,#4422,.T.);
#6301=ORIENTED_EDGE('',*,*,#4423,.T.);
#6302=ORIENTED_EDGE('',*,*,#4416,.T.);
#6303=ORIENTED_EDGE('',*,*,#4381,.T.);
#6304=ORIENTED_EDGE('',*,*,#4424,.T.);
#6305=ORIENTED_EDGE('',*,*,#4425,.T.);
#6306=ORIENTED_EDGE('',*,*,#4426,.T.);
#6307=ORIENTED_EDGE('',*,*,#4427,.T.);
#6308=ORIENTED_EDGE('',*,*,#4428,.F.);
#6309=ORIENTED_EDGE('',*,*,#4429,.T.);
#6310=ORIENTED_EDGE('',*,*,#4429,.F.);
#6311=ORIENTED_EDGE('',*,*,#4430,.F.);
#6312=ORIENTED_EDGE('',*,*,#4431,.T.);
#6313=ORIENTED_EDGE('',*,*,#4422,.F.);
#6314=ORIENTED_EDGE('',*,*,#4156,.T.);
#6315=ORIENTED_EDGE('',*,*,#4432,.F.);
#6316=ORIENTED_EDGE('',*,*,#4433,.T.);
#6317=ORIENTED_EDGE('',*,*,#4155,.T.);
#6318=ORIENTED_EDGE('',*,*,#4434,.T.);
#6319=ORIENTED_EDGE('',*,*,#4432,.T.);
#6320=ORIENTED_EDGE('',*,*,#4380,.T.);
#6321=ORIENTED_EDGE('',*,*,#4144,.T.);
#6322=ORIENTED_EDGE('',*,*,#4435,.T.);
#6323=ORIENTED_EDGE('',*,*,#4424,.F.);
#6324=ORIENTED_EDGE('',*,*,#3961,.F.);
#6325=ORIENTED_EDGE('',*,*,#3973,.T.);
#6326=ORIENTED_EDGE('',*,*,#4436,.T.);
#6327=ORIENTED_EDGE('',*,*,#4437,.F.);
#6328=ORIENTED_EDGE('',*,*,#3964,.F.);
#6329=ORIENTED_EDGE('',*,*,#4437,.T.);
#6330=ORIENTED_EDGE('',*,*,#4438,.T.);
#6331=ORIENTED_EDGE('',*,*,#4412,.F.);
#6332=ORIENTED_EDGE('',*,*,#4154,.T.);
#6333=ORIENTED_EDGE('',*,*,#4433,.F.);
#6334=ORIENTED_EDGE('',*,*,#4434,.F.);
#6335=ORIENTED_EDGE('',*,*,#4439,.F.);
#6336=ORIENTED_EDGE('',*,*,#4440,.T.);
#6337=ORIENTED_EDGE('',*,*,#4441,.F.);
#6338=ORIENTED_EDGE('',*,*,#4442,.T.);
#6339=ORIENTED_EDGE('',*,*,#3971,.F.);
#6340=ORIENTED_EDGE('',*,*,#3975,.F.);
#6341=ORIENTED_EDGE('',*,*,#3977,.F.);
#6342=ORIENTED_EDGE('',*,*,#3979,.F.);
#6343=ORIENTED_EDGE('',*,*,#4411,.F.);
#6344=ORIENTED_EDGE('',*,*,#4413,.F.);
#6345=ORIENTED_EDGE('',*,*,#4438,.F.);
#6346=ORIENTED_EDGE('',*,*,#4436,.F.);
#6347=ORIENTED_EDGE('',*,*,#3972,.F.);
#6348=ORIENTED_EDGE('',*,*,#4443,.T.);
#6349=ORIENTED_EDGE('',*,*,#4444,.T.);
#6350=ORIENTED_EDGE('',*,*,#4445,.T.);
#6351=ORIENTED_EDGE('',*,*,#4420,.F.);
#6352=ORIENTED_EDGE('',*,*,#4446,.F.);
#6353=ORIENTED_EDGE('',*,*,#4447,.F.);
#6354=ORIENTED_EDGE('',*,*,#4447,.T.);
#6355=ORIENTED_EDGE('',*,*,#4448,.F.);
#6356=ORIENTED_EDGE('',*,*,#4449,.F.);
#6357=ORIENTED_EDGE('',*,*,#4449,.T.);
#6358=ORIENTED_EDGE('',*,*,#4440,.F.);
#6359=ORIENTED_EDGE('',*,*,#4450,.T.);
#6360=ORIENTED_EDGE('',*,*,#4450,.F.);
#6361=ORIENTED_EDGE('',*,*,#4451,.F.);
#6362=ORIENTED_EDGE('',*,*,#4452,.F.);
#6363=ORIENTED_EDGE('',*,*,#4453,.T.);
#6364=ORIENTED_EDGE('',*,*,#4453,.F.);
#6365=ORIENTED_EDGE('',*,*,#4454,.F.);
#6366=ORIENTED_EDGE('',*,*,#4427,.F.);
#6367=ORIENTED_EDGE('',*,*,#4455,.F.);
#6368=ORIENTED_EDGE('',*,*,#4456,.T.);
#6369=ORIENTED_EDGE('',*,*,#4457,.T.);
#6370=ORIENTED_EDGE('',*,*,#4457,.F.);
#6371=ORIENTED_EDGE('',*,*,#4458,.F.);
#6372=ORIENTED_EDGE('',*,*,#4459,.F.);
#6373=ORIENTED_EDGE('',*,*,#4459,.T.);
#6374=ORIENTED_EDGE('',*,*,#4460,.F.);
#6375=ORIENTED_EDGE('',*,*,#4461,.F.);
#6376=ORIENTED_EDGE('',*,*,#4462,.F.);
#6377=ORIENTED_EDGE('',*,*,#4463,.F.);
#6378=ORIENTED_EDGE('',*,*,#4464,.F.);
#6379=ORIENTED_EDGE('',*,*,#4464,.T.);
#6380=ORIENTED_EDGE('',*,*,#4443,.F.);
#6381=ORIENTED_EDGE('',*,*,#4465,.F.);
#6382=ORIENTED_EDGE('',*,*,#4466,.F.);
#6383=ORIENTED_EDGE('',*,*,#4467,.T.);
#6384=ORIENTED_EDGE('',*,*,#4468,.T.);
#6385=ORIENTED_EDGE('',*,*,#4469,.F.);
#6386=ORIENTED_EDGE('',*,*,#4470,.F.);
#6387=ORIENTED_EDGE('',*,*,#4465,.T.);
#6388=ORIENTED_EDGE('',*,*,#4471,.T.);
#6389=ORIENTED_EDGE('',*,*,#4472,.T.);
#6390=ORIENTED_EDGE('',*,*,#4473,.T.);
#6391=ORIENTED_EDGE('',*,*,#4466,.T.);
#6392=ORIENTED_EDGE('',*,*,#4470,.T.);
#6393=ORIENTED_EDGE('',*,*,#4474,.F.);
#6394=ORIENTED_EDGE('',*,*,#4475,.T.);
#6395=ORIENTED_EDGE('',*,*,#4476,.T.);
#6396=ORIENTED_EDGE('',*,*,#4477,.T.);
#6397=ORIENTED_EDGE('',*,*,#4478,.F.);
#6398=ORIENTED_EDGE('',*,*,#4477,.F.);
#6399=ORIENTED_EDGE('',*,*,#4479,.T.);
#6400=ORIENTED_EDGE('',*,*,#4469,.T.);
#6401=ORIENTED_EDGE('',*,*,#4480,.F.);
#6402=ORIENTED_EDGE('',*,*,#4481,.F.);
#6403=ORIENTED_EDGE('',*,*,#4482,.T.);
#6404=ORIENTED_EDGE('',*,*,#4475,.F.);
#6405=ORIENTED_EDGE('',*,*,#4482,.F.);
#6406=ORIENTED_EDGE('',*,*,#4472,.F.);
#6407=ORIENTED_EDGE('',*,*,#4479,.F.);
#6408=ORIENTED_EDGE('',*,*,#4476,.F.);
#6409=ORIENTED_EDGE('',*,*,#4483,.F.);
#6410=ORIENTED_EDGE('',*,*,#4484,.T.);
#6411=ORIENTED_EDGE('',*,*,#4485,.T.);
#6412=ORIENTED_EDGE('',*,*,#4481,.T.);
#6413=ORIENTED_EDGE('',*,*,#4486,.F.);
#6414=ORIENTED_EDGE('',*,*,#4467,.F.);
#6415=ORIENTED_EDGE('',*,*,#4487,.T.);
#6416=ORIENTED_EDGE('',*,*,#4488,.T.);
#6417=ORIENTED_EDGE('',*,*,#4489,.T.);
#6418=ORIENTED_EDGE('',*,*,#4488,.F.);
#6419=ORIENTED_EDGE('',*,*,#4490,.T.);
#6420=ORIENTED_EDGE('',*,*,#4484,.F.);
#6421=ORIENTED_EDGE('',*,*,#4490,.F.);
#6422=ORIENTED_EDGE('',*,*,#4487,.F.);
#6423=ORIENTED_EDGE('',*,*,#4473,.F.);
#6424=ORIENTED_EDGE('',*,*,#4485,.F.);
#6425=ORIENTED_EDGE('',*,*,#4491,.F.);
#6426=ORIENTED_EDGE('',*,*,#4492,.T.);
#6427=ORIENTED_EDGE('',*,*,#4493,.T.);
#6428=ORIENTED_EDGE('',*,*,#4494,.T.);
#6429=ORIENTED_EDGE('',*,*,#4495,.F.);
#6430=ORIENTED_EDGE('',*,*,#4494,.F.);
#6431=ORIENTED_EDGE('',*,*,#4496,.T.);
#6432=ORIENTED_EDGE('',*,*,#4497,.T.);
#6433=ORIENTED_EDGE('',*,*,#4498,.F.);
#6434=ORIENTED_EDGE('',*,*,#4497,.F.);
#6435=ORIENTED_EDGE('',*,*,#4499,.T.);
#6436=ORIENTED_EDGE('',*,*,#4500,.T.);
#6437=ORIENTED_EDGE('',*,*,#4501,.F.);
#6438=ORIENTED_EDGE('',*,*,#4500,.F.);
#6439=ORIENTED_EDGE('',*,*,#4502,.T.);
#6440=ORIENTED_EDGE('',*,*,#4492,.F.);
#6441=ORIENTED_EDGE('',*,*,#4502,.F.);
#6442=ORIENTED_EDGE('',*,*,#4499,.F.);
#6443=ORIENTED_EDGE('',*,*,#4496,.F.);
#6444=ORIENTED_EDGE('',*,*,#4493,.F.);
#6445=ORIENTED_EDGE('',*,*,#4503,.T.);
#6446=ORIENTED_EDGE('',*,*,#4504,.T.);
#6447=ORIENTED_EDGE('',*,*,#4455,.T.);
#6448=ORIENTED_EDGE('',*,*,#4505,.T.);
#6449=ORIENTED_EDGE('',*,*,#4130,.T.);
#6450=ORIENTED_EDGE('',*,*,#4506,.F.);
#6451=ORIENTED_EDGE('',*,*,#4468,.F.);
#6452=ORIENTED_EDGE('',*,*,#4507,.T.);
#6453=ORIENTED_EDGE('',*,*,#4508,.T.);
#6454=ORIENTED_EDGE('',*,*,#4129,.T.);
#6455=ORIENTED_EDGE('',*,*,#4415,.T.);
#6456=ORIENTED_EDGE('',*,*,#4509,.F.);
#6457=ORIENTED_EDGE('',*,*,#4471,.F.);
#6458=ORIENTED_EDGE('',*,*,#4506,.T.);
#6459=ORIENTED_EDGE('',*,*,#4131,.T.);
#6460=ORIENTED_EDGE('',*,*,#4508,.F.);
#6461=ORIENTED_EDGE('',*,*,#4510,.F.);
#6462=ORIENTED_EDGE('',*,*,#4136,.T.);
#6463=ORIENTED_EDGE('',*,*,#4137,.T.);
#6464=ORIENTED_EDGE('',*,*,#4510,.T.);
#6465=ORIENTED_EDGE('',*,*,#4511,.T.);
#6466=ORIENTED_EDGE('',*,*,#4512,.T.);
#6467=ORIENTED_EDGE('',*,*,#4513,.T.);
#6468=ORIENTED_EDGE('',*,*,#4514,.T.);
#6469=ORIENTED_EDGE('',*,*,#4140,.T.);
#6470=ORIENTED_EDGE('',*,*,#4143,.T.);
#6471=ORIENTED_EDGE('',*,*,#4515,.F.);
#6472=ORIENTED_EDGE('',*,*,#4516,.F.);
#6473=ORIENTED_EDGE('',*,*,#4517,.T.);
#6474=ORIENTED_EDGE('',*,*,#4435,.F.);
#6475=ORIENTED_EDGE('',*,*,#4142,.T.);
#6476=ORIENTED_EDGE('',*,*,#4518,.T.);
#6477=ORIENTED_EDGE('',*,*,#4519,.F.);
#6478=ORIENTED_EDGE('',*,*,#4520,.F.);
#6479=ORIENTED_EDGE('',*,*,#4515,.T.);
#6480=ORIENTED_EDGE('',*,*,#4521,.T.);
#6481=ORIENTED_EDGE('',*,*,#4516,.T.);
#6482=ORIENTED_EDGE('',*,*,#4520,.T.);
#6483=ORIENTED_EDGE('',*,*,#4498,.T.);
#6484=ORIENTED_EDGE('',*,*,#4522,.F.);
#6485=ORIENTED_EDGE('',*,*,#4521,.F.);
#6486=ORIENTED_EDGE('',*,*,#4523,.F.);
#6487=ORIENTED_EDGE('',*,*,#4524,.F.);
#6488=ORIENTED_EDGE('',*,*,#4141,.T.);
#6489=ORIENTED_EDGE('',*,*,#4514,.F.);
#6490=ORIENTED_EDGE('',*,*,#4518,.F.);
#6491=ORIENTED_EDGE('',*,*,#4418,.T.);
#6492=ORIENTED_EDGE('',*,*,#4525,.F.);
#6493=ORIENTED_EDGE('',*,*,#4526,.T.);
#6494=ORIENTED_EDGE('',*,*,#4446,.T.);
#6495=ORIENTED_EDGE('',*,*,#4527,.T.);
#6496=ORIENTED_EDGE('',*,*,#4445,.F.);
#6497=ORIENTED_EDGE('',*,*,#4528,.T.);
#6498=ORIENTED_EDGE('',*,*,#4474,.T.);
#6499=ORIENTED_EDGE('',*,*,#4529,.T.);
#6500=ORIENTED_EDGE('',*,*,#4441,.T.);
#6501=ORIENTED_EDGE('',*,*,#4448,.T.);
#6502=ORIENTED_EDGE('',*,*,#4526,.F.);
#6503=ORIENTED_EDGE('',*,*,#4530,.T.);
#6504=ORIENTED_EDGE('',*,*,#4531,.F.);
#6505=ORIENTED_EDGE('',*,*,#4480,.T.);
#6506=ORIENTED_EDGE('',*,*,#4528,.F.);
#6507=ORIENTED_EDGE('',*,*,#4478,.T.);
#6508=ORIENTED_EDGE('',*,*,#4509,.T.);
#6509=ORIENTED_EDGE('',*,*,#4421,.F.);
#6510=ORIENTED_EDGE('',*,*,#4527,.F.);
#6511=ORIENTED_EDGE('',*,*,#4523,.T.);
#6512=ORIENTED_EDGE('',*,*,#4532,.T.);
#6513=ORIENTED_EDGE('',*,*,#4458,.T.);
#6514=ORIENTED_EDGE('',*,*,#4533,.F.);
#6515=ORIENTED_EDGE('',*,*,#4534,.F.);
#6516=ORIENTED_EDGE('',*,*,#4425,.F.);
#6517=ORIENTED_EDGE('',*,*,#4517,.F.);
#6518=ORIENTED_EDGE('',*,*,#4522,.T.);
#6519=ORIENTED_EDGE('',*,*,#4535,.F.);
#6520=ORIENTED_EDGE('',*,*,#4536,.F.);
#6521=ORIENTED_EDGE('',*,*,#4537,.F.);
#6522=ORIENTED_EDGE('',*,*,#4442,.F.);
#6523=ORIENTED_EDGE('',*,*,#4529,.F.);
#6524=ORIENTED_EDGE('',*,*,#4525,.T.);
#6525=ORIENTED_EDGE('',*,*,#4417,.F.);
#6526=ORIENTED_EDGE('',*,*,#4423,.F.);
#6527=ORIENTED_EDGE('',*,*,#4431,.F.);
#6528=ORIENTED_EDGE('',*,*,#4538,.F.);
#6529=ORIENTED_EDGE('',*,*,#4483,.T.);
#6530=ORIENTED_EDGE('',*,*,#4531,.T.);
#6531=ORIENTED_EDGE('',*,*,#4462,.T.);
#6532=ORIENTED_EDGE('',*,*,#4539,.F.);
#6533=ORIENTED_EDGE('',*,*,#4460,.T.);
#6534=ORIENTED_EDGE('',*,*,#4532,.F.);
#6535=ORIENTED_EDGE('',*,*,#4501,.T.);
#6536=ORIENTED_EDGE('',*,*,#4540,.F.);
#6537=ORIENTED_EDGE('',*,*,#4495,.T.);
#6538=ORIENTED_EDGE('',*,*,#4519,.T.);
#6539=ORIENTED_EDGE('',*,*,#4513,.F.);
#6540=ORIENTED_EDGE('',*,*,#4541,.F.);
#6541=ORIENTED_EDGE('',*,*,#4511,.F.);
#6542=ORIENTED_EDGE('',*,*,#4507,.F.);
#6543=ORIENTED_EDGE('',*,*,#4486,.T.);
#6544=ORIENTED_EDGE('',*,*,#4542,.F.);
#6545=ORIENTED_EDGE('',*,*,#4542,.T.);
#6546=ORIENTED_EDGE('',*,*,#4489,.F.);
#6547=ORIENTED_EDGE('',*,*,#4539,.T.);
#6548=ORIENTED_EDGE('',*,*,#4543,.T.);
#6549=ORIENTED_EDGE('',*,*,#4543,.F.);
#6550=ORIENTED_EDGE('',*,*,#4461,.T.);
#6551=ORIENTED_EDGE('',*,*,#4544,.T.);
#6552=ORIENTED_EDGE('',*,*,#4512,.F.);
#6553=ORIENTED_EDGE('',*,*,#4540,.T.);
#6554=ORIENTED_EDGE('',*,*,#4491,.T.);
#6555=ORIENTED_EDGE('',*,*,#4541,.T.);
#6556=ORIENTED_EDGE('',*,*,#4544,.F.);
#6557=ORIENTED_EDGE('',*,*,#4452,.T.);
#6558=ORIENTED_EDGE('',*,*,#4545,.F.);
#6559=ORIENTED_EDGE('',*,*,#4428,.T.);
#6560=ORIENTED_EDGE('',*,*,#4454,.T.);
#6561=ORIENTED_EDGE('',*,*,#4546,.T.);
#6562=ORIENTED_EDGE('',*,*,#4538,.T.);
#6563=ORIENTED_EDGE('',*,*,#4430,.T.);
#6564=ORIENTED_EDGE('',*,*,#4545,.T.);
#6565=ORIENTED_EDGE('',*,*,#4451,.T.);
#6566=ORIENTED_EDGE('',*,*,#4439,.T.);
#6567=ORIENTED_EDGE('',*,*,#4537,.T.);
#6568=ORIENTED_EDGE('',*,*,#4546,.F.);
#6569=ORIENTED_EDGE('',*,*,#4524,.T.);
#6570=ORIENTED_EDGE('',*,*,#4534,.T.);
#6571=ORIENTED_EDGE('',*,*,#4547,.T.);
#6572=ORIENTED_EDGE('',*,*,#4535,.T.);
#6573=ORIENTED_EDGE('',*,*,#4548,.F.);
#6574=ORIENTED_EDGE('',*,*,#4503,.F.);
#6575=ORIENTED_EDGE('',*,*,#4549,.F.);
#6576=ORIENTED_EDGE('',*,*,#4547,.F.);
#6577=ORIENTED_EDGE('',*,*,#4548,.T.);
#6578=ORIENTED_EDGE('',*,*,#4533,.T.);
#6579=ORIENTED_EDGE('',*,*,#4456,.F.);
#6580=ORIENTED_EDGE('',*,*,#4504,.F.);
#6581=ORIENTED_EDGE('',*,*,#4549,.T.);
#6582=ORIENTED_EDGE('',*,*,#4505,.F.);
#6583=ORIENTED_EDGE('',*,*,#4426,.F.);
#6584=ORIENTED_EDGE('',*,*,#4536,.T.);
#6585=ORIENTED_EDGE('',*,*,#4444,.F.);
#6586=ORIENTED_EDGE('',*,*,#4463,.T.);
#6587=ORIENTED_EDGE('',*,*,#4530,.F.);
#6588=ORIENTED_EDGE('',*,*,#3937,.T.);
#6589=ORIENTED_EDGE('',*,*,#4550,.T.);
#6590=ORIENTED_EDGE('',*,*,#4551,.F.);
#6591=ORIENTED_EDGE('',*,*,#4552,.F.);
#6592=ORIENTED_EDGE('',*,*,#3938,.T.);
#6593=ORIENTED_EDGE('',*,*,#4552,.T.);
#6594=ORIENTED_EDGE('',*,*,#4553,.F.);
#6595=ORIENTED_EDGE('',*,*,#4554,.F.);
#6596=ORIENTED_EDGE('',*,*,#3939,.T.);
#6597=ORIENTED_EDGE('',*,*,#4554,.T.);
#6598=ORIENTED_EDGE('',*,*,#4555,.F.);
#6599=ORIENTED_EDGE('',*,*,#4556,.F.);
#6600=ORIENTED_EDGE('',*,*,#3940,.T.);
#6601=ORIENTED_EDGE('',*,*,#4556,.T.);
#6602=ORIENTED_EDGE('',*,*,#4557,.F.);
#6603=ORIENTED_EDGE('',*,*,#4550,.F.);
#6604=ORIENTED_EDGE('',*,*,#4557,.T.);
#6605=ORIENTED_EDGE('',*,*,#4555,.T.);
#6606=ORIENTED_EDGE('',*,*,#4553,.T.);
#6607=ORIENTED_EDGE('',*,*,#4551,.T.);
#6608=ORIENTED_EDGE('',*,*,#4558,.F.);
#6609=ORIENTED_EDGE('',*,*,#4559,.T.);
#6610=ORIENTED_EDGE('',*,*,#3998,.F.);
#6611=ORIENTED_EDGE('',*,*,#4559,.F.);
#6612=ORIENTED_EDGE('',*,*,#4560,.F.);
#6613=ORIENTED_EDGE('',*,*,#4561,.T.);
#6614=ORIENTED_EDGE('',*,*,#3941,.T.);
#6615=ORIENTED_EDGE('',*,*,#4561,.F.);
#6616=ORIENTED_EDGE('',*,*,#4560,.T.);
#6617=ORIENTED_EDGE('',*,*,#4558,.T.);
#6618=ORIENTED_EDGE('',*,*,#3942,.F.);
#6619=ORIENTED_EDGE('',*,*,#4562,.T.);
#6620=ORIENTED_EDGE('',*,*,#4563,.F.);
#6621=ORIENTED_EDGE('',*,*,#4564,.F.);
#6622=ORIENTED_EDGE('',*,*,#3943,.F.);
#6623=ORIENTED_EDGE('',*,*,#4564,.T.);
#6624=ORIENTED_EDGE('',*,*,#4565,.F.);
#6625=ORIENTED_EDGE('',*,*,#4566,.F.);
#6626=ORIENTED_EDGE('',*,*,#3944,.F.);
#6627=ORIENTED_EDGE('',*,*,#4566,.T.);
#6628=ORIENTED_EDGE('',*,*,#4567,.F.);
#6629=ORIENTED_EDGE('',*,*,#4568,.F.);
#6630=ORIENTED_EDGE('',*,*,#3945,.F.);
#6631=ORIENTED_EDGE('',*,*,#4568,.T.);
#6632=ORIENTED_EDGE('',*,*,#4569,.F.);
#6633=ORIENTED_EDGE('',*,*,#4562,.F.);
#6634=ORIENTED_EDGE('',*,*,#4569,.T.);
#6635=ORIENTED_EDGE('',*,*,#4567,.T.);
#6636=ORIENTED_EDGE('',*,*,#4565,.T.);
#6637=ORIENTED_EDGE('',*,*,#4563,.T.);
#6638=CYLINDRICAL_SURFACE('',#7165,0.03);
#6639=CYLINDRICAL_SURFACE('',#7171,0.03);
#6640=CYLINDRICAL_SURFACE('',#7177,0.03);
#6641=CYLINDRICAL_SURFACE('',#7183,0.03);
#6642=CYLINDRICAL_SURFACE('',#7206,0.175);
#6643=CYLINDRICAL_SURFACE('',#7218,0.03);
#6644=CYLINDRICAL_SURFACE('',#7225,0.03);
#6645=CYLINDRICAL_SURFACE('',#7231,0.03);
#6646=CYLINDRICAL_SURFACE('',#7237,0.03);
#6647=CYLINDRICAL_SURFACE('',#7242,0.100000000000002);
#6648=CYLINDRICAL_SURFACE('',#7245,0.100000000000008);
#6649=CYLINDRICAL_SURFACE('',#7268,0.03);
#6650=CYLINDRICAL_SURFACE('',#7278,0.175);
#6651=CYLINDRICAL_SURFACE('',#7286,0.03);
#6652=CYLINDRICAL_SURFACE('',#7293,0.2);
#6653=CYLINDRICAL_SURFACE('',#7295,0.175);
#6654=CYLINDRICAL_SURFACE('',#7298,0.025);
#6655=CYLINDRICAL_SURFACE('',#7305,0.025);
#6656=CYLINDRICAL_SURFACE('',#7311,0.025);
#6657=CYLINDRICAL_SURFACE('',#7317,0.025);
#6658=CYLINDRICAL_SURFACE('',#7322,0.25);
#6659=CYLINDRICAL_SURFACE('',#7325,0.25);
#6660=CYLINDRICAL_SURFACE('',#7335,0.0999999999999972);
#6661=CYLINDRICAL_SURFACE('',#7338,0.100000000000002);
#6662=CYLINDRICAL_SURFACE('',#7348,0.25);
#6663=CYLINDRICAL_SURFACE('',#7349,0.25);
#6664=CYLINDRICAL_SURFACE('',#7351,0.25);
#6665=CYLINDRICAL_SURFACE('',#7353,0.5);
#6666=CYLINDRICAL_SURFACE('',#7359,0.25);
#6667=CYLINDRICAL_SURFACE('',#7360,0.25);
#6668=CYLINDRICAL_SURFACE('',#7368,0.175);
#6669=CYLINDRICAL_SURFACE('',#7369,0.175);
#6670=CYLINDRICAL_SURFACE('',#7372,0.425);
#6671=CYLINDRICAL_SURFACE('',#7376,0.175);
#6672=CYLINDRICAL_SURFACE('',#7380,0.175);
#6673=CYLINDRICAL_SURFACE('',#7382,0.175);
#6674=CYLINDRICAL_SURFACE('',#7383,0.65);
#6675=CYLINDRICAL_SURFACE('',#7384,0.175);
#6676=CYLINDRICAL_SURFACE('',#7389,0.2);
#6677=CYLINDRICAL_SURFACE('',#7392,0.1);
#6678=CYLINDRICAL_SURFACE('',#7404,0.1);
#6679=CYLINDRICAL_SURFACE('',#7413,0.1);
#6680=CYLINDRICAL_SURFACE('',#7416,0.546);
#6681=CYLINDRICAL_SURFACE('',#7418,0.199999999999999);
#6682=CYLINDRICAL_SURFACE('',#7419,0.199999999999999);
#6683=CYLINDRICAL_SURFACE('',#7422,0.1);
#6684=CYLINDRICAL_SURFACE('',#7435,0.025);
#6685=CYLINDRICAL_SURFACE('',#7441,0.025);
#6686=CYLINDRICAL_SURFACE('',#7446,0.025);
#6687=CYLINDRICAL_SURFACE('',#7451,0.025);
#6688=CYLINDRICAL_SURFACE('',#7455,0.17);
#6689=CYLINDRICAL_SURFACE('',#7459,0.17);
#6690=CYLINDRICAL_SURFACE('',#7479,0.03);
#6691=CYLINDRICAL_SURFACE('',#7493,0.03);
#6692=CYLINDRICAL_SURFACE('',#7502,0.03);
#6693=CYLINDRICAL_SURFACE('',#7505,0.03);
#6694=CYLINDRICAL_SURFACE('',#7506,0.15);
#6695=CYLINDRICAL_SURFACE('',#7509,0.15);
#6696=CYLINDRICAL_SURFACE('',#7512,0.025);
#6697=CYLINDRICAL_SURFACE('',#7518,0.15);
#6698=CYLINDRICAL_SURFACE('',#7521,0.15);
#6699=CYLINDRICAL_SURFACE('',#7523,0.025);
#6700=CYLINDRICAL_SURFACE('',#7529,0.025);
#6701=CYLINDRICAL_SURFACE('',#7534,0.025);
#6702=CYLINDRICAL_SURFACE('',#7539,0.025);
#6703=CYLINDRICAL_SURFACE('',#7543,0.0723283455185129);
#6704=CYLINDRICAL_SURFACE('',#7545,0.0723283455185129);
#6705=CYLINDRICAL_SURFACE('',#7547,0.025);
#6706=CYLINDRICAL_SURFACE('',#7554,0.025);
#6707=CYLINDRICAL_SURFACE('',#7560,0.025);
#6708=CYLINDRICAL_SURFACE('',#7566,0.025);
#6709=CYLINDRICAL_SURFACE('',#7571,0.0999999999999988);
#6710=CYLINDRICAL_SURFACE('',#7574,0.100000000000001);
#6711=CYLINDRICAL_SURFACE('',#7578,0.100000000000001);
#6712=CYLINDRICAL_SURFACE('',#7581,0.0999999999999991);
#6713=CYLINDRICAL_SURFACE('',#7584,0.175);
#6714=CYLINDRICAL_SURFACE('',#7591,0.175);
#6715=CYLINDRICAL_SURFACE('',#7596,0.25);
#6716=CYLINDRICAL_SURFACE('',#7602,0.3);
#6717=CYLINDRICAL_SURFACE('',#7606,0.3);
#6718=CYLINDRICAL_SURFACE('',#7610,0.3);
#6719=CYLINDRICAL_SURFACE('',#7614,0.3);
#6720=CYLINDRICAL_SURFACE('',#7618,0.3);
#6721=CYLINDRICAL_SURFACE('',#7622,0.025);
#6722=CYLINDRICAL_SURFACE('',#7632,0.025);
#6723=CYLINDRICAL_SURFACE('',#7638,0.025);
#6724=CYLINDRICAL_SURFACE('',#7643,0.25);
#6725=CYLINDRICAL_SURFACE('',#7646,0.25);
#6726=CYLINDRICAL_SURFACE('',#7652,0.234999999999999);
#6727=CYLINDRICAL_SURFACE('',#7653,0.235000000000001);
#6728=CYLINDRICAL_SURFACE('',#7655,0.0723283455185129);
#6729=CYLINDRICAL_SURFACE('',#7657,0.0723283455185129);
#6730=CYLINDRICAL_SURFACE('',#7694,0.175);
#6731=CYLINDRICAL_SURFACE('',#7697,0.175);
#6732=CYLINDRICAL_SURFACE('',#7701,0.175);
#6733=CYLINDRICAL_SURFACE('',#7706,0.175);
#6734=CYLINDRICAL_SURFACE('',#7710,0.175);
#6735=CYLINDRICAL_SURFACE('',#7713,0.25);
#6736=CYLINDRICAL_SURFACE('',#7720,0.075);
#6737=CYLINDRICAL_SURFACE('',#7723,0.075);
#6738=CYLINDRICAL_SURFACE('',#7727,0.075);
#6739=CYLINDRICAL_SURFACE('',#7730,0.075);
#6740=CYLINDRICAL_SURFACE('',#7734,0.25);
#6741=CYLINDRICAL_SURFACE('',#7737,0.25);
#6742=CYLINDRICAL_SURFACE('',#7740,0.25);
#6743=CYLINDRICAL_SURFACE('',#7743,0.17);
#6744=CYLINDRICAL_SURFACE('',#7754,0.17);
#6745=CYLINDRICAL_SURFACE('',#7813,0.135);
#6746=CYLINDRICAL_SURFACE('',#7815,0.18564061099547);
#6747=ADVANCED_FACE('',(#435),#6638,.T.);
#6748=ADVANCED_FACE('',(#436),#213,.T.);
#6749=ADVANCED_FACE('',(#437),#214,.T.);
#6750=ADVANCED_FACE('',(#438),#6639,.T.);
#6751=ADVANCED_FACE('',(#439),#215,.T.);
#6752=ADVANCED_FACE('',(#440),#216,.T.);
#6753=ADVANCED_FACE('',(#441),#6640,.T.);
#6754=ADVANCED_FACE('',(#442),#217,.T.);
#6755=ADVANCED_FACE('',(#443),#218,.T.);
#6756=ADVANCED_FACE('',(#444),#6641,.T.);
#6757=ADVANCED_FACE('',(#445),#219,.T.);
#6758=ADVANCED_FACE('',(#446),#220,.T.);
#6759=ADVANCED_FACE('',(#447),#221,.T.);
#6760=ADVANCED_FACE('',(#448),#222,.T.);
#6761=ADVANCED_FACE('',(#449),#223,.T.);
#6762=ADVANCED_FACE('',(#450),#224,.T.);
#6763=ADVANCED_FACE('',(#451),#225,.T.);
#6764=ADVANCED_FACE('',(#452),#226,.T.);
#6765=ADVANCED_FACE('',(#453),#227,.T.);
#6766=ADVANCED_FACE('',(#454),#228,.T.);
#6767=ADVANCED_FACE('',(#455),#229,.T.);
#6768=ADVANCED_FACE('',(#456),#230,.T.);
#6769=ADVANCED_FACE('',(#457),#231,.T.);
#6770=ADVANCED_FACE('',(#458),#232,.T.);
#6771=ADVANCED_FACE('',(#459),#233,.T.);
#6772=ADVANCED_FACE('',(#460),#6642,.F.);
#6773=ADVANCED_FACE('',(#461),#234,.F.);
#6774=ADVANCED_FACE('',(#462),#235,.T.);
#6775=ADVANCED_FACE('',(#463),#236,.T.);
#6776=ADVANCED_FACE('',(#464),#237,.T.);
#6777=ADVANCED_FACE('',(#465),#238,.T.);
#6778=ADVANCED_FACE('',(#466),#239,.F.);
#6779=ADVANCED_FACE('',(#467),#240,.F.);
#6780=ADVANCED_FACE('',(#468),#6643,.T.);
#6781=ADVANCED_FACE('',(#469),#183,.T.);
#6782=ADVANCED_FACE('',(#470),#6644,.T.);
#6783=ADVANCED_FACE('',(#471),#184,.T.);
#6784=ADVANCED_FACE('',(#472),#6645,.T.);
#6785=ADVANCED_FACE('',(#473),#185,.T.);
#6786=ADVANCED_FACE('',(#474),#6646,.T.);
#6787=ADVANCED_FACE('',(#475),#186,.T.);
#6788=ADVANCED_FACE('',(#476),#6647,.F.);
#6789=ADVANCED_FACE('',(#477),#241,.F.);
#6790=ADVANCED_FACE('',(#478),#6648,.F.);
#6791=ADVANCED_FACE('',(#479),#242,.F.);
#6792=ADVANCED_FACE('',(#480,#156),#243,.T.);
#6793=ADVANCED_FACE('',(#481),#244,.F.);
#6794=ADVANCED_FACE('',(#482),#245,.F.);
#6795=ADVANCED_FACE('',(#483),#246,.F.);
#6796=ADVANCED_FACE('',(#484),#247,.F.);
#6797=ADVANCED_FACE('',(#485),#248,.F.);
#6798=ADVANCED_FACE('',(#486),#249,.T.);
#6799=ADVANCED_FACE('',(#487),#6649,.T.);
#6800=ADVANCED_FACE('',(#488),#187,.T.);
#6801=ADVANCED_FACE('',(#489),#89,.F.);
#6802=ADVANCED_FACE('',(#490),#90,.F.);
#6803=ADVANCED_FACE('',(#491),#250,.T.);
#6804=ADVANCED_FACE('',(#492),#6650,.T.);
#6805=ADVANCED_FACE('',(#493),#251,.T.);
#6806=ADVANCED_FACE('',(#494),#188,.T.);
#6807=ADVANCED_FACE('',(#495),#6651,.T.);
#6808=ADVANCED_FACE('',(#496),#37,.T.);
#6809=ADVANCED_FACE('',(#497),#252,.T.);
#6810=ADVANCED_FACE('',(#498),#253,.F.);
#6811=ADVANCED_FACE('',(#499),#6652,.T.);
#6812=ADVANCED_FACE('',(#500,#157),#6653,.F.);
#6813=ADVANCED_FACE('',(#501),#6654,.T.);
#6814=ADVANCED_FACE('',(#502),#189,.T.);
#6815=ADVANCED_FACE('',(#503),#6655,.T.);
#6816=ADVANCED_FACE('',(#504),#190,.T.);
#6817=ADVANCED_FACE('',(#505),#6656,.T.);
#6818=ADVANCED_FACE('',(#506),#191,.T.);
#6819=ADVANCED_FACE('',(#507),#6657,.T.);
#6820=ADVANCED_FACE('',(#508),#192,.T.);
#6821=ADVANCED_FACE('',(#509),#6658,.T.);
#6822=ADVANCED_FACE('',(#510),#254,.T.);
#6823=ADVANCED_FACE('',(#511),#6659,.T.);
#6824=ADVANCED_FACE('',(#512),#255,.T.);
#6825=ADVANCED_FACE('',(#513,#158),#256,.T.);
#6826=ADVANCED_FACE('',(#514),#257,.F.);
#6827=ADVANCED_FACE('',(#515),#6660,.F.);
#6828=ADVANCED_FACE('',(#516),#258,.F.);
#6829=ADVANCED_FACE('',(#517),#6661,.F.);
#6830=ADVANCED_FACE('',(#518),#259,.F.);
#6831=ADVANCED_FACE('',(#519),#29,.T.);
#6832=ADVANCED_FACE('',(#520),#38,.F.);
#6833=ADVANCED_FACE('',(#521),#6662,.T.);
#6834=ADVANCED_FACE('',(#522),#6663,.T.);
#6835=ADVANCED_FACE('',(#523),#260,.T.);
#6836=ADVANCED_FACE('',(#524),#6664,.T.);
#6837=ADVANCED_FACE('',(#525),#6665,.T.);
#6838=ADVANCED_FACE('',(#526),#30,.T.);
#6839=ADVANCED_FACE('',(#527),#39,.F.);
#6840=ADVANCED_FACE('',(#528),#6666,.T.);
#6841=ADVANCED_FACE('',(#529),#6667,.T.);
#6842=ADVANCED_FACE('',(#530),#31,.F.);
#6843=ADVANCED_FACE('',(#531),#193,.F.);
#6844=ADVANCED_FACE('',(#532),#6668,.F.);
#6845=ADVANCED_FACE('',(#533),#6669,.F.);
#6846=ADVANCED_FACE('',(#534),#261,.F.);
#6847=ADVANCED_FACE('',(#535,#159),#262,.F.);
#6848=ADVANCED_FACE('',(#536),#6670,.F.);
#6849=ADVANCED_FACE('',(#537),#32,.F.);
#6850=ADVANCED_FACE('',(#538),#6671,.F.);
#6851=ADVANCED_FACE('',(#539),#194,.F.);
#6852=ADVANCED_FACE('',(#540),#263,.T.);
#6853=ADVANCED_FACE('',(#541),#6672,.F.);
#6854=ADVANCED_FACE('',(#542),#264,.F.);
#6855=ADVANCED_FACE('',(#543),#6673,.F.);
#6856=ADVANCED_FACE('',(#544),#6674,.T.);
#6857=ADVANCED_FACE('',(#545),#6675,.T.);
#6858=ADVANCED_FACE('',(#546),#265,.T.);
#6859=ADVANCED_FACE('',(#547),#266,.T.);
#6860=ADVANCED_FACE('',(#548),#6676,.T.);
#6861=ADVANCED_FACE('',(#549),#267,.T.);
#6862=ADVANCED_FACE('',(#550),#6677,.F.);
#6863=ADVANCED_FACE('',(#551),#268,.T.);
#6864=ADVANCED_FACE('',(#552),#269,.T.);
#6865=ADVANCED_FACE('',(#553),#270,.T.);
#6866=ADVANCED_FACE('',(#554),#271,.T.);
#6867=ADVANCED_FACE('',(#555),#272,.T.);
#6868=ADVANCED_FACE('',(#556),#273,.F.);
#6869=ADVANCED_FACE('',(#557),#274,.F.);
#6870=ADVANCED_FACE('',(#558),#275,.F.);
#6871=ADVANCED_FACE('',(#559),#276,.T.);
#6872=ADVANCED_FACE('',(#560),#6678,.F.);
#6873=ADVANCED_FACE('',(#561),#277,.T.);
#6874=ADVANCED_FACE('',(#562),#278,.T.);
#6875=ADVANCED_FACE('',(#563),#279,.T.);
#6876=ADVANCED_FACE('',(#564),#280,.T.);
#6877=ADVANCED_FACE('',(#565),#281,.T.);
#6878=ADVANCED_FACE('',(#566),#282,.T.);
#6879=ADVANCED_FACE('',(#567),#283,.T.);
#6880=ADVANCED_FACE('',(#568),#284,.T.);
#6881=ADVANCED_FACE('',(#569),#6679,.F.);
#6882=ADVANCED_FACE('',(#570),#285,.T.);
#6883=ADVANCED_FACE('',(#571),#286,.T.);
#6884=ADVANCED_FACE('',(#572),#6680,.T.);
#6885=ADVANCED_FACE('',(#573),#287,.T.);
#6886=ADVANCED_FACE('',(#574),#6681,.T.);
#6887=ADVANCED_FACE('',(#575),#6682,.T.);
#6888=ADVANCED_FACE('',(#576),#288,.T.);
#6889=ADVANCED_FACE('',(#577),#289,.T.);
#6890=ADVANCED_FACE('',(#578),#6683,.F.);
#6891=ADVANCED_FACE('',(#579),#290,.T.);
#6892=ADVANCED_FACE('',(#580,#160,#161,#162,#163,#164,#165),#291,.F.);
#6893=ADVANCED_FACE('',(#581),#6684,.T.);
#6894=ADVANCED_FACE('',(#582),#91,.F.);
#6895=ADVANCED_FACE('',(#583),#6685,.T.);
#6896=ADVANCED_FACE('',(#584),#92,.F.);
#6897=ADVANCED_FACE('',(#585),#6686,.T.);
#6898=ADVANCED_FACE('',(#586),#93,.F.);
#6899=ADVANCED_FACE('',(#587),#6687,.T.);
#6900=ADVANCED_FACE('',(#588),#94,.F.);
#6901=ADVANCED_FACE('',(#589),#6688,.F.);
#6902=ADVANCED_FACE('',(#590),#292,.F.);
#6903=ADVANCED_FACE('',(#591),#6689,.F.);
#6904=ADVANCED_FACE('',(#592),#293,.F.);
#6905=ADVANCED_FACE('',(#593,#166,#167,#168,#169,#170),#294,.T.);
#6906=ADVANCED_FACE('',(#594),#195,.T.);
#6907=ADVANCED_FACE('',(#595),#6690,.T.);
#6908=ADVANCED_FACE('',(#596),#196,.T.);
#6909=ADVANCED_FACE('',(#597),#197,.T.);
#6910=ADVANCED_FACE('',(#598),#198,.T.);
#6911=ADVANCED_FACE('',(#599),#6691,.T.);
#6912=ADVANCED_FACE('',(#600),#199,.T.);
#6913=ADVANCED_FACE('',(#601),#200,.T.);
#6914=ADVANCED_FACE('',(#602),#6692,.T.);
#6915=ADVANCED_FACE('',(#603),#95,.F.);
#6916=ADVANCED_FACE('',(#604),#96,.F.);
#6917=ADVANCED_FACE('',(#605),#6693,.T.);
#6918=ADVANCED_FACE('',(#606),#6694,.F.);
#6919=ADVANCED_FACE('',(#607),#295,.F.);
#6920=ADVANCED_FACE('',(#608),#6695,.F.);
#6921=ADVANCED_FACE('',(#609),#296,.F.);
#6922=ADVANCED_FACE('',(#610),#6696,.T.);
#6923=ADVANCED_FACE('',(#611),#297,.T.);
#6924=ADVANCED_FACE('',(#612),#298,.T.);
#6925=ADVANCED_FACE('',(#613),#299,.F.);
#6926=ADVANCED_FACE('',(#614),#6697,.F.);
#6927=ADVANCED_FACE('',(#615),#300,.F.);
#6928=ADVANCED_FACE('',(#616),#6698,.F.);
#6929=ADVANCED_FACE('',(#617),#6699,.T.);
#6930=ADVANCED_FACE('',(#618),#201,.T.);
#6931=ADVANCED_FACE('',(#619),#6700,.T.);
#6932=ADVANCED_FACE('',(#620),#202,.T.);
#6933=ADVANCED_FACE('',(#621),#6701,.T.);
#6934=ADVANCED_FACE('',(#622),#203,.T.);
#6935=ADVANCED_FACE('',(#623),#6702,.T.);
#6936=ADVANCED_FACE('',(#624),#204,.T.);
#6937=ADVANCED_FACE('',(#625),#6703,.F.);
#6938=ADVANCED_FACE('',(#626),#301,.F.);
#6939=ADVANCED_FACE('',(#627),#6704,.F.);
#6940=ADVANCED_FACE('',(#628),#302,.F.);
#6941=ADVANCED_FACE('',(#629),#6705,.T.);
#6942=ADVANCED_FACE('',(#630),#205,.T.);
#6943=ADVANCED_FACE('',(#631),#6706,.T.);
#6944=ADVANCED_FACE('',(#632),#206,.T.);
#6945=ADVANCED_FACE('',(#633),#6707,.T.);
#6946=ADVANCED_FACE('',(#634),#207,.T.);
#6947=ADVANCED_FACE('',(#635),#6708,.T.);
#6948=ADVANCED_FACE('',(#636),#208,.T.);
#6949=ADVANCED_FACE('',(#637),#6709,.F.);
#6950=ADVANCED_FACE('',(#638),#303,.F.);
#6951=ADVANCED_FACE('',(#639),#6710,.F.);
#6952=ADVANCED_FACE('',(#640),#304,.F.);
#6953=ADVANCED_FACE('',(#641,#171),#305,.T.);
#6954=ADVANCED_FACE('',(#642),#6711,.F.);
#6955=ADVANCED_FACE('',(#643),#306,.F.);
#6956=ADVANCED_FACE('',(#644),#6712,.F.);
#6957=ADVANCED_FACE('',(#645),#307,.F.);
#6958=ADVANCED_FACE('',(#646),#6713,.F.);
#6959=ADVANCED_FACE('',(#647),#308,.F.);
#6960=ADVANCED_FACE('',(#648),#6714,.F.);
#6961=ADVANCED_FACE('',(#649,#172),#6715,.T.);
#6962=ADVANCED_FACE('',(#650),#6716,.F.);
#6963=ADVANCED_FACE('',(#651),#309,.F.);
#6964=ADVANCED_FACE('',(#652),#6717,.F.);
#6965=ADVANCED_FACE('',(#653),#310,.F.);
#6966=ADVANCED_FACE('',(#654),#6718,.F.);
#6967=ADVANCED_FACE('',(#655),#311,.F.);
#6968=ADVANCED_FACE('',(#656),#6719,.F.);
#6969=ADVANCED_FACE('',(#657),#312,.F.);
#6970=ADVANCED_FACE('',(#658),#6720,.F.);
#6971=ADVANCED_FACE('',(#659),#313,.F.);
#6972=ADVANCED_FACE('',(#660),#6721,.T.);
#6973=ADVANCED_FACE('',(#661),#209,.T.);
#6974=ADVANCED_FACE('',(#662),#210,.T.);
#6975=ADVANCED_FACE('',(#663),#6722,.T.);
#6976=ADVANCED_FACE('',(#664),#211,.T.);
#6977=ADVANCED_FACE('',(#665),#6723,.T.);
#6978=ADVANCED_FACE('',(#666),#212,.T.);
#6979=ADVANCED_FACE('',(#667),#6724,.T.);
#6980=ADVANCED_FACE('',(#668),#314,.T.);
#6981=ADVANCED_FACE('',(#669),#6725,.T.);
#6982=ADVANCED_FACE('',(#670,#173),#315,.F.);
#6983=ADVANCED_FACE('',(#671),#6726,.F.);
#6984=ADVANCED_FACE('',(#672),#6727,.F.);
#6985=ADVANCED_FACE('',(#673),#316,.F.);
#6986=ADVANCED_FACE('',(#674),#6728,.F.);
#6987=ADVANCED_FACE('',(#675),#317,.F.);
#6988=ADVANCED_FACE('',(#676),#6729,.F.);
#6989=ADVANCED_FACE('',(#677,#174,#175),#318,.T.);
#6990=ADVANCED_FACE('',(#678),#319,.F.);
#6991=ADVANCED_FACE('',(#679),#97,.T.);
#6992=ADVANCED_FACE('',(#680),#320,.F.);
#6993=ADVANCED_FACE('',(#681),#321,.F.);
#6994=ADVANCED_FACE('',(#682),#98,.T.);
#6995=ADVANCED_FACE('',(#683),#322,.F.);
#6996=ADVANCED_FACE('',(#684),#323,.F.);
#6997=ADVANCED_FACE('',(#685),#99,.T.);
#6998=ADVANCED_FACE('',(#686),#100,.T.);
#6999=ADVANCED_FACE('',(#687),#101,.T.);
#7000=ADVANCED_FACE('',(#688),#324,.F.);
#7001=ADVANCED_FACE('',(#689),#325,.F.);
#7002=ADVANCED_FACE('',(#690),#326,.F.);
#7003=ADVANCED_FACE('',(#691),#327,.F.);
#7004=ADVANCED_FACE('',(#692),#328,.F.);
#7005=ADVANCED_FACE('',(#693),#329,.F.);
#7006=ADVANCED_FACE('',(#694),#330,.F.);
#7007=ADVANCED_FACE('',(#695),#102,.T.);
#7008=ADVANCED_FACE('',(#696),#331,.F.);
#7009=ADVANCED_FACE('',(#697),#332,.F.);
#7010=ADVANCED_FACE('',(#698),#333,.F.);
#7011=ADVANCED_FACE('',(#699),#103,.T.);
#7012=ADVANCED_FACE('',(#700),#104,.T.);
#7013=ADVANCED_FACE('',(#701),#105,.T.);
#7014=ADVANCED_FACE('',(#702),#334,.F.);
#7015=ADVANCED_FACE('',(#703),#106,.T.);
#7016=ADVANCED_FACE('',(#704),#335,.F.);
#7017=ADVANCED_FACE('',(#705),#336,.F.);
#7018=ADVANCED_FACE('',(#706),#337,.F.);
#7019=ADVANCED_FACE('',(#707),#338,.F.);
#7020=ADVANCED_FACE('',(#708),#107,.T.);
#7021=ADVANCED_FACE('',(#709),#108,.T.);
#7022=ADVANCED_FACE('',(#710),#109,.T.);
#7023=ADVANCED_FACE('',(#711),#110,.T.);
#7024=ADVANCED_FACE('',(#712),#111,.T.);
#7025=ADVANCED_FACE('',(#713),#339,.T.);
#7026=ADVANCED_FACE('',(#714),#340,.T.);
#7027=ADVANCED_FACE('',(#715),#341,.T.);
#7028=ADVANCED_FACE('',(#716),#342,.T.);
#7029=ADVANCED_FACE('',(#717),#343,.F.);
#7030=ADVANCED_FACE('',(#718),#344,.F.);
#7031=ADVANCED_FACE('',(#719),#345,.F.);
#7032=ADVANCED_FACE('',(#720),#346,.F.);
#7033=ADVANCED_FACE('',(#721),#347,.F.);
#7034=ADVANCED_FACE('',(#722),#348,.F.);
#7035=ADVANCED_FACE('',(#723),#349,.F.);
#7036=ADVANCED_FACE('',(#724),#112,.T.);
#7037=ADVANCED_FACE('',(#725),#350,.F.);
#7038=ADVANCED_FACE('',(#726),#351,.F.);
#7039=ADVANCED_FACE('',(#727),#352,.F.);
#7040=ADVANCED_FACE('',(#728),#353,.F.);
#7041=ADVANCED_FACE('',(#729),#6730,.F.);
#7042=ADVANCED_FACE('',(#730),#354,.F.);
#7043=ADVANCED_FACE('',(#731),#6731,.F.);
#7044=ADVANCED_FACE('',(#732,#176),#355,.T.);
#7045=ADVANCED_FACE('',(#733,#177),#356,.F.);
#7046=ADVANCED_FACE('',(#734),#6732,.F.);
#7047=ADVANCED_FACE('',(#735,#178),#357,.F.);
#7048=ADVANCED_FACE('',(#736),#358,.F.);
#7049=ADVANCED_FACE('',(#737),#359,.F.);
#7050=ADVANCED_FACE('',(#738),#6733,.F.);
#7051=ADVANCED_FACE('',(#739),#33,.F.);
#7052=ADVANCED_FACE('',(#740),#6734,.F.);
#7053=ADVANCED_FACE('',(#741),#34,.F.);
#7054=ADVANCED_FACE('',(#742),#6735,.T.);
#7055=ADVANCED_FACE('',(#743,#179),#360,.F.);
#7056=ADVANCED_FACE('',(#744),#113,.F.);
#7057=ADVANCED_FACE('',(#745),#114,.F.);
#7058=ADVANCED_FACE('',(#746),#6736,.T.);
#7059=ADVANCED_FACE('',(#747),#115,.F.);
#7060=ADVANCED_FACE('',(#748),#6737,.T.);
#7061=ADVANCED_FACE('',(#749),#116,.F.);
#7062=ADVANCED_FACE('',(#750),#6738,.T.);
#7063=ADVANCED_FACE('',(#751),#117,.F.);
#7064=ADVANCED_FACE('',(#752),#6739,.T.);
#7065=ADVANCED_FACE('',(#753),#118,.F.);
#7066=ADVANCED_FACE('',(#754),#361,.T.);
#7067=ADVANCED_FACE('',(#755),#6740,.T.);
#7068=ADVANCED_FACE('',(#756,#180,#181),#362,.T.);
#7069=ADVANCED_FACE('',(#757),#6741,.T.);
#7070=ADVANCED_FACE('',(#758),#35,.T.);
#7071=ADVANCED_FACE('',(#759),#6742,.T.);
#7072=ADVANCED_FACE('',(#760),#36,.T.);
#7073=ADVANCED_FACE('',(#761),#6743,.F.);
#7074=ADVANCED_FACE('',(#762),#363,.F.);
#7075=ADVANCED_FACE('',(#763),#364,.T.);
#7076=ADVANCED_FACE('',(#764),#365,.T.);
#7077=ADVANCED_FACE('',(#765),#366,.T.);
#7078=ADVANCED_FACE('',(#766),#367,.T.);
#7079=ADVANCED_FACE('',(#767),#368,.T.);
#7080=ADVANCED_FACE('',(#768),#369,.T.);
#7081=ADVANCED_FACE('',(#769),#370,.T.);
#7082=ADVANCED_FACE('',(#770),#371,.F.);
#7083=ADVANCED_FACE('',(#771),#6744,.F.);
#7084=ADVANCED_FACE('',(#772),#372,.F.);
#7085=ADVANCED_FACE('',(#773),#373,.F.);
#7086=ADVANCED_FACE('',(#774),#374,.T.);
#7087=ADVANCED_FACE('',(#775),#375,.T.);
#7088=ADVANCED_FACE('',(#776),#376,.T.);
#7089=ADVANCED_FACE('',(#777),#377,.T.);
#7090=ADVANCED_FACE('',(#778),#378,.T.);
#7091=ADVANCED_FACE('',(#779),#379,.T.);
#7092=ADVANCED_FACE('',(#780),#380,.T.);
#7093=ADVANCED_FACE('',(#781),#381,.T.);
#7094=ADVANCED_FACE('',(#782),#382,.T.);
#7095=ADVANCED_FACE('',(#783),#383,.T.);
#7096=ADVANCED_FACE('',(#784),#384,.T.);
#7097=ADVANCED_FACE('',(#785),#385,.T.);
#7098=ADVANCED_FACE('',(#786),#386,.T.);
#7099=ADVANCED_FACE('',(#787),#387,.T.);
#7100=ADVANCED_FACE('',(#788),#388,.T.);
#7101=ADVANCED_FACE('',(#789),#389,.T.);
#7102=ADVANCED_FACE('',(#790),#390,.T.);
#7103=ADVANCED_FACE('',(#791),#391,.T.);
#7104=ADVANCED_FACE('',(#792),#392,.T.);
#7105=ADVANCED_FACE('',(#793),#393,.T.);
#7106=ADVANCED_FACE('',(#794),#394,.T.);
#7107=ADVANCED_FACE('',(#795),#395,.T.);
#7108=ADVANCED_FACE('',(#796),#396,.T.);
#7109=ADVANCED_FACE('',(#797),#397,.T.);
#7110=ADVANCED_FACE('',(#798),#398,.T.);
#7111=ADVANCED_FACE('',(#799),#399,.T.);
#7112=ADVANCED_FACE('',(#800),#400,.T.);
#7113=ADVANCED_FACE('',(#801),#401,.T.);
#7114=ADVANCED_FACE('',(#802),#402,.T.);
#7115=ADVANCED_FACE('',(#803),#403,.T.);
#7116=ADVANCED_FACE('',(#804),#404,.T.);
#7117=ADVANCED_FACE('',(#805),#405,.T.);
#7118=ADVANCED_FACE('',(#806),#406,.T.);
#7119=ADVANCED_FACE('',(#807),#407,.T.);
#7120=ADVANCED_FACE('',(#808),#408,.T.);
#7121=ADVANCED_FACE('',(#809),#409,.T.);
#7122=ADVANCED_FACE('',(#810),#410,.T.);
#7123=ADVANCED_FACE('',(#811),#411,.T.);
#7124=ADVANCED_FACE('',(#812),#412,.T.);
#7125=ADVANCED_FACE('',(#813),#413,.T.);
#7126=ADVANCED_FACE('',(#814),#414,.T.);
#7127=ADVANCED_FACE('',(#815),#415,.T.);
#7128=ADVANCED_FACE('',(#816),#416,.T.);
#7129=ADVANCED_FACE('',(#817),#417,.T.);
#7130=ADVANCED_FACE('',(#818),#418,.T.);
#7131=ADVANCED_FACE('',(#819),#419,.T.);
#7132=ADVANCED_FACE('',(#820),#420,.T.);
#7133=ADVANCED_FACE('',(#821),#421,.T.);
#7134=ADVANCED_FACE('',(#822),#422,.T.);
#7135=ADVANCED_FACE('',(#823),#423,.T.);
#7136=ADVANCED_FACE('',(#824),#424,.T.);
#7137=ADVANCED_FACE('',(#825),#425,.T.);
#7138=ADVANCED_FACE('',(#826),#426,.T.);
#7139=ADVANCED_FACE('',(#827),#427,.T.);
#7140=ADVANCED_FACE('',(#828),#428,.T.);
#7141=ADVANCED_FACE('',(#829),#6745,.F.);
#7142=ADVANCED_FACE('',(#830),#6746,.T.);
#7143=ADVANCED_FACE('',(#831,#182),#429,.T.);
#7144=ADVANCED_FACE('',(#832),#430,.T.);
#7145=ADVANCED_FACE('',(#833),#431,.T.);
#7146=ADVANCED_FACE('',(#834),#432,.T.);
#7147=ADVANCED_FACE('',(#835),#433,.T.);
#7148=ADVANCED_FACE('',(#836),#434,.T.);
#7149=CLOSED_SHELL('',(#6747,#6748,#6749,#6750,#6751,#6752,#6753,#6754,
#6755,#6756,#6757,#6758,#6759,#6760,#6761,#6762,#6763,#6764,#6765,#6766,
#6767,#6768,#6769,#6770,#6771,#6772,#6773,#6774,#6775,#6776,#6777,#6778,
#6779,#6780,#6781,#6782,#6783,#6784,#6785,#6786,#6787,#6788,#6789,#6790,
#6791,#6792,#6793,#6794,#6795,#6796,#6797,#6798,#6799,#6800,#6801,#6802,
#6803,#6804,#6805,#6806,#6807,#6808,#6809,#6810,#6811,#6812,#6813,#6814,
#6815,#6816,#6817,#6818,#6819,#6820,#6821,#6822,#6823,#6824,#6825,#6826,
#6827,#6828,#6829,#6830,#6831,#6832,#6833,#6834,#6835,#6836,#6837,#6838,
#6839,#6840,#6841,#6842,#6843,#6844,#6845,#6846,#6847,#6848,#6849,#6850,
#6851,#6852,#6853,#6854,#6855,#6856,#6857,#6858,#6859,#6860,#6861,#6862,
#6863,#6864,#6865,#6866,#6867,#6868,#6869,#6870,#6871,#6872,#6873,#6874,
#6875,#6876,#6877,#6878,#6879,#6880,#6881,#6882,#6883,#6884,#6885,#6886,
#6887,#6888,#6889,#6890,#6891));
#7150=CLOSED_SHELL('',(#6892,#6893,#6894,#6895,#6896,#6897,#6898,#6899,
#6900,#6901,#6902,#6903,#6904,#6905,#6906,#6907,#6908,#6909,#6910,#6911,
#6912,#6913,#6914,#6915,#6916,#6917,#6918,#6919,#6920,#6921,#6922,#6923,
#6924,#6925,#6926,#6927,#6928,#6929,#6930,#6931,#6932,#6933,#6934,#6935,
#6936,#6937,#6938,#6939,#6940,#6941,#6942,#6943,#6944,#6945,#6946,#6947,
#6948,#6949,#6950,#6951,#6952,#6953,#6954,#6955,#6956,#6957,#6958,#6959,
#6960,#6961,#6962,#6963,#6964,#6965,#6966,#6967,#6968,#6969,#6970,#6971,
#6972,#6973,#6974,#6975,#6976,#6977,#6978,#6979,#6980,#6981,#6982,#6983,
#6984,#6985,#6986,#6987,#6988,#6989,#6990,#6991,#6992,#6993,#6994,#6995,
#6996,#6997,#6998,#6999,#7000,#7001,#7002,#7003,#7004,#7005,#7006,#7007,
#7008,#7009,#7010,#7011,#7012,#7013,#7014,#7015,#7016,#7017,#7018,#7019,
#7020,#7021,#7022,#7023,#7024,#7025,#7026,#7027,#7028,#7029,#7030,#7031,
#7032,#7033,#7034,#7035,#7036,#7037,#7038,#7039,#7040,#7041,#7042,#7043,
#7044,#7045,#7046,#7047,#7048,#7049,#7050,#7051,#7052,#7053,#7054,#7055,
#7056,#7057,#7058,#7059,#7060,#7061,#7062,#7063,#7064,#7065,#7066,#7067,
#7068,#7069,#7070,#7071,#7072,#7073,#7074,#7075,#7076,#7077,#7078,#7079,
#7080,#7081,#7082,#7083,#7084,#7085,#7086,#7087,#7088,#7089,#7090,#7091,
#7092,#7093,#7094,#7095,#7096,#7097,#7098,#7099,#7100,#7101,#7102,#7103,
#7104,#7105,#7106,#7107,#7108,#7109,#7110,#7111,#7112,#7113,#7114,#7115,
#7116,#7117,#7118,#7119,#7120,#7121,#7122,#7123,#7124,#7125,#7126,#7127,
#7128,#7129,#7130,#7131,#7132,#7133,#7134,#7135,#7136,#7137,#7138,#7139,
#7140,#7141,#7142,#7143,#7144,#7145,#7146,#7147,#7148));
#7151=DERIVED_UNIT_ELEMENT(#7153,1.);
#7152=DERIVED_UNIT_ELEMENT(#12802,-3.);
#7153=(
MASS_UNIT()
NAMED_UNIT(*)
SI_UNIT(.KILO.,.GRAM.)
);
#7154=DERIVED_UNIT((#7151,#7152));
#7155=MEASURE_REPRESENTATION_ITEM('density measure',
POSITIVE_RATIO_MEASURE(7850.),#7154);
#7156=PROPERTY_DEFINITION_REPRESENTATION(#7161,#7158);
#7157=PROPERTY_DEFINITION_REPRESENTATION(#7162,#7159);
#7158=REPRESENTATION('material name',(#7160),#12797);
#7159=REPRESENTATION('density',(#7155),#12797);
#7160=DESCRIPTIVE_REPRESENTATION_ITEM('Steel','Steel');
#7161=PROPERTY_DEFINITION('material property','material name',#12815);
#7162=PROPERTY_DEFINITION('material property','density of part',#12815);
#7163=AXIS2_PLACEMENT_3D('',#9834,#7824,#7825);
#7164=AXIS2_PLACEMENT_3D('',#9835,#7826,#7827);
#7165=AXIS2_PLACEMENT_3D('',#9836,#7828,#7829);
#7166=AXIS2_PLACEMENT_3D('',#9839,#7830,#7831);
#7167=AXIS2_PLACEMENT_3D('',#9843,#7833,#7834);
#7168=AXIS2_PLACEMENT_3D('',#9845,#7836,#7837);
#7169=AXIS2_PLACEMENT_3D('',#9851,#7841,#7842);
#7170=AXIS2_PLACEMENT_3D('',#9859,#7846,#7847);
#7171=AXIS2_PLACEMENT_3D('',#9861,#7849,#7850);
#7172=AXIS2_PLACEMENT_3D('',#9864,#7851,#7852);
#7173=AXIS2_PLACEMENT_3D('',#9868,#7854,#7855);
#7174=AXIS2_PLACEMENT_3D('',#9870,#7857,#7858);
#7175=AXIS2_PLACEMENT_3D('',#9876,#7862,#7863);
#7176=AXIS2_PLACEMENT_3D('',#9884,#7867,#7868);
#7177=AXIS2_PLACEMENT_3D('',#9886,#7870,#7871);
#7178=AXIS2_PLACEMENT_3D('',#9889,#7872,#7873);
#7179=AXIS2_PLACEMENT_3D('',#9893,#7875,#7876);
#7180=AXIS2_PLACEMENT_3D('',#9895,#7878,#7879);
#7181=AXIS2_PLACEMENT_3D('',#9901,#7883,#7884);
#7182=AXIS2_PLACEMENT_3D('',#9909,#7888,#7889);
#7183=AXIS2_PLACEMENT_3D('',#9911,#7891,#7892);
#7184=AXIS2_PLACEMENT_3D('',#9914,#7893,#7894);
#7185=AXIS2_PLACEMENT_3D('',#9918,#7896,#7897);
#7186=AXIS2_PLACEMENT_3D('',#9920,#7899,#7900);
#7187=AXIS2_PLACEMENT_3D('',#9926,#7904,#7905);
#7188=AXIS2_PLACEMENT_3D('',#9932,#7908,#7909);
#7189=AXIS2_PLACEMENT_3D('',#9936,#7912,#7913);
#7190=AXIS2_PLACEMENT_3D('',#9940,#7915,#7916);
#7191=AXIS2_PLACEMENT_3D('',#9946,#7920,#7921);
#7192=AXIS2_PLACEMENT_3D('',#9949,#7924,#7925);
#7193=AXIS2_PLACEMENT_3D('',#9951,#7927,#7928);
#7194=AXIS2_PLACEMENT_3D('',#9952,#7929,#7930);
#7195=AXIS2_PLACEMENT_3D('',#9956,#7932,#7933);
#7196=AXIS2_PLACEMENT_3D('',#9960,#7936,#7937);
#7197=AXIS2_PLACEMENT_3D('',#9966,#7941,#7942);
#7198=AXIS2_PLACEMENT_3D('',#9970,#7945,#7946);
#7199=AXIS2_PLACEMENT_3D('',#9973,#7948,#7949);
#7200=AXIS2_PLACEMENT_3D('',#9975,#7951,#7952);
#7201=AXIS2_PLACEMENT_3D('',#9976,#7953,#7954);
#7202=AXIS2_PLACEMENT_3D('',#9982,#7958,#7959);
#7203=AXIS2_PLACEMENT_3D('',#9986,#7962,#7963);
#7204=AXIS2_PLACEMENT_3D('',#9989,#7965,#7966);
#7205=AXIS2_PLACEMENT_3D('',#9991,#7968,#7969);
#7206=AXIS2_PLACEMENT_3D('',#9992,#7970,#7971);
#7207=AXIS2_PLACEMENT_3D('',#9996,#7973,#7974);
#7208=AXIS2_PLACEMENT_3D('',#10000,#7976,#7977);
#7209=AXIS2_PLACEMENT_3D('',#10002,#7979,#7980);
#7210=AXIS2_PLACEMENT_3D('',#10006,#7983,#7984);
#7211=AXIS2_PLACEMENT_3D('',#10012,#7988,#7989);
#7212=AXIS2_PLACEMENT_3D('',#10016,#7992,#7993);
#7213=AXIS2_PLACEMENT_3D('',#10019,#7995,#7996);
#7214=AXIS2_PLACEMENT_3D('',#10021,#7998,#7999);
#7215=AXIS2_PLACEMENT_3D('',#10022,#8000,#8001);
#7216=AXIS2_PLACEMENT_3D('',#10028,#8005,#8006);
#7217=AXIS2_PLACEMENT_3D('',#10034,#8009,#8010);
#7218=AXIS2_PLACEMENT_3D('',#10036,#8012,#8013);
#7219=AXIS2_PLACEMENT_3D('',#10039,#8014,#8015);
#7220=AXIS2_PLACEMENT_3D('',#10043,#8017,#8018);
#7221=AXIS2_PLACEMENT_3D('',#10045,#8020,#8021);
#7222=AXIS2_PLACEMENT_3D('',#10048,#8022,#8023);
#7223=AXIS2_PLACEMENT_3D('',#10049,#8024,#8025);
#7224=AXIS2_PLACEMENT_3D('',#10050,#8026,#8027);
#7225=AXIS2_PLACEMENT_3D('',#10051,#8028,#8029);
#7226=AXIS2_PLACEMENT_3D('',#10054,#8030,#8031);
#7227=AXIS2_PLACEMENT_3D('',#10057,#8034,#8035);
#7228=AXIS2_PLACEMENT_3D('',#10060,#8036,#8037);
#7229=AXIS2_PLACEMENT_3D('',#10061,#8038,#8039);
#7230=AXIS2_PLACEMENT_3D('',#10062,#8040,#8041);
#7231=AXIS2_PLACEMENT_3D('',#10063,#8042,#8043);
#7232=AXIS2_PLACEMENT_3D('',#10066,#8044,#8045);
#7233=AXIS2_PLACEMENT_3D('',#10069,#8048,#8049);
#7234=AXIS2_PLACEMENT_3D('',#10072,#8050,#8051);
#7235=AXIS2_PLACEMENT_3D('',#10073,#8052,#8053);
#7236=AXIS2_PLACEMENT_3D('',#10074,#8054,#8055);
#7237=AXIS2_PLACEMENT_3D('',#10075,#8056,#8057);
#7238=AXIS2_PLACEMENT_3D('',#10078,#8058,#8059);
#7239=AXIS2_PLACEMENT_3D('',#10081,#8062,#8063);
#7240=AXIS2_PLACEMENT_3D('',#10082,#8064,#8065);
#7241=AXIS2_PLACEMENT_3D('',#10083,#8066,#8067);
#7242=AXIS2_PLACEMENT_3D('',#10084,#8068,#8069);
#7243=AXIS2_PLACEMENT_3D('',#10088,#8071,#8072);
#7244=AXIS2_PLACEMENT_3D('',#10090,#8074,#8075);
#7245=AXIS2_PLACEMENT_3D('',#10094,#8078,#8079);
#7246=AXIS2_PLACEMENT_3D('',#10097,#8081,#8082);
#7247=AXIS2_PLACEMENT_3D('',#10098,#8083,#8084);
#7248=AXIS2_PLACEMENT_3D('',#10102,#8087,#8088);
#7249=AXIS2_PLACEMENT_3D('',#10111,#8093,#8094);
#7250=AXIS2_PLACEMENT_3D('',#10120,#8099,#8100);
#7251=AXIS2_PLACEMENT_3D('',#10126,#8104,#8105);
#7252=AXIS2_PLACEMENT_3D('',#10132,#8109,#8110);
#7253=AXIS2_PLACEMENT_3D('',#10138,#8114,#8115);
#7254=AXIS2_PLACEMENT_3D('',#10150,#8121,#8122);
#7255=AXIS2_PLACEMENT_3D('',#10168,#8131,#8132);
#7256=AXIS2_PLACEMENT_3D('',#10170,#8133,#8134);
#7257=AXIS2_PLACEMENT_3D('',#10172,#8135,#8136);
#7258=AXIS2_PLACEMENT_3D('',#10176,#8138,#8139);
#7259=AXIS2_PLACEMENT_3D('',#10184,#8143,#8144);
#7260=AXIS2_PLACEMENT_3D('',#10186,#8146,#8147);
#7261=AXIS2_PLACEMENT_3D('',#10190,#8149,#8150);
#7262=AXIS2_PLACEMENT_3D('',#10198,#8154,#8155);
#7263=AXIS2_PLACEMENT_3D('',#10200,#8156,#8157);
#7264=AXIS2_PLACEMENT_3D('',#10204,#8159,#8160);
#7265=AXIS2_PLACEMENT_3D('',#10206,#8161,#8162);
#7266=AXIS2_PLACEMENT_3D('',#10208,#8163,#8164);
#7267=AXIS2_PLACEMENT_3D('',#10226,#8173,#8174);
#7268=AXIS2_PLACEMENT_3D('',#10236,#8180,#8181);
#7269=AXIS2_PLACEMENT_3D('',#10239,#8182,#8183);
#7270=AXIS2_PLACEMENT_3D('',#10243,#8185,#8186);
#7271=AXIS2_PLACEMENT_3D('',#10245,#8188,#8189);
#7272=AXIS2_PLACEMENT_3D('',#10248,#8190,#8191);
#7273=AXIS2_PLACEMENT_3D('',#10249,#8192,#8193);
#7274=AXIS2_PLACEMENT_3D('',#10250,#8194,#8195);
#7275=AXIS2_PLACEMENT_3D('',#10283,#8196,#8197);
#7276=AXIS2_PLACEMENT_3D('',#10335,#8198,#8199);
#7277=AXIS2_PLACEMENT_3D('',#10337,#8200,#8201);
#7278=AXIS2_PLACEMENT_3D('',#10340,#8204,#8205);
#7279=AXIS2_PLACEMENT_3D('',#10351,#8208,#8209);
#7280=AXIS2_PLACEMENT_3D('',#10356,#8212,#8213);
#7281=AXIS2_PLACEMENT_3D('',#10357,#8214,#8215);
#7282=AXIS2_PLACEMENT_3D('',#10360,#8216,#8217);
#7283=AXIS2_PLACEMENT_3D('',#10362,#8218,#8219);
#7284=AXIS2_PLACEMENT_3D('',#10364,#8220,#8221);
#7285=AXIS2_PLACEMENT_3D('',#10365,#8222,#8223);
#7286=AXIS2_PLACEMENT_3D('',#10366,#8224,#8225);
#7287=AXIS2_PLACEMENT_3D('',#10369,#8226,#8227);
#7288=AXIS2_PLACEMENT_3D('',#10382,#8230,#8231);
#7289=AXIS2_PLACEMENT_3D('',#10383,#8232,#8233);
#7290=AXIS2_PLACEMENT_3D('',#10384,#8234,#8235);
#7291=AXIS2_PLACEMENT_3D('',#10392,#8239,#8240);
#7292=AXIS2_PLACEMENT_3D('',#10396,#8243,#8244);
#7293=AXIS2_PLACEMENT_3D('',#10404,#8250,#8251);
#7294=AXIS2_PLACEMENT_3D('',#10407,#8253,#8254);
#7295=AXIS2_PLACEMENT_3D('',#10408,#8255,#8256);
#7296=AXIS2_PLACEMENT_3D('',#10410,#8257,#8258);
#7297=AXIS2_PLACEMENT_3D('',#10412,#8260,#8261);
#7298=AXIS2_PLACEMENT_3D('',#10415,#8264,#8265);
#7299=AXIS2_PLACEMENT_3D('',#10418,#8266,#8267);
#7300=AXIS2_PLACEMENT_3D('',#10422,#8269,#8270);
#7301=AXIS2_PLACEMENT_3D('',#10424,#8272,#8273);
#7302=AXIS2_PLACEMENT_3D('',#10427,#8274,#8275);
#7303=AXIS2_PLACEMENT_3D('',#10428,#8276,#8277);
#7304=AXIS2_PLACEMENT_3D('',#10429,#8278,#8279);
#7305=AXIS2_PLACEMENT_3D('',#10430,#8280,#8281);
#7306=AXIS2_PLACEMENT_3D('',#10433,#8282,#8283);
#7307=AXIS2_PLACEMENT_3D('',#10436,#8286,#8287);
#7308=AXIS2_PLACEMENT_3D('',#10439,#8288,#8289);
#7309=AXIS2_PLACEMENT_3D('',#10440,#8290,#8291);
#7310=AXIS2_PLACEMENT_3D('',#10441,#8292,#8293);
#7311=AXIS2_PLACEMENT_3D('',#10442,#8294,#8295);
#7312=AXIS2_PLACEMENT_3D('',#10445,#8296,#8297);
#7313=AXIS2_PLACEMENT_3D('',#10448,#8300,#8301);
#7314=AXIS2_PLACEMENT_3D('',#10451,#8302,#8303);
#7315=AXIS2_PLACEMENT_3D('',#10452,#8304,#8305);
#7316=AXIS2_PLACEMENT_3D('',#10453,#8306,#8307);
#7317=AXIS2_PLACEMENT_3D('',#10454,#8308,#8309);
#7318=AXIS2_PLACEMENT_3D('',#10457,#8310,#8311);
#7319=AXIS2_PLACEMENT_3D('',#10460,#8314,#8315);
#7320=AXIS2_PLACEMENT_3D('',#10461,#8316,#8317);
#7321=AXIS2_PLACEMENT_3D('',#10462,#8318,#8319);
#7322=AXIS2_PLACEMENT_3D('',#10463,#8320,#8321);
#7323=AXIS2_PLACEMENT_3D('',#10467,#8323,#8324);
#7324=AXIS2_PLACEMENT_3D('',#10469,#8326,#8327);
#7325=AXIS2_PLACEMENT_3D('',#10473,#8330,#8331);
#7326=AXIS2_PLACEMENT_3D('',#10476,#8333,#8334);
#7327=AXIS2_PLACEMENT_3D('',#10477,#8335,#8336);
#7328=AXIS2_PLACEMENT_3D('',#10482,#8339,#8340);
#7329=AXIS2_PLACEMENT_3D('',#10483,#8341,#8342);
#7330=AXIS2_PLACEMENT_3D('',#10485,#8343,#8344);
#7331=AXIS2_PLACEMENT_3D('',#10487,#8346,#8347);
#7332=AXIS2_PLACEMENT_3D('',#10488,#8348,#8349);
#7333=AXIS2_PLACEMENT_3D('',#10492,#8351,#8352);
#7334=AXIS2_PLACEMENT_3D('',#10494,#8354,#8355);
#7335=AXIS2_PLACEMENT_3D('',#10500,#8359,#8360);
#7336=AXIS2_PLACEMENT_3D('',#10501,#8361,#8362);
#7337=AXIS2_PLACEMENT_3D('',#10502,#8363,#8364);
#7338=AXIS2_PLACEMENT_3D('',#10506,#8367,#8368);
#7339=AXIS2_PLACEMENT_3D('',#10507,#8369,#8370);
#7340=AXIS2_PLACEMENT_3D('',#10508,#8371,#8372);
#7341=AXIS2_PLACEMENT_3D('',#10510,#8373,#8374);
#7342=AXIS2_PLACEMENT_3D('',#10514,#8377,#8378);
#7343=AXIS2_PLACEMENT_3D('',#10515,#8379,#8380);
#7344=AXIS2_PLACEMENT_3D('',#10517,#8381,#8382);
#7345=AXIS2_PLACEMENT_3D('',#10518,#8383,#8384);
#7346=AXIS2_PLACEMENT_3D('',#10528,#8385,#8386);
#7347=AXIS2_PLACEMENT_3D('',#10529,#8387,#8388);
#7348=AXIS2_PLACEMENT_3D('',#10530,#8389,#8390);
#7349=AXIS2_PLACEMENT_3D('',#10531,#8391,#8392);
#7350=AXIS2_PLACEMENT_3D('',#10533,#8394,#8395);
#7351=AXIS2_PLACEMENT_3D('',#10537,#8398,#8399);
#7352=AXIS2_PLACEMENT_3D('',#10538,#8400,#8401);
#7353=AXIS2_PLACEMENT_3D('',#10539,#8402,#8403);
#7354=AXIS2_PLACEMENT_3D('',#10540,#8404,#8405);
#7355=AXIS2_PLACEMENT_3D('',#10541,#8406,#8407);
#7356=AXIS2_PLACEMENT_3D('',#10542,#8408,#8409);
#7357=AXIS2_PLACEMENT_3D('',#10543,#8410,#8411);
#7358=AXIS2_PLACEMENT_3D('',#10553,#8412,#8413);
#7359=AXIS2_PLACEMENT_3D('',#10554,#8414,#8415);
#7360=AXIS2_PLACEMENT_3D('',#10555,#8416,#8417);
#7361=AXIS2_PLACEMENT_3D('',#10556,#8418,#8419);
#7362=AXIS2_PLACEMENT_3D('',#10558,#8420,#8421);
#7363=AXIS2_PLACEMENT_3D('',#10559,#8422,#8423);
#7364=AXIS2_PLACEMENT_3D('',#10560,#8424,#8425);
#7365=AXIS2_PLACEMENT_3D('',#10562,#8426,#8427);
#7366=AXIS2_PLACEMENT_3D('',#10564,#8428,#8429);
#7367=AXIS2_PLACEMENT_3D('',#10565,#8430,#8431);
#7368=AXIS2_PLACEMENT_3D('',#10566,#8432,#8433);
#7369=AXIS2_PLACEMENT_3D('',#10569,#8436,#8437);
#7370=AXIS2_PLACEMENT_3D('',#10572,#8440,#8441);
#7371=AXIS2_PLACEMENT_3D('',#10573,#8442,#8443);
#7372=AXIS2_PLACEMENT_3D('',#10575,#8445,#8446);
#7373=AXIS2_PLACEMENT_3D('',#10577,#8448,#8449);
#7374=AXIS2_PLACEMENT_3D('',#10578,#8450,#8451);
#7375=AXIS2_PLACEMENT_3D('',#10579,#8452,#8453);
#7376=AXIS2_PLACEMENT_3D('',#10580,#8454,#8455);
#7377=AXIS2_PLACEMENT_3D('',#10581,#8456,#8457);
#7378=AXIS2_PLACEMENT_3D('',#10582,#8458,#8459);
#7379=AXIS2_PLACEMENT_3D('',#10583,#8460,#8461);
#7380=AXIS2_PLACEMENT_3D('',#10584,#8462,#8463);
#7381=AXIS2_PLACEMENT_3D('',#10586,#8465,#8466);
#7382=AXIS2_PLACEMENT_3D('',#10587,#8467,#8468);
#7383=AXIS2_PLACEMENT_3D('',#10588,#8469,#8470);
#7384=AXIS2_PLACEMENT_3D('',#10590,#8472,#8473);
#7385=AXIS2_PLACEMENT_3D('',#10593,#8474,#8475);
#7386=AXIS2_PLACEMENT_3D('',#10599,#8476,#8477);
#7387=AXIS2_PLACEMENT_3D('',#10603,#8478,#8479);
#7388=AXIS2_PLACEMENT_3D('',#10606,#8482,#8483);
#7389=AXIS2_PLACEMENT_3D('',#10609,#8486,#8487);
#7390=AXIS2_PLACEMENT_3D('',#10613,#8489,#8490);
#7391=AXIS2_PLACEMENT_3D('',#10615,#8492,#8493);
#7392=AXIS2_PLACEMENT_3D('',#10626,#8501,#8502);
#7393=AXIS2_PLACEMENT_3D('',#10629,#8505,#8506);
#7394=AXIS2_PLACEMENT_3D('',#10637,#8512,#8513);
#7395=AXIS2_PLACEMENT_3D('',#10639,#8515,#8516);
#7396=AXIS2_PLACEMENT_3D('',#10640,#8517,#8518);
#7397=AXIS2_PLACEMENT_3D('',#10642,#8520,#8521);
#7398=AXIS2_PLACEMENT_3D('',#10644,#8523,#8524);
#7399=AXIS2_PLACEMENT_3D('',#10650,#8527,#8528);
#7400=AXIS2_PLACEMENT_3D('',#10654,#8531,#8532);
#7401=AXIS2_PLACEMENT_3D('',#10660,#8535,#8536);
#7402=AXIS2_PLACEMENT_3D('',#10664,#8539,#8540);
#7403=AXIS2_PLACEMENT_3D('',#10670,#8544,#8545);
#7404=AXIS2_PLACEMENT_3D('',#10673,#8548,#8549);
#7405=AXIS2_PLACEMENT_3D('',#10675,#8551,#8552);
#7406=AXIS2_PLACEMENT_3D('',#10677,#8554,#8555);
#7407=AXIS2_PLACEMENT_3D('',#10678,#8556,#8557);
#7408=AXIS2_PLACEMENT_3D('',#10680,#8559,#8560);
#7409=AXIS2_PLACEMENT_3D('',#10682,#8562,#8563);
#7410=AXIS2_PLACEMENT_3D('',#10684,#8565,#8566);
#7411=AXIS2_PLACEMENT_3D('',#10685,#8567,#8568);
#7412=AXIS2_PLACEMENT_3D('',#10687,#8570,#8571);
#7413=AXIS2_PLACEMENT_3D('',#10689,#8573,#8574);
#7414=AXIS2_PLACEMENT_3D('',#10691,#8576,#8577);
#7415=AXIS2_PLACEMENT_3D('',#10692,#8578,#8579);
#7416=AXIS2_PLACEMENT_3D('',#10693,#8580,#8581);
#7417=AXIS2_PLACEMENT_3D('',#10700,#8583,#8584);
#7418=AXIS2_PLACEMENT_3D('',#10702,#8586,#8587);
#7419=AXIS2_PLACEMENT_3D('',#10703,#8588,#8589);
#7420=AXIS2_PLACEMENT_3D('',#10704,#8590,#8591);
#7421=AXIS2_PLACEMENT_3D('',#10706,#8593,#8594);
#7422=AXIS2_PLACEMENT_3D('',#10708,#8596,#8597);
#7423=AXIS2_PLACEMENT_3D('',#10709,#8598,#8599);
#7424=AXIS2_PLACEMENT_3D('',#10710,#8600,#8601);
#7425=AXIS2_PLACEMENT_3D('',#10715,#8603,#8604);
#7426=AXIS2_PLACEMENT_3D('',#10719,#8606,#8607);
#7427=AXIS2_PLACEMENT_3D('',#10723,#8609,#8610);
#7428=AXIS2_PLACEMENT_3D('',#10733,#8615,#8616);
#7429=AXIS2_PLACEMENT_3D('',#10737,#8618,#8619);
#7430=AXIS2_PLACEMENT_3D('',#10741,#8621,#8622);
#7431=AXIS2_PLACEMENT_3D('',#10744,#8624,#8625);
#7432=AXIS2_PLACEMENT_3D('',#10746,#8626,#8627);
#7433=AXIS2_PLACEMENT_3D('',#10748,#8628,#8629);
#7434=AXIS2_PLACEMENT_3D('',#10758,#8634,#8635);
#7435=AXIS2_PLACEMENT_3D('',#10767,#8640,#8641);
#7436=AXIS2_PLACEMENT_3D('',#10770,#8642,#8643);
#7437=AXIS2_PLACEMENT_3D('',#10774,#8645,#8646);
#7438=AXIS2_PLACEMENT_3D('',#10808,#8648,#8649);
#7439=AXIS2_PLACEMENT_3D('',#10809,#8650,#8651);
#7440=AXIS2_PLACEMENT_3D('',#10810,#8652,#8653);
#7441=AXIS2_PLACEMENT_3D('',#10811,#8654,#8655);
#7442=AXIS2_PLACEMENT_3D('',#10814,#8656,#8657);
#7443=AXIS2_PLACEMENT_3D('',#10849,#8660,#8661);
#7444=AXIS2_PLACEMENT_3D('',#10850,#8662,#8663);
#7445=AXIS2_PLACEMENT_3D('',#10851,#8664,#8665);
#7446=AXIS2_PLACEMENT_3D('',#10852,#8666,#8667);
#7447=AXIS2_PLACEMENT_3D('',#10855,#8668,#8669);
#7448=AXIS2_PLACEMENT_3D('',#10890,#8672,#8673);
#7449=AXIS2_PLACEMENT_3D('',#10891,#8674,#8675);
#7450=AXIS2_PLACEMENT_3D('',#10892,#8676,#8677);
#7451=AXIS2_PLACEMENT_3D('',#10893,#8678,#8679);
#7452=AXIS2_PLACEMENT_3D('',#10896,#8680,#8681);
#7453=AXIS2_PLACEMENT_3D('',#10929,#8684,#8685);
#7454=AXIS2_PLACEMENT_3D('',#10930,#8686,#8687);
#7455=AXIS2_PLACEMENT_3D('',#10931,#8688,#8689);
#7456=AXIS2_PLACEMENT_3D('',#10935,#8691,#8692);
#7457=AXIS2_PLACEMENT_3D('',#10937,#8693,#8694);
#7458=AXIS2_PLACEMENT_3D('',#10939,#8696,#8697);
#7459=AXIS2_PLACEMENT_3D('',#10943,#8700,#8701);
#7460=AXIS2_PLACEMENT_3D('',#10946,#8703,#8704);
#7461=AXIS2_PLACEMENT_3D('',#10947,#8705,#8706);
#7462=AXIS2_PLACEMENT_3D('',#10951,#8709,#8710);
#7463=AXIS2_PLACEMENT_3D('',#10954,#8711,#8712);
#7464=AXIS2_PLACEMENT_3D('',#10980,#8714,#8715);
#7465=AXIS2_PLACEMENT_3D('',#10984,#8717,#8718);
#7466=AXIS2_PLACEMENT_3D('',#10988,#8720,#8721);
#7467=AXIS2_PLACEMENT_3D('',#10994,#8724,#8725);
#7468=AXIS2_PLACEMENT_3D('',#10998,#8727,#8728);
#7469=AXIS2_PLACEMENT_3D('',#11002,#8730,#8731);
#7470=AXIS2_PLACEMENT_3D('',#11005,#8733,#8734);
#7471=AXIS2_PLACEMENT_3D('',#11007,#8735,#8736);
#7472=AXIS2_PLACEMENT_3D('',#11009,#8737,#8738);
#7473=AXIS2_PLACEMENT_3D('',#11011,#8739,#8740);
#7474=AXIS2_PLACEMENT_3D('',#11012,#8741,#8742);
#7475=AXIS2_PLACEMENT_3D('',#11015,#8743,#8744);
#7476=AXIS2_PLACEMENT_3D('',#11017,#8745,#8746);
#7477=AXIS2_PLACEMENT_3D('',#11019,#8747,#8748);
#7478=AXIS2_PLACEMENT_3D('',#11020,#8749,#8750);
#7479=AXIS2_PLACEMENT_3D('',#11021,#8751,#8752);
#7480=AXIS2_PLACEMENT_3D('',#11024,#8753,#8754);
#7481=AXIS2_PLACEMENT_3D('',#11027,#8757,#8758);
#7482=AXIS2_PLACEMENT_3D('',#11030,#8759,#8760);
#7483=AXIS2_PLACEMENT_3D('',#11031,#8761,#8762);
#7484=AXIS2_PLACEMENT_3D('',#11032,#8763,#8764);
#7485=AXIS2_PLACEMENT_3D('',#11033,#8765,#8766);
#7486=AXIS2_PLACEMENT_3D('',#11046,#8767,#8768);
#7487=AXIS2_PLACEMENT_3D('',#11047,#8769,#8770);
#7488=AXIS2_PLACEMENT_3D('',#11048,#8771,#8772);
#7489=AXIS2_PLACEMENT_3D('',#11051,#8773,#8774);
#7490=AXIS2_PLACEMENT_3D('',#11053,#8775,#8776);
#7491=AXIS2_PLACEMENT_3D('',#11055,#8777,#8778);
#7492=AXIS2_PLACEMENT_3D('',#11056,#8779,#8780);
#7493=AXIS2_PLACEMENT_3D('',#11057,#8781,#8782);
#7494=AXIS2_PLACEMENT_3D('',#11060,#8783,#8784);
#7495=AXIS2_PLACEMENT_3D('',#11063,#8787,#8788);
#7496=AXIS2_PLACEMENT_3D('',#11066,#8789,#8790);
#7497=AXIS2_PLACEMENT_3D('',#11067,#8791,#8792);
#7498=AXIS2_PLACEMENT_3D('',#11068,#8793,#8794);
#7499=AXIS2_PLACEMENT_3D('',#11069,#8795,#8796);
#7500=AXIS2_PLACEMENT_3D('',#11082,#8797,#8798);
#7501=AXIS2_PLACEMENT_3D('',#11083,#8799,#8800);
#7502=AXIS2_PLACEMENT_3D('',#11084,#8801,#8802);
#7503=AXIS2_PLACEMENT_3D('',#11113,#8805,#8806);
#7504=AXIS2_PLACEMENT_3D('',#11148,#8807,#8808);
#7505=AXIS2_PLACEMENT_3D('',#11157,#8809,#8810);
#7506=AXIS2_PLACEMENT_3D('',#11160,#8813,#8814);
#7507=AXIS2_PLACEMENT_3D('',#11164,#8816,#8817);
#7508=AXIS2_PLACEMENT_3D('',#11166,#8819,#8820);
#7509=AXIS2_PLACEMENT_3D('',#11170,#8823,#8824);
#7510=AXIS2_PLACEMENT_3D('',#11173,#8826,#8827);
#7511=AXIS2_PLACEMENT_3D('',#11174,#8828,#8829);
#7512=AXIS2_PLACEMENT_3D('',#11178,#8832,#8833);
#7513=AXIS2_PLACEMENT_3D('',#11182,#8835,#8836);
#7514=AXIS2_PLACEMENT_3D('',#11186,#8838,#8839);
#7515=AXIS2_PLACEMENT_3D('',#11188,#8841,#8842);
#7516=AXIS2_PLACEMENT_3D('',#11192,#8845,#8846);
#7517=AXIS2_PLACEMENT_3D('',#11196,#8849,#8850);
#7518=AXIS2_PLACEMENT_3D('',#11200,#8853,#8854);
#7519=AXIS2_PLACEMENT_3D('',#11202,#8855,#8856);
#7520=AXIS2_PLACEMENT_3D('',#11204,#8858,#8859);
#7521=AXIS2_PLACEMENT_3D('',#11208,#8862,#8863);
#7522=AXIS2_PLACEMENT_3D('',#11209,#8864,#8865);
#7523=AXIS2_PLACEMENT_3D('',#11210,#8866,#8867);
#7524=AXIS2_PLACEMENT_3D('',#11212,#8868,#8869);
#7525=AXIS2_PLACEMENT_3D('',#11215,#8871,#8872);
#7526=AXIS2_PLACEMENT_3D('',#11216,#8873,#8874);
#7527=AXIS2_PLACEMENT_3D('',#11218,#8875,#8876);
#7528=AXIS2_PLACEMENT_3D('',#11219,#8877,#8878);
#7529=AXIS2_PLACEMENT_3D('',#11220,#8879,#8880);
#7530=AXIS2_PLACEMENT_3D('',#11222,#8881,#8882);
#7531=AXIS2_PLACEMENT_3D('',#11224,#8884,#8885);
#7532=AXIS2_PLACEMENT_3D('',#11226,#8886,#8887);
#7533=AXIS2_PLACEMENT_3D('',#11227,#8888,#8889);
#7534=AXIS2_PLACEMENT_3D('',#11228,#8890,#8891);
#7535=AXIS2_PLACEMENT_3D('',#11230,#8892,#8893);
#7536=AXIS2_PLACEMENT_3D('',#11232,#8895,#8896);
#7537=AXIS2_PLACEMENT_3D('',#11234,#8897,#8898);
#7538=AXIS2_PLACEMENT_3D('',#11235,#8899,#8900);
#7539=AXIS2_PLACEMENT_3D('',#11236,#8901,#8902);
#7540=AXIS2_PLACEMENT_3D('',#11238,#8903,#8904);
#7541=AXIS2_PLACEMENT_3D('',#11240,#8906,#8907);
#7542=AXIS2_PLACEMENT_3D('',#11241,#8908,#8909);
#7543=AXIS2_PLACEMENT_3D('',#11242,#8910,#8911);
#7544=AXIS2_PLACEMENT_3D('',#11245,#8914,#8915);
#7545=AXIS2_PLACEMENT_3D('',#11247,#8917,#8918);
#7546=AXIS2_PLACEMENT_3D('',#11249,#8920,#8921);
#7547=AXIS2_PLACEMENT_3D('',#11251,#8923,#8924);
#7548=AXIS2_PLACEMENT_3D('',#11254,#8925,#8926);
#7549=AXIS2_PLACEMENT_3D('',#11258,#8928,#8929);
#7550=AXIS2_PLACEMENT_3D('',#11260,#8931,#8932);
#7551=AXIS2_PLACEMENT_3D('',#11263,#8933,#8934);
#7552=AXIS2_PLACEMENT_3D('',#11264,#8935,#8936);
#7553=AXIS2_PLACEMENT_3D('',#11265,#8937,#8938);
#7554=AXIS2_PLACEMENT_3D('',#11266,#8939,#8940);
#7555=AXIS2_PLACEMENT_3D('',#11269,#8941,#8942);
#7556=AXIS2_PLACEMENT_3D('',#11272,#8945,#8946);
#7557=AXIS2_PLACEMENT_3D('',#11275,#8947,#8948);
#7558=AXIS2_PLACEMENT_3D('',#11276,#8949,#8950);
#7559=AXIS2_PLACEMENT_3D('',#11277,#8951,#8952);
#7560=AXIS2_PLACEMENT_3D('',#11278,#8953,#8954);
#7561=AXIS2_PLACEMENT_3D('',#11281,#8955,#8956);
#7562=AXIS2_PLACEMENT_3D('',#11284,#8959,#8960);
#7563=AXIS2_PLACEMENT_3D('',#11287,#8961,#8962);
#7564=AXIS2_PLACEMENT_3D('',#11288,#8963,#8964);
#7565=AXIS2_PLACEMENT_3D('',#11289,#8965,#8966);
#7566=AXIS2_PLACEMENT_3D('',#11290,#8967,#8968);
#7567=AXIS2_PLACEMENT_3D('',#11293,#8969,#8970);
#7568=AXIS2_PLACEMENT_3D('',#11296,#8973,#8974);
#7569=AXIS2_PLACEMENT_3D('',#11297,#8975,#8976);
#7570=AXIS2_PLACEMENT_3D('',#11298,#8977,#8978);
#7571=AXIS2_PLACEMENT_3D('',#11299,#8979,#8980);
#7572=AXIS2_PLACEMENT_3D('',#11303,#8982,#8983);
#7573=AXIS2_PLACEMENT_3D('',#11305,#8985,#8986);
#7574=AXIS2_PLACEMENT_3D('',#11309,#8989,#8990);
#7575=AXIS2_PLACEMENT_3D('',#11312,#8992,#8993);
#7576=AXIS2_PLACEMENT_3D('',#11313,#8994,#8995);
#7577=AXIS2_PLACEMENT_3D('',#11317,#8998,#8999);
#7578=AXIS2_PLACEMENT_3D('',#11328,#9005,#9006);
#7579=AXIS2_PLACEMENT_3D('',#11331,#9008,#9009);
#7580=AXIS2_PLACEMENT_3D('',#11332,#9010,#9011);
#7581=AXIS2_PLACEMENT_3D('',#11336,#9014,#9015);
#7582=AXIS2_PLACEMENT_3D('',#11339,#9017,#9018);
#7583=AXIS2_PLACEMENT_3D('',#11340,#9019,#9020);
#7584=AXIS2_PLACEMENT_3D('',#11342,#9022,#9023);
#7585=AXIS2_PLACEMENT_3D('',#11344,#9024,#9025);
#7586=AXIS2_PLACEMENT_3D('',#11346,#9026,#9027);
#7587=AXIS2_PLACEMENT_3D('',#11356,#9028,#9029);
#7588=AXIS2_PLACEMENT_3D('',#11360,#9031,#9032);
#7589=AXIS2_PLACEMENT_3D('',#11362,#9034,#9035);
#7590=AXIS2_PLACEMENT_3D('',#11368,#9038,#9039);
#7591=AXIS2_PLACEMENT_3D('',#11370,#9041,#9042);
#7592=AXIS2_PLACEMENT_3D('',#11384,#9043,#9044);
#7593=AXIS2_PLACEMENT_3D('',#11386,#9045,#9046);
#7594=AXIS2_PLACEMENT_3D('',#11388,#9047,#9048);
#7595=AXIS2_PLACEMENT_3D('',#11392,#9050,#9051);
#7596=AXIS2_PLACEMENT_3D('',#11394,#9053,#9054);
#7597=AXIS2_PLACEMENT_3D('',#11397,#9055,#9056);
#7598=AXIS2_PLACEMENT_3D('',#11399,#9057,#9058);
#7599=AXIS2_PLACEMENT_3D('',#11403,#9060,#9061);
#7600=AXIS2_PLACEMENT_3D('',#11407,#9063,#9064);
#7601=AXIS2_PLACEMENT_3D('',#11409,#9065,#9066);
#7602=AXIS2_PLACEMENT_3D('',#11413,#9067,#9068);
#7603=AXIS2_PLACEMENT_3D('',#11416,#9069,#9070);
#7604=AXIS2_PLACEMENT_3D('',#11420,#9072,#9073);
#7605=AXIS2_PLACEMENT_3D('',#11422,#9075,#9076);
#7606=AXIS2_PLACEMENT_3D('',#11428,#9080,#9081);
#7607=AXIS2_PLACEMENT_3D('',#11430,#9082,#9083);
#7608=AXIS2_PLACEMENT_3D('',#11433,#9085,#9086);
#7609=AXIS2_PLACEMENT_3D('',#11434,#9087,#9088);
#7610=AXIS2_PLACEMENT_3D('',#11440,#9092,#9093);
#7611=AXIS2_PLACEMENT_3D('',#11443,#9094,#9095);
#7612=AXIS2_PLACEMENT_3D('',#11447,#9097,#9098);
#7613=AXIS2_PLACEMENT_3D('',#11449,#9100,#9101);
#7614=AXIS2_PLACEMENT_3D('',#11455,#9105,#9106);
#7615=AXIS2_PLACEMENT_3D('',#11457,#9107,#9108);
#7616=AXIS2_PLACEMENT_3D('',#11460,#9110,#9111);
#7617=AXIS2_PLACEMENT_3D('',#11461,#9112,#9113);
#7618=AXIS2_PLACEMENT_3D('',#11464,#9116,#9117);
#7619=AXIS2_PLACEMENT_3D('',#11466,#9118,#9119);
#7620=AXIS2_PLACEMENT_3D('',#11469,#9121,#9122);
#7621=AXIS2_PLACEMENT_3D('',#11470,#9123,#9124);
#7622=AXIS2_PLACEMENT_3D('',#11473,#9127,#9128);
#7623=AXIS2_PLACEMENT_3D('',#11475,#9129,#9130);
#7624=AXIS2_PLACEMENT_3D('',#11478,#9132,#9133);
#7625=AXIS2_PLACEMENT_3D('',#11479,#9134,#9135);
#7626=AXIS2_PLACEMENT_3D('',#11480,#9136,#9137);
#7627=AXIS2_PLACEMENT_3D('',#11481,#9138,#9139);
#7628=AXIS2_PLACEMENT_3D('',#11482,#9140,#9141);
#7629=AXIS2_PLACEMENT_3D('',#11485,#9142,#9143);
#7630=AXIS2_PLACEMENT_3D('',#11486,#9144,#9145);
#7631=AXIS2_PLACEMENT_3D('',#11487,#9146,#9147);
#7632=AXIS2_PLACEMENT_3D('',#11488,#9148,#9149);
#7633=AXIS2_PLACEMENT_3D('',#11491,#9150,#9151);
#7634=AXIS2_PLACEMENT_3D('',#11494,#9154,#9155);
#7635=AXIS2_PLACEMENT_3D('',#11497,#9156,#9157);
#7636=AXIS2_PLACEMENT_3D('',#11498,#9158,#9159);
#7637=AXIS2_PLACEMENT_3D('',#11499,#9160,#9161);
#7638=AXIS2_PLACEMENT_3D('',#11500,#9162,#9163);
#7639=AXIS2_PLACEMENT_3D('',#11503,#9164,#9165);
#7640=AXIS2_PLACEMENT_3D('',#11506,#9168,#9169);
#7641=AXIS2_PLACEMENT_3D('',#11507,#9170,#9171);
#7642=AXIS2_PLACEMENT_3D('',#11508,#9172,#9173);
#7643=AXIS2_PLACEMENT_3D('',#11509,#9174,#9175);
#7644=AXIS2_PLACEMENT_3D('',#11512,#9177,#9178);
#7645=AXIS2_PLACEMENT_3D('',#11514,#9180,#9181);
#7646=AXIS2_PLACEMENT_3D('',#11518,#9184,#9185);
#7647=AXIS2_PLACEMENT_3D('',#11519,#9186,#9187);
#7648=AXIS2_PLACEMENT_3D('',#11520,#9188,#9189);
#7649=AXIS2_PLACEMENT_3D('',#11524,#9191,#9192);
#7650=AXIS2_PLACEMENT_3D('',#11528,#9194,#9195);
#7651=AXIS2_PLACEMENT_3D('',#11532,#9197,#9198);
#7652=AXIS2_PLACEMENT_3D('',#11534,#9200,#9201);
#7653=AXIS2_PLACEMENT_3D('',#11536,#9203,#9204);
#7654=AXIS2_PLACEMENT_3D('',#11538,#9206,#9207);
#7655=AXIS2_PLACEMENT_3D('',#11541,#9210,#9211);
#7656=AXIS2_PLACEMENT_3D('',#11543,#9213,#9214);
#7657=AXIS2_PLACEMENT_3D('',#11544,#9215,#9216);
#7658=AXIS2_PLACEMENT_3D('',#11545,#9217,#9218);
#7659=AXIS2_PLACEMENT_3D('',#11704,#9239,#9240);
#7660=AXIS2_PLACEMENT_3D('',#11727,#9245,#9246);
#7661=AXIS2_PLACEMENT_3D('',#11731,#9249,#9250);
#7662=AXIS2_PLACEMENT_3D('',#11752,#9254,#9255);
#7663=AXIS2_PLACEMENT_3D('',#11756,#9258,#9259);
#7664=AXIS2_PLACEMENT_3D('',#11817,#9265,#9266);
#7665=AXIS2_PLACEMENT_3D('',#11821,#9269,#9270);
#7666=AXIS2_PLACEMENT_3D('',#11825,#9273,#9274);
#7667=AXIS2_PLACEMENT_3D('',#11829,#9277,#9278);
#7668=AXIS2_PLACEMENT_3D('',#11833,#9281,#9282);
#7669=AXIS2_PLACEMENT_3D('',#11837,#9285,#9286);
#7670=AXIS2_PLACEMENT_3D('',#11841,#9289,#9290);
#7671=AXIS2_PLACEMENT_3D('',#11862,#9294,#9295);
#7672=AXIS2_PLACEMENT_3D('',#11866,#9298,#9299);
#7673=AXIS2_PLACEMENT_3D('',#11870,#9302,#9303);
#7674=AXIS2_PLACEMENT_3D('',#11928,#9309,#9310);
#7675=AXIS2_PLACEMENT_3D('',#11970,#9314,#9315);
#7676=AXIS2_PLACEMENT_3D('',#11974,#9318,#9319);
#7677=AXIS2_PLACEMENT_3D('',#11978,#9322,#9323);
#7678=AXIS2_PLACEMENT_3D('',#11982,#9326,#9327);
#7679=AXIS2_PLACEMENT_3D('',#12125,#9334,#9335);
#7680=AXIS2_PLACEMENT_3D('',#12126,#9336,#9337);
#7681=AXIS2_PLACEMENT_3D('',#12127,#9338,#9339);
#7682=AXIS2_PLACEMENT_3D('',#12128,#9340,#9341);
#7683=AXIS2_PLACEMENT_3D('',#12157,#9353,#9354);
#7684=AXIS2_PLACEMENT_3D('',#12163,#9358,#9359);
#7685=AXIS2_PLACEMENT_3D('',#12167,#9362,#9363);
#7686=AXIS2_PLACEMENT_3D('',#12171,#9366,#9367);
#7687=AXIS2_PLACEMENT_3D('',#12175,#9370,#9371);
#7688=AXIS2_PLACEMENT_3D('',#12179,#9374,#9375);
#7689=AXIS2_PLACEMENT_3D('',#12183,#9378,#9379);
#7690=AXIS2_PLACEMENT_3D('',#12204,#9383,#9384);
#7691=AXIS2_PLACEMENT_3D('',#12208,#9387,#9388);
#7692=AXIS2_PLACEMENT_3D('',#12212,#9391,#9392);
#7693=AXIS2_PLACEMENT_3D('',#12216,#9395,#9396);
#7694=AXIS2_PLACEMENT_3D('',#12218,#9398,#9399);
#7695=AXIS2_PLACEMENT_3D('',#12222,#9401,#9402);
#7696=AXIS2_PLACEMENT_3D('',#12224,#9404,#9405);
#7697=AXIS2_PLACEMENT_3D('',#12228,#9408,#9409);
#7698=AXIS2_PLACEMENT_3D('',#12230,#9411,#9412);
#7699=AXIS2_PLACEMENT_3D('',#12231,#9413,#9414);
#7700=AXIS2_PLACEMENT_3D('',#12232,#9415,#9416);
#7701=AXIS2_PLACEMENT_3D('',#12234,#9418,#9419);
#7702=AXIS2_PLACEMENT_3D('',#12236,#9421,#9422);
#7703=AXIS2_PLACEMENT_3D('',#12238,#9424,#9425);
#7704=AXIS2_PLACEMENT_3D('',#12244,#9429,#9430);
#7705=AXIS2_PLACEMENT_3D('',#12247,#9432,#9433);
#7706=AXIS2_PLACEMENT_3D('',#12251,#9436,#9437);
#7707=AXIS2_PLACEMENT_3D('',#12252,#9438,#9439);
#7708=AXIS2_PLACEMENT_3D('',#12253,#9440,#9441);
#7709=AXIS2_PLACEMENT_3D('',#12254,#9442,#9443);
#7710=AXIS2_PLACEMENT_3D('',#12255,#9444,#9445);
#7711=AXIS2_PLACEMENT_3D('',#12256,#9446,#9447);
#7712=AXIS2_PLACEMENT_3D('',#12257,#9448,#9449);
#7713=AXIS2_PLACEMENT_3D('',#12258,#9450,#9451);
#7714=AXIS2_PLACEMENT_3D('',#12261,#9453,#9454);
#7715=AXIS2_PLACEMENT_3D('',#12262,#9455,#9456);
#7716=AXIS2_PLACEMENT_3D('',#12281,#9458,#9459);
#7717=AXIS2_PLACEMENT_3D('',#12283,#9460,#9461);
#7718=AXIS2_PLACEMENT_3D('',#12285,#9462,#9463);
#7719=AXIS2_PLACEMENT_3D('',#12321,#9464,#9465);
#7720=AXIS2_PLACEMENT_3D('',#12338,#9466,#9467);
#7721=AXIS2_PLACEMENT_3D('',#12339,#9468,#9469);
#7722=AXIS2_PLACEMENT_3D('',#12370,#9470,#9471);
#7723=AXIS2_PLACEMENT_3D('',#12371,#9472,#9473);
#7724=AXIS2_PLACEMENT_3D('',#12372,#9474,#9475);
#7725=AXIS2_PLACEMENT_3D('',#12403,#9476,#9477);
#7726=AXIS2_PLACEMENT_3D('',#12404,#9478,#9479);
#7727=AXIS2_PLACEMENT_3D('',#12405,#9480,#9481);
#7728=AXIS2_PLACEMENT_3D('',#12406,#9482,#9483);
#7729=AXIS2_PLACEMENT_3D('',#12432,#9484,#9485);
#7730=AXIS2_PLACEMENT_3D('',#12433,#9486,#9487);
#7731=AXIS2_PLACEMENT_3D('',#12435,#9488,#9489);
#7732=AXIS2_PLACEMENT_3D('',#12454,#9492,#9493);
#7733=AXIS2_PLACEMENT_3D('',#12455,#9494,#9495);
#7734=AXIS2_PLACEMENT_3D('',#12456,#9496,#9497);
#7735=AXIS2_PLACEMENT_3D('',#12459,#9499,#9500);
#7736=AXIS2_PLACEMENT_3D('',#12460,#9501,#9502);
#7737=AXIS2_PLACEMENT_3D('',#12462,#9504,#9505);
#7738=AXIS2_PLACEMENT_3D('',#12463,#9506,#9507);
#7739=AXIS2_PLACEMENT_3D('',#12464,#9508,#9509);
#7740=AXIS2_PLACEMENT_3D('',#12465,#9510,#9511);
#7741=AXIS2_PLACEMENT_3D('',#12466,#9512,#9513);
#7742=AXIS2_PLACEMENT_3D('',#12467,#9514,#9515);
#7743=AXIS2_PLACEMENT_3D('',#12468,#9516,#9517);
#7744=AXIS2_PLACEMENT_3D('',#12471,#9519,#9520);
#7745=AXIS2_PLACEMENT_3D('',#12472,#9521,#9522);
#7746=AXIS2_PLACEMENT_3D('',#12476,#9525,#9526);
#7747=AXIS2_PLACEMENT_3D('',#12480,#9529,#9530);
#7748=AXIS2_PLACEMENT_3D('',#12492,#9537,#9538);
#7749=AXIS2_PLACEMENT_3D('',#12496,#9541,#9542);
#7750=AXIS2_PLACEMENT_3D('',#12512,#9551,#9552);
#7751=AXIS2_PLACEMENT_3D('',#12516,#9555,#9556);
#7752=AXIS2_PLACEMENT_3D('',#12518,#9558,#9559);
#7753=AXIS2_PLACEMENT_3D('',#12520,#9561,#9562);
#7754=AXIS2_PLACEMENT_3D('',#12524,#9565,#9566);
#7755=AXIS2_PLACEMENT_3D('',#12525,#9567,#9568);
#7756=AXIS2_PLACEMENT_3D('',#12526,#9569,#9570);
#7757=AXIS2_PLACEMENT_3D('',#12527,#9571,#9572);
#7758=AXIS2_PLACEMENT_3D('',#12536,#9577,#9578);
#7759=AXIS2_PLACEMENT_3D('',#12577,#9601,#9602);
#7760=AXIS2_PLACEMENT_3D('',#12586,#9607,#9608);
#7761=AXIS2_PLACEMENT_3D('',#12592,#9612,#9613);
#7762=AXIS2_PLACEMENT_3D('',#12596,#9616,#9617);
#7763=AXIS2_PLACEMENT_3D('',#12605,#9622,#9623);
#7764=AXIS2_PLACEMENT_3D('',#12608,#9626,#9627);
#7765=AXIS2_PLACEMENT_3D('',#12613,#9631,#9632);
#7766=AXIS2_PLACEMENT_3D('',#12614,#9633,#9634);
#7767=AXIS2_PLACEMENT_3D('',#12620,#9638,#9639);
#7768=AXIS2_PLACEMENT_3D('',#12626,#9643,#9644);
#7769=AXIS2_PLACEMENT_3D('',#12629,#9647,#9648);
#7770=AXIS2_PLACEMENT_3D('',#12630,#9649,#9650);
#7771=AXIS2_PLACEMENT_3D('',#12639,#9655,#9656);
#7772=AXIS2_PLACEMENT_3D('',#12645,#9660,#9661);
#7773=AXIS2_PLACEMENT_3D('',#12651,#9665,#9666);
#7774=AXIS2_PLACEMENT_3D('',#12654,#9669,#9670);
#7775=AXIS2_PLACEMENT_3D('',#12655,#9671,#9672);
#7776=AXIS2_PLACEMENT_3D('',#12661,#9676,#9677);
#7777=AXIS2_PLACEMENT_3D('',#12666,#9681,#9682);
#7778=AXIS2_PLACEMENT_3D('',#12668,#9684,#9685);
#7779=AXIS2_PLACEMENT_3D('',#12670,#9687,#9688);
#7780=AXIS2_PLACEMENT_3D('',#12678,#9693,#9694);
#7781=AXIS2_PLACEMENT_3D('',#12684,#9698,#9699);
#7782=AXIS2_PLACEMENT_3D('',#12688,#9703,#9704);
#7783=AXIS2_PLACEMENT_3D('',#12690,#9706,#9707);
#7784=AXIS2_PLACEMENT_3D('',#12696,#9711,#9712);
#7785=AXIS2_PLACEMENT_3D('',#12697,#9713,#9714);
#7786=AXIS2_PLACEMENT_3D('',#12701,#9717,#9718);
#7787=AXIS2_PLACEMENT_3D('',#12704,#9721,#9722);
#7788=AXIS2_PLACEMENT_3D('',#12706,#9724,#9725);
#7789=AXIS2_PLACEMENT_3D('',#12709,#9728,#9729);
#7790=AXIS2_PLACEMENT_3D('',#12710,#9730,#9731);
#7791=AXIS2_PLACEMENT_3D('',#12715,#9735,#9736);
#7792=AXIS2_PLACEMENT_3D('',#12719,#9739,#9740);
#7793=AXIS2_PLACEMENT_3D('',#12723,#9743,#9744);
#7794=AXIS2_PLACEMENT_3D('',#12725,#9746,#9747);
#7795=AXIS2_PLACEMENT_3D('',#12727,#9749,#9750);
#7796=AXIS2_PLACEMENT_3D('',#12729,#9752,#9753);
#7797=AXIS2_PLACEMENT_3D('',#12731,#9755,#9756);
#7798=AXIS2_PLACEMENT_3D('',#12733,#9758,#9759);
#7799=AXIS2_PLACEMENT_3D('',#12735,#9761,#9762);
#7800=AXIS2_PLACEMENT_3D('',#12736,#9763,#9764);
#7801=AXIS2_PLACEMENT_3D('',#12738,#9766,#9767);
#7802=AXIS2_PLACEMENT_3D('',#12740,#9769,#9770);
#7803=AXIS2_PLACEMENT_3D('',#12741,#9771,#9772);
#7804=AXIS2_PLACEMENT_3D('',#12743,#9774,#9775);
#7805=AXIS2_PLACEMENT_3D('',#12746,#9778,#9779);
#7806=AXIS2_PLACEMENT_3D('',#12747,#9780,#9781);
#7807=AXIS2_PLACEMENT_3D('',#12748,#9782,#9783);
#7808=AXIS2_PLACEMENT_3D('',#12749,#9784,#9785);
#7809=AXIS2_PLACEMENT_3D('',#12755,#9789,#9790);
#7810=AXIS2_PLACEMENT_3D('',#12759,#9793,#9794);
#7811=AXIS2_PLACEMENT_3D('',#12763,#9797,#9798);
#7812=AXIS2_PLACEMENT_3D('',#12765,#9800,#9801);
#7813=AXIS2_PLACEMENT_3D('',#12766,#9802,#9803);
#7814=AXIS2_PLACEMENT_3D('',#12768,#9804,#9805);
#7815=AXIS2_PLACEMENT_3D('',#12770,#9807,#9808);
#7816=AXIS2_PLACEMENT_3D('',#12772,#9809,#9810);
#7817=AXIS2_PLACEMENT_3D('',#12774,#9812,#9813);
#7818=AXIS2_PLACEMENT_3D('',#12775,#9814,#9815);
#7819=AXIS2_PLACEMENT_3D('',#12781,#9819,#9820);
#7820=AXIS2_PLACEMENT_3D('',#12785,#9823,#9824);
#7821=AXIS2_PLACEMENT_3D('',#12789,#9827,#9828);
#7822=AXIS2_PLACEMENT_3D('',#12791,#9830,#9831);
#7823=AXIS2_PLACEMENT_3D('',#12792,#9832,#9833);
#7824=DIRECTION('axis',(0.,0.,1.));
#7825=DIRECTION('refdir',(1.,0.,0.));
#7826=DIRECTION('axis',(0.,0.,1.));
#7827=DIRECTION('refdir',(1.,0.,0.));
#7828=DIRECTION('center_axis',(0.,0.,1.));
#7829=DIRECTION('ref_axis',(0.707106781186548,-0.707106781186548,0.));
#7830=DIRECTION('center_axis',(0.,0.,-1.));
#7831=DIRECTION('ref_axis',(0.707106781186548,-0.707106781186548,0.));
#7832=DIRECTION('',(0.,0.,-1.));
#7833=DIRECTION('center_axis',(0.,0.,1.));
#7834=DIRECTION('ref_axis',(0.707106781186548,-0.707106781186548,0.));
#7835=DIRECTION('',(0.,0.,1.));
#7836=DIRECTION('center_axis',(1.,0.,0.));
#7837=DIRECTION('ref_axis',(0.,0.,1.));
#7838=DIRECTION('',(0.,-1.,0.));
#7839=DIRECTION('',(0.,0.,-1.));
#7840=DIRECTION('',(0.,1.,0.));
#7841=DIRECTION('center_axis',(0.,0.,-1.));
#7842=DIRECTION('ref_axis',(1.,0.,0.));
#7843=DIRECTION('',(1.,0.,0.));
#7844=DIRECTION('',(0.,-1.,0.));
#7845=DIRECTION('',(-1.,0.,0.));
#7846=DIRECTION('center_axis',(0.,0.,1.));
#7847=DIRECTION('ref_axis',(0.707106781186542,0.707106781186553,-5.93420771785997E-15));
#7848=DIRECTION('',(0.,1.,0.));
#7849=DIRECTION('center_axis',(1.,0.,0.));
#7850=DIRECTION('ref_axis',(0.,-0.707106781186548,-0.707106781186548));
#7851=DIRECTION('center_axis',(-1.,0.,0.));
#7852=DIRECTION('ref_axis',(0.,-0.707106781186548,-0.707106781186548));
#7853=DIRECTION('',(-1.,0.,0.));
#7854=DIRECTION('center_axis',(1.,0.,0.));
#7855=DIRECTION('ref_axis',(0.,-0.707106781186548,-0.707106781186548));
#7856=DIRECTION('',(1.,0.,0.));
#7857=DIRECTION('center_axis',(0.,0.,-1.));
#7858=DIRECTION('ref_axis',(1.,0.,0.));
#7859=DIRECTION('',(0.,-1.,0.));
#7860=DIRECTION('',(-1.,0.,0.));
#7861=DIRECTION('',(0.,-1.,0.));
#7862=DIRECTION('center_axis',(-1.,0.,0.));
#7863=DIRECTION('ref_axis',(0.,0.,-1.));
#7864=DIRECTION('',(0.,0.,-1.));
#7865=DIRECTION('',(0.,1.,0.));
#7866=DIRECTION('',(0.,0.,1.));
#7867=DIRECTION('center_axis',(1.,0.,0.));
#7868=DIRECTION('ref_axis',(0.,0.707106781186541,-0.707106781186554));
#7869=DIRECTION('',(0.,1.,-9.11460676921367E-15));
#7870=DIRECTION('center_axis',(0.,0.,-1.));
#7871=DIRECTION('ref_axis',(-0.707106781186548,-0.707106781186548,0.));
#7872=DIRECTION('center_axis',(0.,0.,1.));
#7873=DIRECTION('ref_axis',(-0.707106781186548,-0.707106781186548,0.));
#7874=DIRECTION('',(0.,0.,1.));
#7875=DIRECTION('center_axis',(0.,0.,-1.));
#7876=DIRECTION('ref_axis',(-0.707106781186548,-0.707106781186548,0.));
#7877=DIRECTION('',(0.,0.,-1.));
#7878=DIRECTION('center_axis',(-1.,0.,0.));
#7879=DIRECTION('ref_axis',(0.,0.,-1.));
#7880=DIRECTION('',(0.,1.,0.));
#7881=DIRECTION('',(0.,0.,1.));
#7882=DIRECTION('',(0.,-1.,0.));
#7883=DIRECTION('center_axis',(0.,0.,1.));
#7884=DIRECTION('ref_axis',(-1.,0.,0.));
#7885=DIRECTION('',(-1.,0.,0.));
#7886=DIRECTION('',(0.,-1.,0.));
#7887=DIRECTION('',(1.,0.,0.));
#7888=DIRECTION('center_axis',(0.,0.,-1.));
#7889=DIRECTION('ref_axis',(-0.707106781186546,0.707106781186549,-5.93420771785994E-15));
#7890=DIRECTION('',(0.,1.,0.));
#7891=DIRECTION('center_axis',(-1.,0.,0.));
#7892=DIRECTION('ref_axis',(0.,-0.707106781186548,0.707106781186548));
#7893=DIRECTION('center_axis',(1.,0.,0.));
#7894=DIRECTION('ref_axis',(0.,-0.707106781186548,0.707106781186548));
#7895=DIRECTION('',(1.,0.,0.));
#7896=DIRECTION('center_axis',(-1.,0.,0.));
#7897=DIRECTION('ref_axis',(0.,-0.707106781186548,0.707106781186548));
#7898=DIRECTION('',(-1.,0.,0.));
#7899=DIRECTION('center_axis',(0.,-1.,0.));
#7900=DIRECTION('ref_axis',(0.,0.,-1.));
#7901=DIRECTION('',(0.,0.,-1.));
#7902=DIRECTION('',(1.,0.,0.));
#7903=DIRECTION('',(0.,0.,1.));
#7904=DIRECTION('center_axis',(-1.,0.,0.));
#7905=DIRECTION('ref_axis',(0.,0.,-1.));
#7906=DIRECTION('',(0.,-1.,0.));
#7907=DIRECTION('',(0.,-1.,6.99601540291004E-15));
#7908=DIRECTION('center_axis',(1.,0.,0.));
#7909=DIRECTION('ref_axis',(0.,0.707106781186554,0.70710678118654));
#7910=DIRECTION('',(0.,0.,1.));
#7911=DIRECTION('',(0.,1.,0.));
#7912=DIRECTION('center_axis',(0.,0.,-1.));
#7913=DIRECTION('ref_axis',(1.,0.,0.));
#7914=DIRECTION('',(0.,-1.,0.));
#7915=DIRECTION('center_axis',(0.,0.,1.));
#7916=DIRECTION('ref_axis',(-0.707106781186546,0.707106781186549,-5.93420771785994E-15));
#7917=DIRECTION('',(-1.,0.,0.));
#7918=DIRECTION('',(0.,-1.,0.));
#7919=DIRECTION('',(1.,0.,0.));
#7920=DIRECTION('center_axis',(0.,1.,0.));
#7921=DIRECTION('ref_axis',(0.,0.,1.));
#7922=DIRECTION('',(0.,-9.27687006821126E-15,-1.));
#7923=DIRECTION('',(0.,0.,-1.));
#7924=DIRECTION('center_axis',(1.,0.,0.));
#7925=DIRECTION('ref_axis',(0.,0.,1.));
#7926=DIRECTION('',(0.,0.,1.));
#7927=DIRECTION('center_axis',(0.,-1.,0.));
#7928=DIRECTION('ref_axis',(0.,0.,-1.));
#7929=DIRECTION('center_axis',(1.,0.,0.));
#7930=DIRECTION('ref_axis',(0.,0.,-1.));
#7931=DIRECTION('',(0.,9.27687006821126E-15,1.));
#7932=DIRECTION('center_axis',(1.,0.,0.));
#7933=DIRECTION('ref_axis',(0.,0.707106781186553,0.707106781186542));
#7934=DIRECTION('',(0.,-1.,6.99601540291004E-15));
#7935=DIRECTION('',(0.,0.,1.));
#7936=DIRECTION('center_axis',(0.,1.,0.));
#7937=DIRECTION('ref_axis',(0.,0.,1.));
#7938=DIRECTION('',(-1.,0.,0.));
#7939=DIRECTION('',(0.,0.,-1.));
#7940=DIRECTION('',(-1.,0.,0.));
#7941=DIRECTION('center_axis',(0.,0.,1.));
#7942=DIRECTION('ref_axis',(-1.,0.,0.));
#7943=DIRECTION('',(0.,-1.,0.));
#7944=DIRECTION('',(1.,0.,0.));
#7945=DIRECTION('center_axis',(1.,0.,0.));
#7946=DIRECTION('ref_axis',(0.,0.,1.));
#7947=DIRECTION('',(0.,-1.,0.));
#7948=DIRECTION('center_axis',(1.,0.,0.));
#7949=DIRECTION('ref_axis',(0.,0.707106781186553,0.707106781186542));
#7950=DIRECTION('',(0.,-1.,6.99601540291004E-15));
#7951=DIRECTION('center_axis',(0.,0.,-1.));
#7952=DIRECTION('ref_axis',(1.,0.,0.));
#7953=DIRECTION('center_axis',(0.,1.,0.));
#7954=DIRECTION('ref_axis',(0.,0.,1.));
#7955=DIRECTION('',(1.,0.,0.));
#7956=DIRECTION('',(1.,0.,0.));
#7957=DIRECTION('',(0.,0.,-1.));
#7958=DIRECTION('center_axis',(0.,0.,1.));
#7959=DIRECTION('ref_axis',(-1.,0.,0.));
#7960=DIRECTION('',(-1.,0.,0.));
#7961=DIRECTION('',(0.,-1.,0.));
#7962=DIRECTION('center_axis',(1.,0.,0.));
#7963=DIRECTION('ref_axis',(0.,0.,1.));
#7964=DIRECTION('',(0.,-1.,9.11460676921367E-15));
#7965=DIRECTION('center_axis',(-1.,0.,0.));
#7966=DIRECTION('ref_axis',(0.,0.707106781186541,-0.707106781186554));
#7967=DIRECTION('',(0.,0.,1.));
#7968=DIRECTION('center_axis',(0.,-1.,0.));
#7969=DIRECTION('ref_axis',(0.,0.,-1.));
#7970=DIRECTION('center_axis',(1.,0.,0.));
#7971=DIRECTION('ref_axis',(0.,0.707106781186541,-0.707106781186554));
#7972=DIRECTION('',(-1.,0.,0.));
#7973=DIRECTION('center_axis',(1.,0.,0.));
#7974=DIRECTION('ref_axis',(0.,0.707106781186541,-0.707106781186554));
#7975=DIRECTION('',(1.,0.,0.));
#7976=DIRECTION('center_axis',(-1.,0.,0.));
#7977=DIRECTION('ref_axis',(0.,0.707106781186541,-0.707106781186554));
#7978=DIRECTION('',(-1.,0.,0.));
#7979=DIRECTION('center_axis',(0.,-9.11460676921367E-15,-1.));
#7980=DIRECTION('ref_axis',(0.,1.,-9.11460676921367E-15));
#7981=DIRECTION('',(-1.,0.,0.));
#7982=DIRECTION('',(0.,1.,-9.11460676921367E-15));
#7983=DIRECTION('center_axis',(0.,1.,0.));
#7984=DIRECTION('ref_axis',(0.,0.,1.));
#7985=DIRECTION('',(0.,9.27687006821126E-15,1.));
#7986=DIRECTION('',(0.,0.,1.));
#7987=DIRECTION('',(1.,0.,0.));
#7988=DIRECTION('center_axis',(-1.,0.,0.));
#7989=DIRECTION('ref_axis',(0.,0.,-1.));
#7990=DIRECTION('',(0.,0.,-1.));
#7991=DIRECTION('',(0.,-1.,0.));
#7992=DIRECTION('center_axis',(0.,0.,1.));
#7993=DIRECTION('ref_axis',(-1.,0.,0.));
#7994=DIRECTION('',(0.,-1.,0.));
#7995=DIRECTION('center_axis',(0.,0.,-1.));
#7996=DIRECTION('ref_axis',(0.707106781186542,0.707106781186553,-5.93420771785997E-15));
#7997=DIRECTION('',(-1.,0.,0.));
#7998=DIRECTION('center_axis',(0.,-1.,0.));
#7999=DIRECTION('ref_axis',(0.,0.,-1.));
#8000=DIRECTION('center_axis',(1.,0.,0.));
#8001=DIRECTION('ref_axis',(0.,0.,-1.));
#8002=DIRECTION('',(0.,-9.27687006821126E-15,-1.));
#8003=DIRECTION('',(0.,-1.,9.11460676921367E-15));
#8004=DIRECTION('',(0.,0.,-1.));
#8005=DIRECTION('center_axis',(1.,0.,0.));
#8006=DIRECTION('ref_axis',(0.,0.,-1.));
#8007=DIRECTION('',(0.,0.,-1.));
#8008=DIRECTION('',(0.,1.,-6.99601540291004E-15));
#8009=DIRECTION('center_axis',(-1.,0.,0.));
#8010=DIRECTION('ref_axis',(0.,0.707106781186553,0.707106781186542));
#8011=DIRECTION('',(0.,-9.27687006821126E-15,-1.));
#8012=DIRECTION('center_axis',(0.,9.27687006821126E-15,1.));
#8013=DIRECTION('ref_axis',(-0.707106781186548,0.707106781186548,-4.12097758184718E-15));
#8014=DIRECTION('center_axis',(0.,1.16558847729678E-14,1.));
#8015=DIRECTION('ref_axis',(0.,1.,-1.16558847729678E-14));
#8016=DIRECTION('',(0.,9.27687006821126E-15,1.));
#8017=DIRECTION('center_axis',(0.,-5.82794238648389E-15,-1.));
#8018=DIRECTION('ref_axis',(-1.,0.,0.));
#8019=DIRECTION('',(0.,-9.27687006821126E-15,-1.));
#8020=DIRECTION('center_axis',(0.,-1.,9.27687006821126E-15));
#8021=DIRECTION('ref_axis',(0.,-5.55111512312552E-15,-1.));
#8022=DIRECTION('center_axis',(1.,0.,0.));
#8023=DIRECTION('ref_axis',(0.,-2.3311769545935E-14,-1.));
#8024=DIRECTION('center_axis',(0.,1.,-9.27687006821126E-15));
#8025=DIRECTION('ref_axis',(0.707106781186557,6.55973773341861E-15,0.707106781186538));
#8026=DIRECTION('center_axis',(0.,-1.,9.27687006821126E-15));
#8027=DIRECTION('ref_axis',(0.707106781186557,6.55643518479371E-15,0.707106781186538));
#8028=DIRECTION('center_axis',(-1.,-6.75536039590247E-30,-7.28193921681715E-16));
#8029=DIRECTION('ref_axis',(0.,0.707106781186543,-0.707106781186552));
#8030=DIRECTION('center_axis',(1.,0.,0.));
#8031=DIRECTION('ref_axis',(0.,0.,-1.));
#8032=DIRECTION('',(1.,6.75536039590247E-30,7.28193921681715E-16));
#8033=DIRECTION('',(-1.,-6.75536039590247E-30,-7.28193921681715E-16));
#8034=DIRECTION('center_axis',(0.,-1.,9.27687006821126E-15));
#8035=DIRECTION('ref_axis',(0.,-5.55111512312572E-15,-1.));
#8036=DIRECTION('center_axis',(1.74838271594513E-14,1.16558847729678E-14,
1.));
#8037=DIRECTION('ref_axis',(1.,0.,-1.74838271594513E-14));
#8038=DIRECTION('center_axis',(0.,1.,-9.27687006821126E-15));
#8039=DIRECTION('ref_axis',(-0.707106781186546,6.5597377334187E-15,0.707106781186549));
#8040=DIRECTION('center_axis',(0.,-1.,9.27687006821126E-15));
#8041=DIRECTION('ref_axis',(-0.707106781186546,6.55643518479413E-15,0.707106781186549));
#8042=DIRECTION('center_axis',(0.,-9.27687006821126E-15,-1.));
#8043=DIRECTION('ref_axis',(0.707106781186548,0.707106781186548,-8.24195516369435E-15));
#8044=DIRECTION('center_axis',(0.,1.16558847729678E-14,1.));
#8045=DIRECTION('ref_axis',(1.,0.,0.));
#8046=DIRECTION('',(0.,9.27687006821126E-15,1.));
#8047=DIRECTION('',(0.,-9.27687006821126E-15,-1.));
#8048=DIRECTION('center_axis',(0.,-1.,9.27687006821126E-15));
#8049=DIRECTION('ref_axis',(0.,-5.55111512312572E-15,-1.));
#8050=DIRECTION('center_axis',(-1.,5.43438599362784E-28,4.66235390918701E-14));
#8051=DIRECTION('ref_axis',(4.66235390918701E-14,2.3311769545935E-14,1.));
#8052=DIRECTION('center_axis',(0.,1.,-9.27687006821126E-15));
#8053=DIRECTION('ref_axis',(-0.707106781186544,-6.55973773341873E-15,-0.707106781186551));
#8054=DIRECTION('center_axis',(0.,-1.,9.27687006821126E-15));
#8055=DIRECTION('ref_axis',(-0.707106781186544,-6.55643518479411E-15,-0.707106781186551));
#8056=DIRECTION('center_axis',(1.,0.,0.));
#8057=DIRECTION('ref_axis',(0.,0.707106781186548,0.707106781186548));
#8058=DIRECTION('center_axis',(-1.,0.,0.));
#8059=DIRECTION('ref_axis',(0.,0.,1.));
#8060=DIRECTION('',(-1.,0.,0.));
#8061=DIRECTION('',(1.,0.,0.));
#8062=DIRECTION('center_axis',(0.,-1.,9.27687006821126E-15));
#8063=DIRECTION('ref_axis',(0.,-5.55111512312588E-15,-1.));
#8064=DIRECTION('center_axis',(0.,1.,-9.27687006821126E-15));
#8065=DIRECTION('ref_axis',(0.707106781186552,-6.55973773341865E-15,-0.707106781186543));
#8066=DIRECTION('center_axis',(0.,-1.,9.27687006821126E-15));
#8067=DIRECTION('ref_axis',(0.707106781186552,-6.55643518479445E-15,-0.707106781186543));
#8068=DIRECTION('center_axis',(0.,1.,-9.36215644415062E-15));
#8069=DIRECTION('ref_axis',(-1.39870617275608E-14,9.36215644415062E-15,
1.));
#8070=DIRECTION('',(0.,1.,-9.36215644415062E-15));
#8071=DIRECTION('center_axis',(0.,1.,-9.27687006821126E-15));
#8072=DIRECTION('ref_axis',(-1.39870617275608E-14,9.36215644415062E-15,
1.));
#8073=DIRECTION('',(0.,1.,-9.36215644415062E-15));
#8074=DIRECTION('center_axis',(-7.28193921681715E-16,9.36215644415062E-15,
1.));
#8075=DIRECTION('ref_axis',(1.,6.75536039590247E-30,7.28193921681715E-16));
#8076=DIRECTION('',(0.,1.,-9.36215644415062E-15));
#8077=DIRECTION('',(1.,6.75536039590247E-30,7.28193921681715E-16));
#8078=DIRECTION('center_axis',(0.,1.,-9.36215644415062E-15));
#8079=DIRECTION('ref_axis',(1.,3.60109915240372E-28,3.84644197507899E-14));
#8080=DIRECTION('',(0.,1.,-9.36215644415062E-15));
#8081=DIRECTION('center_axis',(0.,1.,-9.27687006821126E-15));
#8082=DIRECTION('ref_axis',(1.,3.60109915240372E-28,3.84644197507899E-14));
#8083=DIRECTION('center_axis',(1.,0.,0.));
#8084=DIRECTION('ref_axis',(0.,-9.27687006821126E-15,-1.));
#8085=DIRECTION('',(0.,1.,-9.36215644415062E-15));
#8086=DIRECTION('',(0.,-9.27687006821126E-15,-1.));
#8087=DIRECTION('center_axis',(0.,1.,-9.27687006821126E-15));
#8088=DIRECTION('ref_axis',(0.,9.27687006821126E-15,1.));
#8089=DIRECTION('',(0.,9.27687006821126E-15,1.));
#8090=DIRECTION('',(1.,0.,0.));
#8091=DIRECTION('',(0.,-9.27687006821126E-15,-1.));
#8092=DIRECTION('',(-1.,0.,0.));
#8093=DIRECTION('center_axis',(1.,0.,0.));
#8094=DIRECTION('ref_axis',(0.,-1.,0.));
#8095=DIRECTION('',(0.,1.,-6.66133814775094E-16));
#8096=DIRECTION('',(0.,0.,-1.));
#8097=DIRECTION('',(0.,-1.,6.66133814775094E-16));
#8098=DIRECTION('',(0.,0.,-1.));
#8099=DIRECTION('center_axis',(0.,1.,0.));
#8100=DIRECTION('ref_axis',(1.,0.,2.51407697573733E-32));
#8101=DIRECTION('',(-1.,0.,4.44089209850063E-16));
#8102=DIRECTION('',(1.,0.,-4.44089209850063E-16));
#8103=DIRECTION('',(0.,0.,-1.));
#8104=DIRECTION('center_axis',(-1.,0.,0.));
#8105=DIRECTION('ref_axis',(0.,1.,-2.70759164073051E-32));
#8106=DIRECTION('',(0.,-1.,6.66133814775094E-16));
#8107=DIRECTION('',(0.,1.,-6.66133814775094E-16));
#8108=DIRECTION('',(0.,0.,-1.));
#8109=DIRECTION('center_axis',(0.,-1.,0.));
#8110=DIRECTION('ref_axis',(-1.,0.,0.));
#8111=DIRECTION('',(1.,0.,-4.44089209850063E-16));
#8112=DIRECTION('',(0.,0.,-1.));
#8113=DIRECTION('',(-1.,0.,4.44089209850063E-16));
#8114=DIRECTION('center_axis',(-4.44089209850063E-16,-6.66133814775094E-16,
-1.));
#8115=DIRECTION('ref_axis',(0.11951442718553,0.992832464061543,-7.14434344252376E-16));
#8116=DIRECTION('',(0.999998498541999,-0.0017328917300683,-4.42934205290023E-16));
#8117=DIRECTION('',(-0.00173289173006487,-0.999998498541999,6.66902373122308E-16));
#8118=DIRECTION('',(-0.999998498541999,0.00173289173006827,4.42934205290023E-16));
#8119=DIRECTION('',(0.00173289173007529,0.999998498541999,-6.66902373122312E-16));
#8120=DIRECTION('',(0.999998498541999,-0.0017328917300683,-4.42934205290023E-16));
#8121=DIRECTION('center_axis',(4.44089209850063E-16,6.66133814775094E-16,
1.));
#8122=DIRECTION('ref_axis',(0.999998498541999,-0.00173289173006832,-4.42934205290022E-16));
#8123=DIRECTION('',(0.00173289173006824,0.999998498541999,-6.66902373122309E-16));
#8124=DIRECTION('',(0.999998498541999,-0.001732891730064,-4.42934205290025E-16));
#8125=DIRECTION('',(-0.00173289173006833,-0.999998498541999,6.66902373122309E-16));
#8126=DIRECTION('',(-0.00173289173006833,-0.999998498541999,6.66902373122309E-16));
#8127=DIRECTION('',(-0.999998498541999,0.00173289173007245,4.4293420529002E-16));
#8128=DIRECTION('',(0.00173289173006835,0.999998498541999,-6.66902373122309E-16));
#8129=DIRECTION('',(0.999998498541999,-0.00173289173007266,-4.4293420529002E-16));
#8130=DIRECTION('',(-0.00173289173006833,-0.999998498541999,6.66902373122309E-16));
#8131=DIRECTION('center_axis',(-4.44089209850063E-16,-6.66133814775094E-16,
-1.));
#8132=DIRECTION('ref_axis',(0.00173289173006922,0.999998498541999,-6.6690237312231E-16));
#8133=DIRECTION('center_axis',(4.44089209850063E-16,6.66133814775094E-16,
1.));
#8134=DIRECTION('ref_axis',(0.707106781186542,0.707106781186553,-5.93420771785997E-15));
#8135=DIRECTION('center_axis',(4.44089209850063E-16,6.66133814775094E-16,
1.));
#8136=DIRECTION('ref_axis',(0.74829259558874,0.663368820029301,-7.74201070200627E-16));
#8137=DIRECTION('',(-0.999999930858711,0.000371863649791627,4.4384146819355E-16));
#8138=DIRECTION('center_axis',(-4.44089209850063E-16,-6.66133814775094E-16,
-1.));
#8139=DIRECTION('ref_axis',(-0.999998498541999,0.00173289173006786,4.42934205290023E-16));
#8140=DIRECTION('',(0.00785390088871134,-0.99996915764479,6.62625436999452E-16));
#8141=DIRECTION('',(0.999998498541999,-0.00173289173006475,-4.42934205290025E-16));
#8142=DIRECTION('',(-0.00173289173006841,-0.999998498541999,6.66902373122309E-16));
#8143=DIRECTION('center_axis',(4.44089209850063E-16,6.66133814775094E-16,
1.));
#8144=DIRECTION('ref_axis',(-0.00173289173006832,-0.999998498541999,6.66902373122309E-16));
#8145=DIRECTION('',(0.999998498541999,-0.0017328917300683,-4.42934205290023E-16));
#8146=DIRECTION('center_axis',(-4.44089209850063E-16,-6.66133814775094E-16,
-1.));
#8147=DIRECTION('ref_axis',(0.11951442718553,0.992832464061543,-7.14434344252376E-16));
#8148=DIRECTION('',(0.999998498541999,-0.0017328917300683,-4.42934205290023E-16));
#8149=DIRECTION('center_axis',(4.44089209850063E-16,6.66133814775094E-16,
1.));
#8150=DIRECTION('ref_axis',(-0.00173289173006832,-0.999998498541999,6.66902373122309E-16));
#8151=DIRECTION('',(-0.00173289173006669,-0.999998498541999,6.66902373122309E-16));
#8152=DIRECTION('',(0.999998498541999,-0.00173289173006475,-4.42934205290025E-16));
#8153=DIRECTION('',(-0.00785390088871134,0.99996915764479,-6.62625436999452E-16));
#8154=DIRECTION('center_axis',(-4.44089209850063E-16,-6.66133814775094E-16,
-1.));
#8155=DIRECTION('ref_axis',(-0.999998498541999,0.00173289173006786,4.42934205290023E-16));
#8156=DIRECTION('center_axis',(-4.44089209850063E-16,-6.66133814775094E-16,
-1.));
#8157=DIRECTION('ref_axis',(-0.999999930858711,0.000371863649791617,4.41043106123286E-16));
#8158=DIRECTION('',(0.999999930858711,-0.000371863649791627,-4.4384146819355E-16));
#8159=DIRECTION('center_axis',(-4.44089209850063E-16,-6.66133814775094E-16,
-1.));
#8160=DIRECTION('ref_axis',(0.74829259558874,0.663368820029301,-7.74201070200627E-16));
#8161=DIRECTION('center_axis',(-4.44089209850063E-16,-6.66133814775094E-16,
-1.));
#8162=DIRECTION('ref_axis',(0.707106781186542,0.707106781186553,-5.93420771785997E-15));
#8163=DIRECTION('center_axis',(-4.44089209850063E-16,-6.66133814775094E-16,
-1.));
#8164=DIRECTION('ref_axis',(0.00173289173006922,0.999998498541999,-6.6690237312231E-16));
#8165=DIRECTION('',(-0.00173289173006833,-0.999998498541999,6.66902373122309E-16));
#8166=DIRECTION('',(-0.00173289173006884,-0.999998498541999,6.6690237312231E-16));
#8167=DIRECTION('',(0.999998498541999,-0.00173289173007245,-4.4293420529002E-16));
#8168=DIRECTION('',(0.00173289173006824,0.999998498541999,-6.66902373122309E-16));
#8169=DIRECTION('',(-0.999998498541999,0.00173289173007123,4.42934205290021E-16));
#8170=DIRECTION('',(-0.0017328917300682,-0.999998498541999,6.66902373122309E-16));
#8171=DIRECTION('',(0.999998498541999,-0.001732891730064,-4.42934205290025E-16));
#8172=DIRECTION('',(0.00173289173006824,0.999998498541999,-6.66902373122309E-16));
#8173=DIRECTION('center_axis',(4.44089209850063E-16,6.66133814775094E-16,
1.));
#8174=DIRECTION('ref_axis',(0.999998498541999,-0.00173289173006832,-4.42934205290022E-16));
#8175=DIRECTION('',(0.999998498541999,-0.0017328917300683,-4.42934205290023E-16));
#8176=DIRECTION('',(0.00173289173007529,0.999998498541999,-6.66902373122312E-16));
#8177=DIRECTION('',(-0.999998498541999,0.00173289173006827,4.42934205290023E-16));
#8178=DIRECTION('',(-0.00173289173006487,-0.999998498541999,6.66902373122308E-16));
#8179=DIRECTION('',(0.999998498541999,-0.0017328917300683,-4.42934205290023E-16));
#8180=DIRECTION('center_axis',(0.999998498541999,-0.00173289173006827,1.57946266931946E-17));
#8181=DIRECTION('ref_axis',(-0.00122533949337804,-0.707105719495419,-0.707106781186541));
#8182=DIRECTION('center_axis',(0.999998498541999,-0.00173289173007529,-4.42934205290018E-16));
#8183=DIRECTION('ref_axis',(-0.00122533949337804,-0.707105719495419,-0.707106781186541));
#8184=DIRECTION('',(0.999998498541999,-0.00173289173006827,1.57946266931946E-17));
#8185=DIRECTION('center_axis',(-0.999998498541999,0.00173289173018646,-2.01983863310819E-17));
#8186=DIRECTION('ref_axis',(0.,-1.16558847729676E-14,-1.));
#8187=DIRECTION('',(-0.999998498541999,0.00173289173006827,-1.57946266931946E-17));
#8188=DIRECTION('center_axis',(0.,9.11460676921367E-15,1.));
#8189=DIRECTION('ref_axis',(1.,0.,0.));
#8190=DIRECTION('center_axis',(-0.907215979626495,-0.420665147487094,9.80644897422601E-15));
#8191=DIRECTION('ref_axis',(0.,-2.33117695459353E-14,-1.));
#8192=DIRECTION('center_axis',(0.,-9.11460676921367E-15,-1.));
#8193=DIRECTION('ref_axis',(0.180960865837162,-0.983490297377389,8.9604614192188E-15));
#8194=DIRECTION('center_axis',(0.,9.11460676921367E-15,1.));
#8195=DIRECTION('ref_axis',(0.180960865837162,-0.983490297377389,8.96412732193192E-15));
#8196=DIRECTION('center_axis',(-0.001732889501708,-0.999997212622886,-0.0016036958672377));
#8197=DIRECTION('ref_axis',(0.679218411581576,0.,-0.733936202519402));
#8198=DIRECTION('center_axis',(0.001732891730064,0.999998498541999,-6.66902373122307E-16));
#8199=DIRECTION('ref_axis',(0.999998498541999,-0.001732891730064,-4.42934205290025E-16));
#8200=DIRECTION('center_axis',(0.001732891730064,0.999998498541999,-6.66902373122307E-16));
#8201=DIRECTION('ref_axis',(0.999998498541999,-0.001732891730064,-6.99352036328764E-15));
#8202=DIRECTION('',(-4.44089209850063E-16,-6.66133814775094E-16,-1.));
#8203=DIRECTION('',(-4.44089209850063E-16,-6.66133814775094E-16,-1.));
#8204=DIRECTION('center_axis',(0.,1.,-9.11460676921367E-15));
#8205=DIRECTION('ref_axis',(0.707106781186543,-5.93420771785998E-15,-0.707106781186552));
#8206=DIRECTION('',(0.,1.,-9.11460676921367E-15));
#8207=DIRECTION('',(-0.00173289165883766,-0.999998457417831,-0.000286789919787193));
#8208=DIRECTION('center_axis',(0.,-9.11460676921367E-15,-1.));
#8209=DIRECTION('ref_axis',(0.,1.,-9.11460676921367E-15));
#8210=DIRECTION('',(-0.00173289173007529,-0.999998498541999,9.11459308401441E-15));
#8211=DIRECTION('',(-0.999998498541999,0.0017328917300683,-1.57946266931949E-17));
#8212=DIRECTION('center_axis',(0.,-9.11460676921367E-15,-1.));
#8213=DIRECTION('ref_axis',(0.999998498541999,-0.00173289173006832,-4.42934205290022E-16));
#8214=DIRECTION('center_axis',(0.,9.11460676921367E-15,1.));
#8215=DIRECTION('ref_axis',(1.,0.,0.));
#8216=DIRECTION('center_axis',(0.48884447794417,-0.872370951134603,1.01682552857086E-14));
#8217=DIRECTION('ref_axis',(-0.872370951134603,-0.48884447794417,1.01988991763473E-14));
#8218=DIRECTION('center_axis',(0.,9.11460676921367E-15,1.));
#8219=DIRECTION('ref_axis',(-0.506294371113307,-0.862360719060755,7.86007884745512E-15));
#8220=DIRECTION('center_axis',(-0.999998498541999,0.00173289173004669,-2.01983863294518E-17));
#8221=DIRECTION('ref_axis',(0.,-1.16558847729671E-14,-1.));
#8222=DIRECTION('center_axis',(0.,-9.11460676921367E-15,-1.));
#8223=DIRECTION('ref_axis',(-0.506294371113307,-0.862360719060754,7.86772222175307E-15));
#8224=DIRECTION('center_axis',(0.999998498541999,-0.00173289173006827,1.57946266931946E-17));
#8225=DIRECTION('ref_axis',(-0.00122533949337804,-0.707105719495419,-0.707106781186541));
#8226=DIRECTION('center_axis',(-0.999998498541999,0.00173289173006487,4.42934205290025E-16));
#8227=DIRECTION('ref_axis',(-0.00122533949337804,-0.707105719495419,-0.707106781186541));
#8228=DIRECTION('',(-0.999998498541999,0.00173289173006827,-1.57946266931946E-17));
#8229=DIRECTION('',(0.999998498541999,-0.00173289173006827,1.57946266931946E-17));
#8230=DIRECTION('center_axis',(0.99996915764479,0.00785390088871134,-5.21805220270753E-18));
#8231=DIRECTION('ref_axis',(-0.00785390088871134,0.99996915764479,-9.1143256532741E-15));
#8232=DIRECTION('center_axis',(0.,-9.11460676921367E-15,-1.));
#8233=DIRECTION('ref_axis',(-0.872370951134348,-0.488844477944624,4.37095678986278E-15));
#8234=DIRECTION('center_axis',(0.,-9.11460676921367E-15,-1.));
#8235=DIRECTION('ref_axis',(0.,1.,-9.11460676921367E-15));
#8236=DIRECTION('',(0.00785390088871134,-0.99996915764479,9.1143256532741E-15));
#8237=DIRECTION('',(-0.999998498541999,0.00173289173006475,-1.57946266931625E-17));
#8238=DIRECTION('',(0.00173289173006669,0.999998498541999,-9.11459308401441E-15));
#8239=DIRECTION('center_axis',(0.,-9.11460676921367E-15,-1.));
#8240=DIRECTION('ref_axis',(-0.00173289173006832,-0.999998498541999,6.66902373122309E-16));
#8241=DIRECTION('',(-0.999998498541999,0.0017328917300683,-1.57946266931949E-17));
#8242=DIRECTION('',(0.00173289173006487,0.999998498541999,-9.11459308401441E-15));
#8243=DIRECTION('center_axis',(0.99996915764479,0.00785390088871134,-5.21805220270753E-18));
#8244=DIRECTION('ref_axis',(-5.24544571701804E-18,3.46728750417559E-18,
-1.));
#8245=DIRECTION('',(-4.44089209850063E-16,-6.66133814775094E-16,-1.));
#8246=DIRECTION('',(0.00785390088871134,-0.99996915764479,6.62625436999452E-16));
#8247=DIRECTION('',(-1.97416801314648E-20,6.66903408659961E-16,1.));
#8248=DIRECTION('',(4.44089209850063E-16,6.66133814775094E-16,1.));
#8249=DIRECTION('',(-1.97416801314648E-20,6.66903408659961E-16,1.));
#8250=DIRECTION('center_axis',(-4.44089209850063E-16,-6.66133814775094E-16,
-1.));
#8251=DIRECTION('ref_axis',(-0.00173289173006475,-0.999998498541999,6.66902373122308E-16));
#8252=DIRECTION('',(-4.44089209850063E-16,-6.66133814775094E-16,-1.));
#8253=DIRECTION('center_axis',(-4.44089209850063E-16,-6.66133814775094E-16,
-1.));
#8254=DIRECTION('ref_axis',(-0.00173289173006475,-0.999998498541999,6.66902373122308E-16));
#8255=DIRECTION('center_axis',(0.,9.27687006821126E-15,1.));
#8256=DIRECTION('ref_axis',(0.707106781186542,0.707106781186553,-5.93420771785997E-15));
#8257=DIRECTION('center_axis',(0.,-1.11896493820489E-14,-1.));
#8258=DIRECTION('ref_axis',(0.,1.,-1.11896493820489E-14));
#8259=DIRECTION('',(0.,9.27687006821126E-15,1.));
#8260=DIRECTION('center_axis',(0.,9.0915901229147E-15,1.));
#8261=DIRECTION('ref_axis',(1.,0.,0.));
#8262=DIRECTION('',(0.,-9.27687006821126E-15,-1.));
#8263=DIRECTION('',(0.,9.27687006821126E-15,1.));
#8264=DIRECTION('center_axis',(0.,0.,1.));
#8265=DIRECTION('ref_axis',(0.707106781186567,-0.707106781186528,0.));
#8266=DIRECTION('center_axis',(3.49676543189038E-15,0.,1.));
#8267=DIRECTION('ref_axis',(0.,-1.,0.));
#8268=DIRECTION('',(0.,0.,1.));
#8269=DIRECTION('center_axis',(0.,0.,-1.));
#8270=DIRECTION('ref_axis',(1.,0.,0.));
#8271=DIRECTION('',(0.,0.,-1.));
#8272=DIRECTION('center_axis',(0.,-1.,0.));
#8273=DIRECTION('ref_axis',(0.,0.,-1.));
#8274=DIRECTION('center_axis',(1.,0.,0.));
#8275=DIRECTION('ref_axis',(0.,0.,1.));
#8276=DIRECTION('center_axis',(0.,1.,0.));
#8277=DIRECTION('ref_axis',(0.707106781186543,0.,0.707106781186552));
#8278=DIRECTION('center_axis',(0.,-1.,0.));
#8279=DIRECTION('ref_axis',(0.707106781186543,0.,0.707106781186552));
#8280=DIRECTION('center_axis',(-1.,0.,0.));
#8281=DIRECTION('ref_axis',(0.,-0.707106781186567,0.707106781186528));
#8282=DIRECTION('center_axis',(1.,0.,0.));
#8283=DIRECTION('ref_axis',(0.,0.,1.));
#8284=DIRECTION('',(1.,0.,0.));
#8285=DIRECTION('',(-1.,0.,0.));
#8286=DIRECTION('center_axis',(0.,-1.,0.));
#8287=DIRECTION('ref_axis',(0.,0.,-1.));
#8288=DIRECTION('center_axis',(0.,0.,1.));
#8289=DIRECTION('ref_axis',(-1.,0.,0.));
#8290=DIRECTION('center_axis',(0.,1.,0.));
#8291=DIRECTION('ref_axis',(-0.707106781186546,0.,0.707106781186549));
#8292=DIRECTION('center_axis',(0.,-1.,0.));
#8293=DIRECTION('ref_axis',(-0.707106781186546,0.,0.707106781186549));
#8294=DIRECTION('center_axis',(0.,0.,-1.));
#8295=DIRECTION('ref_axis',(-0.707106781186528,-0.707106781186567,0.));
#8296=DIRECTION('center_axis',(-3.49676543189019E-15,0.,1.));
#8297=DIRECTION('ref_axis',(-1.,0.,-3.49676543189019E-15));
#8298=DIRECTION('',(0.,0.,1.));
#8299=DIRECTION('',(0.,0.,-1.));
#8300=DIRECTION('center_axis',(0.,-1.,0.));
#8301=DIRECTION('ref_axis',(0.,0.,-1.));
#8302=DIRECTION('center_axis',(-1.,0.,0.));
#8303=DIRECTION('ref_axis',(0.,0.,-1.));
#8304=DIRECTION('center_axis',(0.,1.,0.));
#8305=DIRECTION('ref_axis',(-0.707106781186547,0.,-0.707106781186548));
#8306=DIRECTION('center_axis',(0.,-1.,0.));
#8307=DIRECTION('ref_axis',(-0.707106781186547,0.,-0.707106781186548));
#8308=DIRECTION('center_axis',(1.,0.,0.));
#8309=DIRECTION('ref_axis',(0.,-0.707106781186552,-0.707106781186543));
#8310=DIRECTION('center_axis',(-1.,0.,0.));
#8311=DIRECTION('ref_axis',(0.,0.,-1.));
#8312=DIRECTION('',(-1.,0.,0.));
#8313=DIRECTION('',(1.,0.,0.));
#8314=DIRECTION('center_axis',(0.,-1.,0.));
#8315=DIRECTION('ref_axis',(0.,0.,-1.));
#8316=DIRECTION('center_axis',(0.,1.,0.));
#8317=DIRECTION('ref_axis',(0.707106781186544,0.,-0.707106781186551));
#8318=DIRECTION('center_axis',(0.,-1.,0.));
#8319=DIRECTION('ref_axis',(0.707106781186544,0.,-0.707106781186551));
#8320=DIRECTION('center_axis',(0.,-1.,6.99601540291004E-15));
#8321=DIRECTION('ref_axis',(-0.707106781186548,3.9561384785733E-15,0.707106781186548));
#8322=DIRECTION('',(0.,1.,-6.99601540291004E-15));
#8323=DIRECTION('center_axis',(0.,1.,-5.59482469102441E-15));
#8324=DIRECTION('ref_axis',(-1.,0.,0.));
#8325=DIRECTION('',(0.,-1.,6.99601540291004E-15));
#8326=DIRECTION('center_axis',(0.,6.99601540291004E-15,1.));
#8327=DIRECTION('ref_axis',(0.,-1.,6.99601540291004E-15));
#8328=DIRECTION('',(0.,-1.,6.99601540291004E-15));
#8329=DIRECTION('',(1.,0.,0.));
#8330=DIRECTION('center_axis',(0.,-1.,6.99601540291004E-15));
#8331=DIRECTION('ref_axis',(0.707106781186543,3.95613847857333E-15,0.707106781186552));
#8332=DIRECTION('',(0.,1.,-6.99601540291004E-15));
#8333=DIRECTION('center_axis',(0.,1.,-5.59482469102441E-15));
#8334=DIRECTION('ref_axis',(0.,5.59482469102441E-15,1.));
#8335=DIRECTION('center_axis',(1.,0.,0.));
#8336=DIRECTION('ref_axis',(0.,0.,-1.));
#8337=DIRECTION('',(0.,-1.,9.11460676921367E-15));
#8338=DIRECTION('',(0.,-9.27687006821126E-15,-1.));
#8339=DIRECTION('center_axis',(-1.,0.,0.));
#8340=DIRECTION('ref_axis',(0.,0.707106781186553,0.707106781186542));
#8341=DIRECTION('center_axis',(0.,-1.,0.));
#8342=DIRECTION('ref_axis',(0.,0.,-1.));
#8343=DIRECTION('center_axis',(0.,1.,0.));
#8344=DIRECTION('ref_axis',(-0.707106781186548,3.9561384785733E-15,0.707106781186548));
#8345=DIRECTION('',(1.,0.,0.));
#8346=DIRECTION('center_axis',(0.,1.,0.));
#8347=DIRECTION('ref_axis',(0.707106781186544,3.95613847857333E-15,0.707106781186552));
#8348=DIRECTION('center_axis',(0.,1.,0.));
#8349=DIRECTION('ref_axis',(0.707106781186543,-5.93420771785998E-15,-0.707106781186552));
#8350=DIRECTION('',(-1.,0.,0.));
#8351=DIRECTION('center_axis',(0.,1.,0.));
#8352=DIRECTION('ref_axis',(-0.707106781186547,-5.93420771785995E-15,-0.707106781186549));
#8353=DIRECTION('',(0.,0.,1.));
#8354=DIRECTION('center_axis',(0.,-9.36215644415062E-15,-1.));
#8355=DIRECTION('ref_axis',(-1.,0.,0.));
#8356=DIRECTION('',(0.,1.,-9.36215644415062E-15));
#8357=DIRECTION('',(-1.,0.,0.));
#8358=DIRECTION('',(0.,1.,-9.36215644415062E-15));
#8359=DIRECTION('center_axis',(0.,1.,-9.36215644415062E-15));
#8360=DIRECTION('ref_axis',(0.,-9.36215644415062E-15,-1.));
#8361=DIRECTION('center_axis',(0.,1.,-9.27687006821126E-15));
#8362=DIRECTION('ref_axis',(0.,-9.36215644415062E-15,-1.));
#8363=DIRECTION('center_axis',(-1.,0.,0.));
#8364=DIRECTION('ref_axis',(0.,9.27687006821126E-15,1.));
#8365=DIRECTION('',(0.,9.27687006821126E-15,1.));
#8366=DIRECTION('',(0.,1.,-9.36215644415062E-15));
#8367=DIRECTION('center_axis',(0.,1.,-9.36215644415062E-15));
#8368=DIRECTION('ref_axis',(-1.,-1.80054957620196E-28,-1.9232209875396E-14));
#8369=DIRECTION('center_axis',(0.,1.,-9.27687006821126E-15));
#8370=DIRECTION('ref_axis',(-1.,-1.80054957620196E-28,-1.9232209875396E-14));
#8371=DIRECTION('center_axis',(1.,0.,0.));
#8372=DIRECTION('ref_axis',(0.,0.,-1.));
#8373=DIRECTION('center_axis',(1.,0.,0.));
#8374=DIRECTION('ref_axis',(0.,0.707106781186553,0.707106781186542));
#8375=DIRECTION('',(0.,9.27687006821126E-15,1.));
#8376=DIRECTION('',(0.,1.,-9.11460676921367E-15));
#8377=DIRECTION('center_axis',(-0.408248290463856,-0.81649658092773,-0.408248290463861));
#8378=DIRECTION('ref_axis',(-0.577350269189627,0.57735026918962,-0.577350269189631));
#8379=DIRECTION('center_axis',(0.,9.09159012291467E-15,1.));
#8380=DIRECTION('ref_axis',(0.,1.,-9.09159012291467E-15));
#8381=DIRECTION('center_axis',(-1.,0.,0.));
#8382=DIRECTION('ref_axis',(0.,0.707106781186541,-0.707106781186554));
#8383=DIRECTION('center_axis',(0.,-1.,8.39223703653662E-15));
#8384=DIRECTION('ref_axis',(-1.,0.,0.));
#8385=DIRECTION('center_axis',(-1.,0.,0.));
#8386=DIRECTION('ref_axis',(0.,0.707106781186553,0.707106781186542));
#8387=DIRECTION('center_axis',(0.,-1.11896493820488E-14,-1.));
#8388=DIRECTION('ref_axis',(-1.,0.,0.));
#8389=DIRECTION('center_axis',(0.,9.27687006821126E-15,1.));
#8390=DIRECTION('ref_axis',(-0.707106781186546,0.70710678118655,-5.93420771785994E-15));
#8391=DIRECTION('center_axis',(0.,1.,-9.11460676921367E-15));
#8392=DIRECTION('ref_axis',(-0.707106781186547,-5.93420771785995E-15,-0.707106781186549));
#8393=DIRECTION('',(0.,-1.,9.11460676921367E-15));
#8394=DIRECTION('center_axis',(0.,-9.11460676921367E-15,-1.));
#8395=DIRECTION('ref_axis',(0.,1.,-9.11460676921367E-15));
#8396=DIRECTION('',(-1.,0.,0.));
#8397=DIRECTION('',(0.,1.,-9.11460676921367E-15));
#8398=DIRECTION('center_axis',(1.,0.,0.));
#8399=DIRECTION('ref_axis',(0.,0.707106781186541,-0.707106781186554));
#8400=DIRECTION('center_axis',(1.,0.,0.));
#8401=DIRECTION('ref_axis',(0.,0.707106781186541,-0.707106781186554));
#8402=DIRECTION('center_axis',(1.,0.,0.));
#8403=DIRECTION('ref_axis',(0.,0.707106781186554,0.707106781186541));
#8404=DIRECTION('center_axis',(1.,0.,0.));
#8405=DIRECTION('ref_axis',(0.,0.707106781186553,0.707106781186542));
#8406=DIRECTION('center_axis',(0.40824829046386,-0.816496580927728,-0.408248290463863));
#8407=DIRECTION('ref_axis',(0.577350269189623,0.577350269189623,-0.577350269189632));
#8408=DIRECTION('center_axis',(0.,-1.,8.39223703653662E-15));
#8409=DIRECTION('ref_axis',(0.,-8.39223703653662E-15,-1.));
#8410=DIRECTION('center_axis',(0.,9.0915901229147E-15,1.));
#8411=DIRECTION('ref_axis',(1.,0.,0.));
#8412=DIRECTION('center_axis',(0.,-1.11896493820489E-14,-1.));
#8413=DIRECTION('ref_axis',(0.,1.,-1.11896493820489E-14));
#8414=DIRECTION('center_axis',(0.,9.27687006821126E-15,1.));
#8415=DIRECTION('ref_axis',(0.707106781186542,0.707106781186553,-5.93420771785997E-15));
#8416=DIRECTION('center_axis',(0.,1.,-9.11460676921367E-15));
#8417=DIRECTION('ref_axis',(0.707106781186543,-5.93420771785998E-15,-0.707106781186552));
#8418=DIRECTION('center_axis',(-0.408248290463859,-0.816496580927729,-0.40824829046386));
#8419=DIRECTION('ref_axis',(-0.577350269189628,0.577350269189618,-0.577350269189631));
#8420=DIRECTION('center_axis',(0.,9.09159012291467E-15,1.));
#8421=DIRECTION('ref_axis',(0.,1.,-9.09159012291467E-15));
#8422=DIRECTION('center_axis',(0.,-1.,8.39223703653662E-15));
#8423=DIRECTION('ref_axis',(-1.,0.,0.));
#8424=DIRECTION('center_axis',(1.,0.,0.));
#8425=DIRECTION('ref_axis',(0.,0.,-1.));
#8426=DIRECTION('center_axis',(0.,1.,-5.59482469102441E-15));
#8427=DIRECTION('ref_axis',(-1.,0.,0.));
#8428=DIRECTION('center_axis',(0.,-1.11896493820488E-14,-1.));
#8429=DIRECTION('ref_axis',(-1.,0.,0.));
#8430=DIRECTION('center_axis',(-1.,0.,0.));
#8431=DIRECTION('ref_axis',(0.,0.707106781186553,0.707106781186542));
#8432=DIRECTION('center_axis',(0.,9.27687006821126E-15,1.));
#8433=DIRECTION('ref_axis',(-0.707106781186546,0.707106781186549,-5.93420771785994E-15));
#8434=DIRECTION('',(0.,9.27687006821126E-15,1.));
#8435=DIRECTION('',(0.,-9.27687006821126E-15,-1.));
#8436=DIRECTION('center_axis',(0.,1.,-9.11460676921367E-15));
#8437=DIRECTION('ref_axis',(-0.707106781186547,-5.93420771785995E-15,-0.707106781186549));
#8438=DIRECTION('',(0.,-1.,9.11460676921367E-15));
#8439=DIRECTION('',(0.,1.,-9.11460676921367E-15));
#8440=DIRECTION('center_axis',(0.,-9.11460676921367E-15,-1.));
#8441=DIRECTION('ref_axis',(0.,1.,-9.11460676921367E-15));
#8442=DIRECTION('center_axis',(0.,1.,-9.27687006821126E-15));
#8443=DIRECTION('ref_axis',(0.,9.27687006821126E-15,1.));
#8444=DIRECTION('',(-1.,0.,0.));
#8445=DIRECTION('center_axis',(1.,0.,0.));
#8446=DIRECTION('ref_axis',(0.,0.707106781186554,0.70710678118654));
#8447=DIRECTION('',(1.,0.,0.));
#8448=DIRECTION('center_axis',(1.,0.,0.));
#8449=DIRECTION('ref_axis',(0.,0.707106781186553,0.707106781186542));
#8450=DIRECTION('center_axis',(0.408248290463859,-0.816496580927728,-0.408248290463863));
#8451=DIRECTION('ref_axis',(0.577350269189623,0.577350269189623,-0.577350269189632));
#8452=DIRECTION('center_axis',(0.,-1.,8.39223703653662E-15));
#8453=DIRECTION('ref_axis',(0.,-8.39223703653662E-15,-1.));
#8454=DIRECTION('center_axis',(0.,1.,-9.11460676921367E-15));
#8455=DIRECTION('ref_axis',(0.707106781186543,-5.93420771785998E-15,-0.707106781186552));
#8456=DIRECTION('center_axis',(-1.,0.,0.));
#8457=DIRECTION('ref_axis',(0.,0.,1.));
#8458=DIRECTION('center_axis',(0.,1.,-5.59482469102441E-15));
#8459=DIRECTION('ref_axis',(0.,5.59482469102441E-15,1.));
#8460=DIRECTION('center_axis',(1.,0.,0.));
#8461=DIRECTION('ref_axis',(0.,0.,-1.));
#8462=DIRECTION('center_axis',(0.,-1.,6.99601540291004E-15));
#8463=DIRECTION('ref_axis',(-0.707106781186548,3.9561384785733E-15,0.707106781186548));
#8464=DIRECTION('',(0.,1.,-6.99601540291004E-15));
#8465=DIRECTION('center_axis',(0.,6.99601540291004E-15,1.));
#8466=DIRECTION('ref_axis',(0.,-1.,6.99601540291004E-15));
#8467=DIRECTION('center_axis',(0.,-1.,6.99601540291004E-15));
#8468=DIRECTION('ref_axis',(0.707106781186544,3.95613847857333E-15,0.707106781186552));
#8469=DIRECTION('center_axis',(-4.44089209850063E-16,-6.66133814775094E-16,
-1.));
#8470=DIRECTION('ref_axis',(0.74829259558874,0.663368820029301,-7.74201070200627E-16));
#8471=DIRECTION('',(4.44089209850063E-16,6.66133814775094E-16,1.));
#8472=DIRECTION('center_axis',(0.,1.,-9.11460676921367E-15));
#8473=DIRECTION('ref_axis',(0.707106781186543,-5.93420771785998E-15,-0.707106781186552));
#8474=DIRECTION('center_axis',(0.00173289173007245,0.999998498541999,-6.66902373122311E-16));
#8475=DIRECTION('ref_axis',(0.999998498541999,-0.00173289173007245,-6.99352036328764E-15));
#8476=DIRECTION('center_axis',(-0.00173289173007123,-0.999998498541999,
6.66902373122311E-16));
#8477=DIRECTION('ref_axis',(0.999998498541999,-0.00173289173007123,-6.99352036328764E-15));
#8478=DIRECTION('center_axis',(-0.00173289173007123,-0.999998498541999,
6.66902373122311E-16));
#8479=DIRECTION('ref_axis',(-0.999998498541999,0.00173289173007123,4.42934205290021E-16));
#8480=DIRECTION('',(-4.44089209850063E-16,-6.66133814775094E-16,-1.));
#8481=DIRECTION('',(-4.44089209850063E-16,-6.66133814775094E-16,-1.));
#8482=DIRECTION('center_axis',(-0.999998498541999,0.00173289173007529,4.42934205290018E-16));
#8483=DIRECTION('ref_axis',(0.00173289173007529,0.999998498541999,-6.66902373122312E-16));
#8484=DIRECTION('',(-4.44089209850063E-16,-6.66133814775094E-16,-1.));
#8485=DIRECTION('',(-4.44089209850063E-16,-6.66133814775094E-16,-1.));
#8486=DIRECTION('center_axis',(-4.44089209850063E-16,-6.66133814775094E-16,
-1.));
#8487=DIRECTION('ref_axis',(0.999998498541999,-0.00173289173006817,-4.42934205290023E-16));
#8488=DIRECTION('',(-4.44089209850063E-16,-6.66133814775094E-16,-1.));
#8489=DIRECTION('center_axis',(-4.44089209850063E-16,-6.66133814775094E-16,
-1.));
#8490=DIRECTION('ref_axis',(0.999998498541999,-0.00173289173006817,-4.42934205290023E-16));
#8491=DIRECTION('',(-4.44089209850063E-16,-6.66133814775094E-16,-1.));
#8492=DIRECTION('center_axis',(0.999998498541999,-0.00173289173006833,-4.42934205290023E-16));
#8493=DIRECTION('ref_axis',(-0.00173289173006833,-0.999998498541999,6.66902373122309E-16));
#8494=DIRECTION('',(-4.44089209850063E-16,-6.66133814775094E-16,-1.));
#8495=DIRECTION('',(-4.44089209850063E-16,-6.66133814775094E-16,-1.));
#8496=DIRECTION('',(-4.44089209850063E-16,-6.66133814775094E-16,-1.));
#8497=DIRECTION('',(-0.00173289173006833,-0.999998498541999,6.66902373122309E-16));
#8498=DIRECTION('',(-4.44089209850063E-16,-6.66133814775094E-16,-1.));
#8499=DIRECTION('',(-4.44089209850063E-16,-6.66133814775094E-16,-1.));
#8500=DIRECTION('',(-0.00173289173006833,-0.999998498541999,6.66902373122309E-16));
#8501=DIRECTION('center_axis',(-4.44089209850063E-16,-6.66133814775094E-16,
-1.));
#8502=DIRECTION('ref_axis',(-0.00173289173006832,-0.999998498541999,6.66902373122309E-16));
#8503=DIRECTION('',(-4.44089209850063E-16,-6.66133814775094E-16,-1.));
#8504=DIRECTION('',(-4.44089209850063E-16,-6.66133814775094E-16,-1.));
#8505=DIRECTION('center_axis',(-0.00173289173006827,-0.999998498541999,
6.6690237312231E-16));
#8506=DIRECTION('ref_axis',(-0.999998498541999,0.00173289173006827,4.42934205290023E-16));
#8507=DIRECTION('',(-0.999998498541999,0.00173289173006827,4.42934205290023E-16));
#8508=DIRECTION('',(-4.44089209850063E-16,-6.66133814775094E-16,-1.));
#8509=DIRECTION('',(-4.44089209850063E-16,-6.66133814775094E-16,-1.));
#8510=DIRECTION('',(-0.999998498541999,0.00173289173006827,4.42934205290023E-16));
#8511=DIRECTION('',(-4.44089209850063E-16,-6.66133814775094E-16,-1.));
#8512=DIRECTION('center_axis',(0.999998498541999,-0.00173289173006669,-4.42934205290024E-16));
#8513=DIRECTION('ref_axis',(-0.00173289173006669,-0.999998498541999,6.66902373122309E-16));
#8514=DIRECTION('',(-4.44089209850063E-16,-6.66133814775094E-16,-1.));
#8515=DIRECTION('center_axis',(0.00173289173006475,0.999998498541999,-6.66902373122308E-16));
#8516=DIRECTION('ref_axis',(0.999998498541999,-0.00173289173006475,-4.42934205290025E-16));
#8517=DIRECTION('center_axis',(0.999998498541999,-0.00173289173006487,-4.42934205290025E-16));
#8518=DIRECTION('ref_axis',(-0.00173289173006487,-0.999998498541999,6.66902373122308E-16));
#8519=DIRECTION('',(-4.44089209850063E-16,-6.66133814775094E-16,-1.));
#8520=DIRECTION('center_axis',(0.00173289173007245,0.999998498541999,-6.66902373122311E-16));
#8521=DIRECTION('ref_axis',(0.999998498541999,-0.00173289173007245,-4.4293420529002E-16));
#8522=DIRECTION('',(-4.44089209850063E-16,-6.66133814775094E-16,-1.));
#8523=DIRECTION('center_axis',(-4.44089209850063E-16,-6.66133814775094E-16,
-1.));
#8524=DIRECTION('ref_axis',(0.11951442718553,0.992832464061543,-7.14434344252376E-16));
#8525=DIRECTION('',(0.999998498541999,-0.001732891730064,-4.42934205290025E-16));
#8526=DIRECTION('',(0.00173289173006824,0.999998498541999,-6.66902373122309E-16));
#8527=DIRECTION('center_axis',(4.44089209850063E-16,6.66133814775094E-16,
1.));
#8528=DIRECTION('ref_axis',(0.999998498541999,-0.00173289173006832,-4.42934205290022E-16));
#8529=DIRECTION('',(0.999998498541999,-0.0017328917300683,-4.42934205290023E-16));
#8530=DIRECTION('',(0.00173289173007529,0.999998498541999,-6.66902373122312E-16));
#8531=DIRECTION('center_axis',(-4.44089209850063E-16,-6.66133814775094E-16,
-1.));
#8532=DIRECTION('ref_axis',(0.11951442718553,0.992832464061543,-7.14434344252376E-16));
#8533=DIRECTION('',(-0.00173289173006487,-0.999998498541999,6.66902373122308E-16));
#8534=DIRECTION('',(0.999998498541999,-0.0017328917300683,-4.42934205290023E-16));
#8535=DIRECTION('center_axis',(4.44089209850063E-16,6.66133814775094E-16,
1.));
#8536=DIRECTION('ref_axis',(-0.00173289173006832,-0.999998498541999,6.66902373122309E-16));
#8537=DIRECTION('',(-0.00173289173006841,-0.999998498541999,6.66902373122309E-16));
#8538=DIRECTION('',(0.999998498541999,-0.00173289173006475,-4.42934205290025E-16));
#8539=DIRECTION('center_axis',(-4.44089209850063E-16,-6.66133814775094E-16,
-1.));
#8540=DIRECTION('ref_axis',(-0.992832464061543,0.11951442718553,3.61293583176824E-16));
#8541=DIRECTION('',(0.00173289173006835,0.999998498541999,-6.66902373122309E-16));
#8542=DIRECTION('',(-0.999998498541999,0.00173289173007245,4.4293420529002E-16));
#8543=DIRECTION('',(0.999998498541999,-0.00173289173007266,-4.4293420529002E-16));
#8544=DIRECTION('center_axis',(0.0017328917300683,0.999998498541999,-6.6690237312231E-16));
#8545=DIRECTION('ref_axis',(0.999998498541999,-0.0017328917300683,-4.42934205290023E-16));
#8546=DIRECTION('',(-4.44089209850063E-16,-6.66133814775094E-16,-1.));
#8547=DIRECTION('',(-4.44089209850063E-16,-6.66133814775094E-16,-1.));
#8548=DIRECTION('center_axis',(-4.44089209850063E-16,-6.66133814775094E-16,
-1.));
#8549=DIRECTION('ref_axis',(0.999998498541999,-0.00173289173006832,-4.42934205290022E-16));
#8550=DIRECTION('',(-4.44089209850063E-16,-6.66133814775094E-16,-1.));
#8551=DIRECTION('center_axis',(-0.999998498541999,0.00173289173006824,4.42934205290023E-16));
#8552=DIRECTION('ref_axis',(0.00173289173006824,0.999998498541999,-6.66902373122309E-16));
#8553=DIRECTION('',(-4.44089209850063E-16,-6.66133814775094E-16,-1.));
#8554=DIRECTION('center_axis',(0.001732891730064,0.999998498541999,-6.66902373122307E-16));
#8555=DIRECTION('ref_axis',(0.999998498541999,-0.001732891730064,-4.42934205290025E-16));
#8556=DIRECTION('center_axis',(0.00173289173006475,0.999998498541999,-6.66902373122308E-16));
#8557=DIRECTION('ref_axis',(0.999998498541999,-0.00173289173006475,-4.42934205290025E-16));
#8558=DIRECTION('',(-4.44089209850063E-16,-6.66133814775094E-16,-1.));
#8559=DIRECTION('center_axis',(-0.00173289173007245,-0.999998498541999,
6.66902373122311E-16));
#8560=DIRECTION('ref_axis',(-0.999998498541999,0.00173289173007245,4.4293420529002E-16));
#8561=DIRECTION('',(-4.44089209850063E-16,-6.66133814775094E-16,-1.));
#8562=DIRECTION('center_axis',(-0.999998498541999,0.00173289173006835,4.42934205290023E-16));
#8563=DIRECTION('ref_axis',(0.00173289173006835,0.999998498541999,-6.66902373122309E-16));
#8564=DIRECTION('',(-4.44089209850063E-16,-6.66133814775094E-16,-1.));
#8565=DIRECTION('center_axis',(0.00173289173007266,0.999998498541999,-6.66902373122311E-16));
#8566=DIRECTION('ref_axis',(0.999998498541999,-0.00173289173007266,-4.4293420529002E-16));
#8567=DIRECTION('center_axis',(0.999998498541999,-0.00173289173006487,-4.42934205290025E-16));
#8568=DIRECTION('ref_axis',(-0.00173289173006487,-0.999998498541999,6.66902373122308E-16));
#8569=DIRECTION('',(-4.44089209850063E-16,-6.66133814775094E-16,-1.));
#8570=DIRECTION('center_axis',(0.0017328917300683,0.999998498541999,-6.6690237312231E-16));
#8571=DIRECTION('ref_axis',(0.999998498541999,-0.0017328917300683,-4.42934205290023E-16));
#8572=DIRECTION('',(-4.44089209850063E-16,-6.66133814775094E-16,-1.));
#8573=DIRECTION('center_axis',(-4.44089209850063E-16,-6.66133814775094E-16,
-1.));
#8574=DIRECTION('ref_axis',(-0.00173289173006832,-0.999998498541999,6.66902373122309E-16));
#8575=DIRECTION('',(-4.44089209850063E-16,-6.66133814775094E-16,-1.));
#8576=DIRECTION('center_axis',(0.999998498541999,-0.00173289173006841,-4.42934205290023E-16));
#8577=DIRECTION('ref_axis',(-0.00173289173006841,-0.999998498541999,6.66902373122309E-16));
#8578=DIRECTION('center_axis',(-0.999998498541999,0.00173289173007529,4.42934205290018E-16));
#8579=DIRECTION('ref_axis',(0.00173289173007529,0.999998498541999,-6.66902373122312E-16));
#8580=DIRECTION('center_axis',(-0.998769948436008,0.000371406264007131,
0.0495827808671623));
#8581=DIRECTION('ref_axis',(-0.0346921327178164,0.709220193252066,-0.704132923112527));
#8582=DIRECTION('',(0.998769948436008,-0.000371406264007131,-0.0495827808671623));
#8583=DIRECTION('center_axis',(0.000371863649791627,0.999999930858711,-6.66298909352151E-16));
#8584=DIRECTION('ref_axis',(0.999999930858711,-0.000371863649791627,-4.4384146819355E-16));
#8585=DIRECTION('',(-4.44089209850063E-16,-6.66133814775094E-16,-1.));
#8586=DIRECTION('center_axis',(-4.44089209850063E-16,-6.66133814775094E-16,
-1.));
#8587=DIRECTION('ref_axis',(-0.999998498541999,0.00173289173006786,4.42934205290023E-16));
#8588=DIRECTION('center_axis',(-4.44089209850063E-16,-6.66133814775094E-16,
-1.));
#8589=DIRECTION('ref_axis',(0.00173289173006922,0.999998498541999,-6.6690237312231E-16));
#8590=DIRECTION('center_axis',(-0.999998498541999,0.00173289173006824,4.42934205290023E-16));
#8591=DIRECTION('ref_axis',(0.00173289173006824,0.999998498541999,-6.66902373122309E-16));
#8592=DIRECTION('',(-4.44089209850063E-16,-6.66133814775094E-16,-1.));
#8593=DIRECTION('center_axis',(0.0017328917300683,0.999998498541999,-6.6690237312231E-16));
#8594=DIRECTION('ref_axis',(0.999998498541999,-0.0017328917300683,-4.42934205290023E-16));
#8595=DIRECTION('',(-4.44089209850063E-16,-6.66133814775094E-16,-1.));
#8596=DIRECTION('center_axis',(-4.44089209850063E-16,-6.66133814775094E-16,
-1.));
#8597=DIRECTION('ref_axis',(0.999998498541999,-0.00173289173006832,-4.42934205290022E-16));
#8598=DIRECTION('center_axis',(-0.999998498541999,0.00173289173006824,4.42934205290023E-16));
#8599=DIRECTION('ref_axis',(0.00173289173006824,0.999998498541999,-6.66902373122309E-16));
#8600=DIRECTION('center_axis',(0.,-0.923656397074555,0.383221685377083));
#8601=DIRECTION('ref_axis',(0.,-0.383221685377083,-0.923656397074555));
#8602=DIRECTION('',(0.999987378230721,0.00192541265775967,0.00464070741873102));
#8603=DIRECTION('center_axis',(0.,0.923656397074555,-0.383221685377083));
#8604=DIRECTION('ref_axis',(0.,0.383221685377083,0.923656397074555));
#8605=DIRECTION('',(1.,0.,0.));
#8606=DIRECTION('center_axis',(0.,0.923656397074555,-0.383221685377083));
#8607=DIRECTION('ref_axis',(1.15350348579808E-16,0.383221685377083,0.923656397074555));
#8608=DIRECTION('',(0.,0.383221685377083,0.923656397074555));
#8609=DIRECTION('center_axis',(0.,0.923656397074555,-0.383221685377083));
#8610=DIRECTION('ref_axis',(-7.17876611880701E-17,-0.383221685377083,-0.923656397074555));
#8611=DIRECTION('',(1.,0.,0.));
#8612=DIRECTION('',(0.00502409801738295,-0.38321684878981,-0.923644739736399));
#8613=DIRECTION('',(0.999987378230721,0.00192541265775967,0.00464070741873102));
#8614=DIRECTION('',(0.,0.383221685377083,0.923656397074555));
#8615=DIRECTION('center_axis',(0.,-0.923656397074555,0.383221685377083));
#8616=DIRECTION('ref_axis',(1.,3.70542512087275E-15,8.93096541080956E-15));
#8617=DIRECTION('',(-1.,7.54220635763192E-16,1.81785306419397E-15));
#8618=DIRECTION('center_axis',(0.,-0.923656397074555,0.383221685377083));
#8619=DIRECTION('ref_axis',(0.,0.383221685377083,0.923656397074555));
#8620=DIRECTION('',(0.,-0.383221685377083,-0.923656397074555));
#8621=DIRECTION('center_axis',(0.,-0.923656397074555,0.383221685377083));
#8622=DIRECTION('ref_axis',(-1.,0.,0.));
#8623=DIRECTION('',(1.,0.,0.));
#8624=DIRECTION('center_axis',(0.,-0.923656397074555,0.383221685377083));
#8625=DIRECTION('ref_axis',(0.,-0.383221685377083,-0.923656397074555));
#8626=DIRECTION('center_axis',(0.,-0.923656397074555,0.383221685377083));
#8627=DIRECTION('ref_axis',(1.,0.,0.));
#8628=DIRECTION('center_axis',(0.,-0.923656397074555,0.383221685377083));
#8629=DIRECTION('ref_axis',(1.,0.,0.));
#8630=DIRECTION('',(1.,0.,0.));
#8631=DIRECTION('',(0.,0.383221685377083,0.923656397074555));
#8632=DIRECTION('',(-1.,0.,0.));
#8633=DIRECTION('',(0.,-0.383221685377083,-0.923656397074555));
#8634=DIRECTION('center_axis',(0.,0.923656397074555,-0.383221685377083));
#8635=DIRECTION('ref_axis',(-1.,0.,0.));
#8636=DIRECTION('',(0.,-0.383221685377083,-0.923656397074555));
#8637=DIRECTION('',(1.,0.,0.));
#8638=DIRECTION('',(0.,0.383221685377083,0.923656397074555));
#8639=DIRECTION('',(-1.,0.,0.));
#8640=DIRECTION('center_axis',(-0.999987378230721,-0.00192541265775995,
-0.0046407074187317));
#8641=DIRECTION('ref_axis',(-0.00355284493846125,-0.382111219960619,0.924109513463124));
#8642=DIRECTION('center_axis',(-0.99998737823072,-0.00192541265780698,-0.00464070741884509));
#8643=DIRECTION('ref_axis',(0.,-0.923656397074556,0.38322168537708));
#8644=DIRECTION('',(-0.999987378230721,-0.00192541265775995,-0.0046407074187317));
#8645=DIRECTION('center_axis',(0.999987378230721,0.00192541265776401,0.00464070741874154));
#8646=DIRECTION('ref_axis',(-0.00502427896169971,0.383291310297355,0.923613841424787));
#8647=DIRECTION('',(0.999987378230721,0.00192541265775995,0.0046407074187317));
#8648=DIRECTION('center_axis',(0.00502409801737466,-0.383216848789806,-0.9236447397364));
#8649=DIRECTION('ref_axis',(0.999984859835212,0.00399866761938946,0.00378031184180076));
#8650=DIRECTION('center_axis',(0.,-0.923656397074555,0.383221685377083));
#8651=DIRECTION('ref_axis',(-0.999162749156517,-0.0156784075279933,-0.0377887315925854));
#8652=DIRECTION('center_axis',(0.000330037740068513,0.923661525487763,-0.383209182312623));
#8653=DIRECTION('ref_axis',(-0.999162694648424,-0.0153733097601396,-0.0379153131322823));
#8654=DIRECTION('center_axis',(-0.00502409801738279,0.38321684878981,0.923644739736399));
#8655=DIRECTION('ref_axis',(0.707891022414693,-0.651027307036276,0.27395938727807));
#8656=DIRECTION('center_axis',(0.00502409801737953,-0.383216848789801,-0.923644739736402));
#8657=DIRECTION('ref_axis',(0.999984859835212,0.00399866761936848,0.00378031184181475));
#8658=DIRECTION('',(0.00502409801738279,-0.38321684878981,-0.923644739736399));
#8659=DIRECTION('',(-0.00502409801738279,0.38321684878981,0.923644739736399));
#8660=DIRECTION('center_axis',(-0.999987378230721,-0.00192541265781563,
-0.00464070741872014));
#8661=DIRECTION('ref_axis',(0.00502427896169973,-0.383291310297344,-0.923613841424792));
#8662=DIRECTION('center_axis',(0.,-0.923656397074555,0.383221685377083));
#8663=DIRECTION('ref_axis',(-0.999162749156485,-0.0156784075283013,-0.0377887315933279));
#8664=DIRECTION('center_axis',(0.000330037740068213,0.923661525487762,-0.383209182312626));
#8665=DIRECTION('ref_axis',(-0.999162694648391,-0.0153733097604481,-0.0379153131330249));
#8666=DIRECTION('center_axis',(0.999987378230721,0.00192541265775965,0.00464070741873098));
#8667=DIRECTION('ref_axis',(0.00355255852763776,-0.924114337279926,-0.382099556348331));
#8668=DIRECTION('center_axis',(-0.999987378230722,-0.00192541265772125,
-0.00464070741863831));
#8669=DIRECTION('ref_axis',(0.00502427896158797,-0.383291310297354,-0.923613841424788));
#8670=DIRECTION('',(-0.999987378230721,-0.00192541265775965,-0.00464070741873098));
#8671=DIRECTION('',(0.999987378230721,0.00192541265775965,0.00464070741873098));
#8672=DIRECTION('center_axis',(-0.00502409801738515,0.383216848789794,0.923644739736405));
#8673=DIRECTION('ref_axis',(-0.999984859835212,-0.00399866761938269,-0.00378031184181496));
#8674=DIRECTION('center_axis',(0.,-0.923656397074555,0.383221685377083));
#8675=DIRECTION('ref_axis',(0.99916274915655,0.0156784075276853,0.0377887315918432));
#8676=DIRECTION('center_axis',(0.000330037740069045,0.923661525487762,-0.383209182312626));
#8677=DIRECTION('ref_axis',(0.999162694648457,0.015373309759831,0.0379153131315398));
#8678=DIRECTION('center_axis',(0.00502409801738941,-0.38321684878981,-0.923644739736399));
#8679=DIRECTION('ref_axis',(-0.706303800657892,-0.655216217974425,0.268004941893814));
#8680=DIRECTION('center_axis',(-0.00502409801740378,0.383216848789823,0.923644739736393));
#8681=DIRECTION('ref_axis',(-0.999984859835212,-0.0039986676193969,-0.00378031184182916));
#8682=DIRECTION('',(-0.00502409801738941,0.38321684878981,0.923644739736399));
#8683=DIRECTION('',(0.00502409801738941,-0.38321684878981,-0.923644739736399));
#8684=DIRECTION('center_axis',(0.,-0.923656397074555,0.383221685377083));
#8685=DIRECTION('ref_axis',(0.999162749156484,0.0156784075283029,0.0377887315933318));
#8686=DIRECTION('center_axis',(0.000330037740068706,0.923661525487763,-0.383209182312623));
#8687=DIRECTION('ref_axis',(0.999162694648391,0.015373309760449,0.0379153131330287));
#8688=DIRECTION('center_axis',(-0.00224426408134519,0.923618851100281,-0.383305597625355));
#8689=DIRECTION('ref_axis',(-0.999984859835212,-0.00399866761938871,-0.00378031184180828));
#8690=DIRECTION('',(-0.00224426408134519,0.923618851100281,-0.383305597625355));
#8691=DIRECTION('center_axis',(-0.00224426408134498,0.923618851100281,-0.383305597625356));
#8692=DIRECTION('ref_axis',(-0.71064877719774,0.26820039969176,0.650420526330878));
#8693=DIRECTION('center_axis',(-0.00224426408134498,0.923618851100281,-0.383305597625356));
#8694=DIRECTION('ref_axis',(-0.71064877719774,0.26820039969176,0.650420526330878));
#8695=DIRECTION('',(-0.00224426408134519,0.923618851100281,-0.383305597625355));
#8696=DIRECTION('center_axis',(-0.999984859835212,-0.00399866761938928,
-0.00378031184180964));
#8697=DIRECTION('ref_axis',(-0.00502427896168816,0.38329131029736,0.923613841424785));
#8698=DIRECTION('',(-0.00224426408134519,0.923618851100281,-0.383305597625355));
#8699=DIRECTION('',(-0.00502427896168833,0.383291310297361,0.923613841424785));
#8700=DIRECTION('center_axis',(-0.00224426408134519,0.923618851100281,-0.383305597625355));
#8701=DIRECTION('ref_axis',(0.00502427896168661,-0.38329131029736,-0.923613841424785));
#8702=DIRECTION('',(-0.00224426408134519,0.923618851100281,-0.383305597625355));
#8703=DIRECTION('center_axis',(-0.00224426408134498,0.923618851100281,-0.383305597625356));
#8704=DIRECTION('ref_axis',(-0.703543373748975,-0.273855369670522,-0.655766694607565));
#8705=DIRECTION('center_axis',(0.00502427896168906,-0.38329131029736,-0.923613841424785));
#8706=DIRECTION('ref_axis',(-0.999984859835212,-0.00399866761938947,-0.00378031184181053));
#8707=DIRECTION('',(-0.00224426408134519,0.923618851100281,-0.383305597625355));
#8708=DIRECTION('',(-0.999984859835212,-0.00399866761938913,-0.00378031184180986));
#8709=DIRECTION('center_axis',(0.,-0.923656397074555,0.383221685377083));
#8710=DIRECTION('ref_axis',(0.,-0.383221685377083,-0.923656397074555));
#8711=DIRECTION('center_axis',(0.,0.923656397074555,-0.383221685377083));
#8712=DIRECTION('ref_axis',(0.,-0.383221685377083,-0.923656397074555));
#8713=DIRECTION('',(1.,0.,0.));
#8714=DIRECTION('center_axis',(0.,0.923656397074555,-0.383221685377083));
#8715=DIRECTION('ref_axis',(-7.17876611880701E-17,-0.383221685377083,-0.923656397074555));
#8716=DIRECTION('',(0.,-0.383221685377083,-0.923656397074555));
#8717=DIRECTION('center_axis',(0.,0.923656397074555,-0.383221685377083));
#8718=DIRECTION('ref_axis',(1.15350348579808E-16,0.383221685377083,0.923656397074555));
#8719=DIRECTION('',(1.,0.,0.));
#8720=DIRECTION('center_axis',(0.,0.923656397074555,-0.383221685377083));
#8721=DIRECTION('ref_axis',(0.,0.383221685377083,0.923656397074555));
#8722=DIRECTION('',(0.,0.383221685377083,0.923656397074555));
#8723=DIRECTION('',(-1.,7.54220635763192E-16,1.81785306419397E-15));
#8724=DIRECTION('center_axis',(0.,-0.923656397074555,0.383221685377083));
#8725=DIRECTION('ref_axis',(0.70710678118654,0.270978652427876,0.653123701857759));
#8726=DIRECTION('',(0.,0.383221685377083,0.923656397074555));
#8727=DIRECTION('center_axis',(0.,-0.923656397074555,0.383221685377083));
#8728=DIRECTION('ref_axis',(0.707106781186546,-0.270978652427874,-0.653123701857753));
#8729=DIRECTION('',(1.,0.,0.));
#8730=DIRECTION('center_axis',(0.,-0.923656397074555,0.383221685377083));
#8731=DIRECTION('ref_axis',(-0.707106781186546,-0.270978652427874,-0.653123701857753));
#8732=DIRECTION('',(0.,-0.383221685377083,-0.923656397074555));
#8733=DIRECTION('center_axis',(0.,-0.923656397074555,0.383221685377083));
#8734=DIRECTION('ref_axis',(-0.707106781186543,0.270978652427875,0.653123701857756));
#8735=DIRECTION('center_axis',(0.,0.923656397074555,-0.383221685377083));
#8736=DIRECTION('ref_axis',(1.,0.,0.));
#8737=DIRECTION('center_axis',(0.,0.923656397074555,-0.383221685377083));
#8738=DIRECTION('ref_axis',(1.,0.,0.));
#8739=DIRECTION('center_axis',(0.,0.923656397074555,-0.383221685377083));
#8740=DIRECTION('ref_axis',(1.,0.,0.));
#8741=DIRECTION('center_axis',(0.,-6.99601540291004E-15,-1.));
#8742=DIRECTION('ref_axis',(-1.,0.,0.));
#8743=DIRECTION('center_axis',(-0.9510498525712,0.309037502456093,0.));
#8744=DIRECTION('ref_axis',(0.,0.,1.));
#8745=DIRECTION('center_axis',(0.,-6.99601540291004E-15,-1.));
#8746=DIRECTION('ref_axis',(-0.707106781186547,-0.707106781186548,4.95375102851119E-15));
#8747=DIRECTION('center_axis',(0.,-1.,1.16558847729675E-14));
#8748=DIRECTION('ref_axis',(1.,0.,0.));
#8749=DIRECTION('center_axis',(0.,6.99601540291004E-15,1.));
#8750=DIRECTION('ref_axis',(-0.707106781186547,-0.707106781186548,4.94692993268323E-15));
#8751=DIRECTION('center_axis',(0.,1.,-6.99601540291004E-15));
#8752=DIRECTION('ref_axis',(0.707106781186548,0.,0.707106781186548));
#8753=DIRECTION('center_axis',(0.,-1.,0.));
#8754=DIRECTION('ref_axis',(1.,0.,0.));
#8755=DIRECTION('',(0.,-1.,6.99601540291004E-15));
#8756=DIRECTION('',(0.,1.,-6.99601540291004E-15));
#8757=DIRECTION('center_axis',(0.,-6.99601540291004E-15,-1.));
#8758=DIRECTION('ref_axis',(-1.,0.,0.));
#8759=DIRECTION('center_axis',(-0.910508349388791,-0.413490683925646,9.63919953306572E-15));
#8760=DIRECTION('ref_axis',(0.413490683925646,-0.910508349388791,0.));
#8761=DIRECTION('center_axis',(0.,6.99601540291004E-15,1.));
#8762=DIRECTION('ref_axis',(-0.707106781186546,0.707106781186549,-4.94692993268324E-15));
#8763=DIRECTION('center_axis',(0.,-6.99601540291004E-15,-1.));
#8764=DIRECTION('ref_axis',(-0.707106781186546,0.707106781186549,-4.95375102851119E-15));
#8765=DIRECTION('center_axis',(0.,-6.99601540291004E-15,-1.));
#8766=DIRECTION('ref_axis',(-1.,0.,0.));
#8767=DIRECTION('center_axis',(0.,-6.99601540291004E-15,-1.));
#8768=DIRECTION('ref_axis',(0.,1.,-6.99353086378049E-15));
#8769=DIRECTION('center_axis',(-1.,0.,0.));
#8770=DIRECTION('ref_axis',(0.,-1.,2.3311769545935E-14));
#8771=DIRECTION('center_axis',(0.,-6.99601540291004E-15,-1.));
#8772=DIRECTION('ref_axis',(-1.,0.,0.));
#8773=DIRECTION('center_axis',(0.910508349388774,-0.413490683925685,9.63919953306663E-15));
#8774=DIRECTION('ref_axis',(0.,2.3311769545935E-14,1.));
#8775=DIRECTION('center_axis',(0.,-6.99601540291004E-15,-1.));
#8776=DIRECTION('ref_axis',(0.707106781186546,0.707106781186549,-4.95375102851119E-15));
#8777=DIRECTION('center_axis',(2.3311769545935E-14,1.,0.));
#8778=DIRECTION('ref_axis',(-1.,2.3311769545935E-14,0.));
#8779=DIRECTION('center_axis',(0.,6.99601540291004E-15,1.));
#8780=DIRECTION('ref_axis',(0.707106781186546,0.707106781186549,-4.94692993268324E-15));
#8781=DIRECTION('center_axis',(3.07407950056287E-15,-1.,6.99601540291004E-15));
#8782=DIRECTION('ref_axis',(-0.707106781186548,0.,0.707106781186548));
#8783=DIRECTION('center_axis',(0.,1.,0.));
#8784=DIRECTION('ref_axis',(-1.,0.,0.));
#8785=DIRECTION('',(-3.07407950056287E-15,1.,-6.99601540291004E-15));
#8786=DIRECTION('',(3.07407950056287E-15,-1.,6.99601540291004E-15));
#8787=DIRECTION('center_axis',(0.,-6.99601540291004E-15,-1.));
#8788=DIRECTION('ref_axis',(-1.,0.,0.));
#8789=DIRECTION('center_axis',(0.951049852571213,0.309037502456051,-3.60210551915339E-15));
#8790=DIRECTION('ref_axis',(-0.309037502456051,0.951049852571213,-2.33117695459352E-14));
#8791=DIRECTION('center_axis',(0.,6.99601540291004E-15,1.));
#8792=DIRECTION('ref_axis',(0.707106781186548,-0.707106781186547,4.94692993268322E-15));
#8793=DIRECTION('center_axis',(0.,-6.99601540291004E-15,-1.));
#8794=DIRECTION('ref_axis',(0.707106781186548,-0.707106781186547,4.9537510285112E-15));
#8795=DIRECTION('center_axis',(0.,-6.99601540291004E-15,-1.));
#8796=DIRECTION('ref_axis',(-1.,0.,0.));
#8797=DIRECTION('center_axis',(1.,0.,0.));
#8798=DIRECTION('ref_axis',(0.,0.,1.));
#8799=DIRECTION('center_axis',(0.,-6.99601540291004E-15,-1.));
#8800=DIRECTION('ref_axis',(0.,1.,-6.99353086378049E-15));
#8801=DIRECTION('center_axis',(1.,0.,0.));
#8802=DIRECTION('ref_axis',(0.,-0.707106781186548,0.707106781186548));
#8803=DIRECTION('',(-1.,0.,0.));
#8804=DIRECTION('',(1.,0.,0.));
#8805=DIRECTION('center_axis',(1.,0.,0.));
#8806=DIRECTION('ref_axis',(0.,1.,-2.3311769545935E-14));
#8807=DIRECTION('center_axis',(-1.,-4.66235390918703E-14,-9.30910599957077E-15));
#8808=DIRECTION('ref_axis',(0.,-0.195800589715145,0.980643731977726));
#8809=DIRECTION('center_axis',(-1.,0.,0.));
#8810=DIRECTION('ref_axis',(0.,0.634113322003594,0.773240127552604));
#8811=DIRECTION('',(1.,0.,0.));
#8812=DIRECTION('',(-1.,0.,0.));
#8813=DIRECTION('center_axis',(0.,6.72454890748126E-15,1.));
#8814=DIRECTION('ref_axis',(0.,-1.,6.72454890748126E-15));
#8815=DIRECTION('',(0.,6.72454890748126E-15,1.));
#8816=DIRECTION('center_axis',(0.,6.99601540291004E-15,1.));
#8817=DIRECTION('ref_axis',(0.,-1.,6.72454890748126E-15));
#8818=DIRECTION('',(0.,6.72454890748126E-15,1.));
#8819=DIRECTION('center_axis',(0.,-1.,6.72454890748126E-15));
#8820=DIRECTION('ref_axis',(1.,0.,0.));
#8821=DIRECTION('',(0.,6.72454890748126E-15,1.));
#8822=DIRECTION('',(1.,0.,0.));
#8823=DIRECTION('center_axis',(0.,6.72454890748126E-15,1.));
#8824=DIRECTION('ref_axis',(1.,2.3311769545935E-15,-1.56761134431572E-29));
#8825=DIRECTION('',(0.,6.72454890748126E-15,1.));
#8826=DIRECTION('center_axis',(0.,6.99601540291004E-15,1.));
#8827=DIRECTION('ref_axis',(1.,2.3311769545935E-15,-1.56761134431572E-29));
#8828=DIRECTION('center_axis',(1.,3.07407950056287E-15,-2.06717979470206E-29));
#8829=DIRECTION('ref_axis',(-3.07407950056287E-15,1.,-6.99601540291004E-15));
#8830=DIRECTION('',(0.,6.72454890748126E-15,1.));
#8831=DIRECTION('',(-3.07407950056287E-15,1.,-6.99601540291004E-15));
#8832=DIRECTION('center_axis',(-1.,0.,0.));
#8833=DIRECTION('ref_axis',(0.,0.707106781186548,0.707106781186548));
#8834=DIRECTION('',(1.,0.,0.));
#8835=DIRECTION('center_axis',(1.,0.,0.));
#8836=DIRECTION('ref_axis',(0.,1.,0.));
#8837=DIRECTION('',(-1.,0.,0.));
#8838=DIRECTION('center_axis',(1.,0.,0.));
#8839=DIRECTION('ref_axis',(0.,1.,0.));
#8840=DIRECTION('',(1.,0.,0.));
#8841=DIRECTION('center_axis',(0.,6.99601540291004E-15,1.));
#8842=DIRECTION('ref_axis',(0.,-1.,6.99601540291004E-15));
#8843=DIRECTION('',(-1.,0.,0.));
#8844=DIRECTION('',(0.,-1.,6.99601540291004E-15));
#8845=DIRECTION('center_axis',(0.,6.99601540291004E-15,1.));
#8846=DIRECTION('ref_axis',(0.,-1.,6.99601540291004E-15));
#8847=DIRECTION('',(0.,1.,-6.99601540291004E-15));
#8848=DIRECTION('',(-1.,0.,0.));
#8849=DIRECTION('center_axis',(-1.,0.,0.));
#8850=DIRECTION('ref_axis',(0.,-1.,6.99601540291004E-15));
#8851=DIRECTION('',(0.,-1.,6.99601540291004E-15));
#8852=DIRECTION('',(0.,6.72454890748126E-15,1.));
#8853=DIRECTION('center_axis',(0.,6.72454890748126E-15,1.));
#8854=DIRECTION('ref_axis',(-1.,0.,0.));
#8855=DIRECTION('center_axis',(0.,6.99601540291004E-15,1.));
#8856=DIRECTION('ref_axis',(-1.,0.,0.));
#8857=DIRECTION('',(0.,6.72454890748126E-15,1.));
#8858=DIRECTION('center_axis',(0.,1.,-6.72454890748126E-15));
#8859=DIRECTION('ref_axis',(-1.,0.,0.));
#8860=DIRECTION('',(-1.,0.,0.));
#8861=DIRECTION('',(0.,6.72454890748126E-15,1.));
#8862=DIRECTION('center_axis',(0.,6.72454890748126E-15,1.));
#8863=DIRECTION('ref_axis',(0.,1.,-6.72454890748126E-15));
#8864=DIRECTION('center_axis',(0.,6.99601540291004E-15,1.));
#8865=DIRECTION('ref_axis',(0.,1.,-6.72454890748126E-15));
#8866=DIRECTION('center_axis',(1.,-7.54220635763192E-16,-1.81785306419397E-15));
#8867=DIRECTION('ref_axis',(0.,-0.924102354285619,-0.382145049429893));
#8868=DIRECTION('center_axis',(1.,0.,0.));
#8869=DIRECTION('ref_axis',(0.,-0.923656397074556,0.383221685377079));
#8870=DIRECTION('',(1.,-7.54220635763192E-16,-1.81785306419397E-15));
#8871=DIRECTION('center_axis',(-1.,0.,0.));
#8872=DIRECTION('ref_axis',(0.,-0.383221685377091,-0.923656397074551));
#8873=DIRECTION('center_axis',(0.,0.923656397074555,-0.383221685377083));
#8874=DIRECTION('ref_axis',(0.,0.383221685377084,0.923656397074555));
#8875=DIRECTION('center_axis',(0.,0.383221685377081,0.923656397074556));
#8876=DIRECTION('ref_axis',(-1.,0.,0.));
#8877=DIRECTION('center_axis',(0.,0.923656397074555,-0.383221685377083));
#8878=DIRECTION('ref_axis',(0.70710678118654,0.270978652427876,0.653123701857759));
#8879=DIRECTION('center_axis',(0.,-0.383221685377083,-0.923656397074555));
#8880=DIRECTION('ref_axis',(-0.707106781186538,-0.653123701857757,0.270978652427886));
#8881=DIRECTION('center_axis',(5.36014536870924E-15,0.383221685377091,0.923656397074552));
#8882=DIRECTION('ref_axis',(-1.,1.39870617275608E-14,0.));
#8883=DIRECTION('',(0.,-0.383221685377083,-0.923656397074555));
#8884=DIRECTION('center_axis',(0.,0.923656397074555,-0.383221685377083));
#8885=DIRECTION('ref_axis',(0.,0.383221685377084,0.923656397074555));
#8886=DIRECTION('center_axis',(1.,0.,0.));
#8887=DIRECTION('ref_axis',(0.,0.383221685377079,0.923656397074556));
#8888=DIRECTION('center_axis',(0.,0.923656397074555,-0.383221685377083));
#8889=DIRECTION('ref_axis',(0.707106781186546,-0.270978652427874,-0.653123701857753));
#8890=DIRECTION('center_axis',(-1.,0.,0.));
#8891=DIRECTION('ref_axis',(0.,-0.382145049429883,0.924102354285624));
#8892=DIRECTION('center_axis',(1.,0.,0.));
#8893=DIRECTION('ref_axis',(0.,0.383221685377084,0.923656397074554));
#8894=DIRECTION('',(-1.,0.,0.));
#8895=DIRECTION('center_axis',(0.,0.923656397074555,-0.383221685377083));
#8896=DIRECTION('ref_axis',(0.,0.383221685377084,0.923656397074555));
#8897=DIRECTION('center_axis',(0.,-0.383221685377081,-0.923656397074556));
#8898=DIRECTION('ref_axis',(1.,0.,0.));
#8899=DIRECTION('center_axis',(0.,0.923656397074555,-0.383221685377083));
#8900=DIRECTION('ref_axis',(-0.707106781186546,-0.270978652427874,-0.653123701857753));
#8901=DIRECTION('center_axis',(0.,0.383221685377083,0.923656397074555));
#8902=DIRECTION('ref_axis',(0.707106781186538,-0.653123701857757,0.270978652427886));
#8903=DIRECTION('center_axis',(0.,-0.383221685377091,-0.923656397074552));
#8904=DIRECTION('ref_axis',(1.,0.,0.));
#8905=DIRECTION('',(0.,0.383221685377083,0.923656397074555));
#8906=DIRECTION('center_axis',(0.,0.923656397074555,-0.383221685377083));
#8907=DIRECTION('ref_axis',(0.,0.383221685377085,0.923656397074554));
#8908=DIRECTION('center_axis',(0.,0.923656397074555,-0.383221685377083));
#8909=DIRECTION('ref_axis',(-0.707106781186543,0.270978652427875,0.653123701857756));
#8910=DIRECTION('center_axis',(0.,0.923656397074555,-0.383221685377083));
#8911=DIRECTION('ref_axis',(0.,-0.383221685377083,-0.923656397074555));
#8912=DIRECTION('',(0.,0.923656397074555,-0.383221685377083));
#8913=DIRECTION('',(0.,0.923656397074555,-0.383221685377083));
#8914=DIRECTION('center_axis',(1.,0.,0.));
#8915=DIRECTION('ref_axis',(0.,-0.383221685377083,-0.923656397074555));
#8916=DIRECTION('',(0.,0.923656397074555,-0.383221685377083));
#8917=DIRECTION('center_axis',(0.,0.923656397074555,-0.383221685377083));
#8918=DIRECTION('ref_axis',(1.,3.70542512087275E-15,8.93096541080956E-15));
#8919=DIRECTION('',(0.,0.923656397074555,-0.383221685377083));
#8920=DIRECTION('center_axis',(1.96810531486769E-15,0.383221685377083,0.923656397074555));
#8921=DIRECTION('ref_axis',(1.,-7.54220635763192E-16,-1.81785306419397E-15));
#8922=DIRECTION('',(0.,0.923656397074555,-0.383221685377083));
#8923=DIRECTION('center_axis',(0.,0.,1.));
#8924=DIRECTION('ref_axis',(0.707106781186577,0.707106781186518,0.));
#8925=DIRECTION('center_axis',(0.,0.,1.));
#8926=DIRECTION('ref_axis',(1.,0.,0.));
#8927=DIRECTION('',(0.,0.,1.));
#8928=DIRECTION('center_axis',(0.,0.,-1.));
#8929=DIRECTION('ref_axis',(0.,1.,0.));
#8930=DIRECTION('',(0.,0.,-1.));
#8931=DIRECTION('center_axis',(-1.,0.,0.));
#8932=DIRECTION('ref_axis',(0.,0.,1.));
#8933=DIRECTION('center_axis',(0.,-1.,-1.39870617275611E-14));
#8934=DIRECTION('ref_axis',(0.,1.39870617275611E-14,-1.));
#8935=DIRECTION('center_axis',(1.,0.,0.));
#8936=DIRECTION('ref_axis',(0.,-0.707106781186547,0.707106781186548));
#8937=DIRECTION('center_axis',(-1.,0.,0.));
#8938=DIRECTION('ref_axis',(0.,-0.707106781186547,0.707106781186548));
#8939=DIRECTION('center_axis',(0.,1.,-1.72997231038116E-16));
#8940=DIRECTION('ref_axis',(0.707106781186577,0.,-0.707106781186518));
#8941=DIRECTION('center_axis',(0.,-1.,0.));
#8942=DIRECTION('ref_axis',(0.,0.,-1.));
#8943=DIRECTION('',(0.,-1.,1.72997231038116E-16));
#8944=DIRECTION('',(0.,1.,-1.72997231038116E-16));
#8945=DIRECTION('center_axis',(-1.,0.,0.));
#8946=DIRECTION('ref_axis',(0.,0.,1.));
#8947=DIRECTION('center_axis',(0.,6.99353086378057E-15,1.));
#8948=DIRECTION('ref_axis',(0.,-1.,6.99353086378057E-15));
#8949=DIRECTION('center_axis',(1.,0.,0.));
#8950=DIRECTION('ref_axis',(0.,0.707106781186548,0.707106781186548));
#8951=DIRECTION('center_axis',(-1.,0.,0.));
#8952=DIRECTION('ref_axis',(0.,0.707106781186548,0.707106781186548));
#8953=DIRECTION('center_axis',(0.,8.04088397052391E-15,-1.));
#8954=DIRECTION('ref_axis',(0.707106781186587,-0.707106781186508,0.));
#8955=DIRECTION('center_axis',(0.,-6.99353086378057E-15,1.));
#8956=DIRECTION('ref_axis',(0.,-1.,-6.99353086378057E-15));
#8957=DIRECTION('',(0.,-8.04088397052391E-15,1.));
#8958=DIRECTION('',(0.,8.04088397052391E-15,-1.));
#8959=DIRECTION('center_axis',(-1.,0.,0.));
#8960=DIRECTION('ref_axis',(0.,0.,1.));
#8961=DIRECTION('center_axis',(0.,1.,-1.3987061727561E-14));
#8962=DIRECTION('ref_axis',(0.,1.3987061727561E-14,1.));
#8963=DIRECTION('center_axis',(1.,0.,0.));
#8964=DIRECTION('ref_axis',(0.,0.707106781186547,-0.707106781186548));
#8965=DIRECTION('center_axis',(-1.,0.,0.));
#8966=DIRECTION('ref_axis',(0.,0.707106781186547,-0.707106781186548));
#8967=DIRECTION('center_axis',(0.,-1.,0.));
#8968=DIRECTION('ref_axis',(0.707106781186572,0.,0.707106781186523));
#8969=DIRECTION('center_axis',(0.,1.,0.));
#8970=DIRECTION('ref_axis',(0.,0.,1.));
#8971=DIRECTION('',(0.,1.,0.));
#8972=DIRECTION('',(0.,-1.,0.));
#8973=DIRECTION('center_axis',(-1.,0.,0.));
#8974=DIRECTION('ref_axis',(0.,0.,1.));
#8975=DIRECTION('center_axis',(1.,0.,0.));
#8976=DIRECTION('ref_axis',(0.,-0.707106781186548,-0.707106781186547));
#8977=DIRECTION('center_axis',(-1.,0.,0.));
#8978=DIRECTION('ref_axis',(0.,-0.707106781186548,-0.707106781186546));
#8979=DIRECTION('center_axis',(-1.,0.,0.));
#8980=DIRECTION('ref_axis',(0.,1.,-1.04902962956709E-14));
#8981=DIRECTION('',(-1.,0.,0.));
#8982=DIRECTION('center_axis',(1.,0.,0.));
#8983=DIRECTION('ref_axis',(0.,1.,-1.04902962956709E-14));
#8984=DIRECTION('',(-1.,0.,0.));
#8985=DIRECTION('center_axis',(0.,1.72997231038116E-16,1.));
#8986=DIRECTION('ref_axis',(0.,1.,-1.72997231038116E-16));
#8987=DIRECTION('',(-1.,0.,0.));
#8988=DIRECTION('',(0.,-1.,1.72997231038116E-16));
#8989=DIRECTION('center_axis',(-1.,0.,0.));
#8990=DIRECTION('ref_axis',(0.,-6.99353086378046E-15,1.));
#8991=DIRECTION('',(-1.,0.,0.));
#8992=DIRECTION('center_axis',(1.,0.,0.));
#8993=DIRECTION('ref_axis',(0.,-6.99353086378046E-15,1.));
#8994=DIRECTION('center_axis',(0.,-1.,0.));
#8995=DIRECTION('ref_axis',(0.,0.,1.));
#8996=DIRECTION('',(-1.,0.,0.));
#8997=DIRECTION('',(0.,0.,-1.));
#8998=DIRECTION('center_axis',(1.,0.,0.));
#8999=DIRECTION('ref_axis',(0.,0.,-1.));
#9000=DIRECTION('',(0.,0.,-1.));
#9001=DIRECTION('',(0.,1.,-6.99601540291004E-15));
#9002=DIRECTION('',(0.,0.383221685377083,0.923656397074555));
#9003=DIRECTION('',(0.,0.,1.));
#9004=DIRECTION('',(0.,-1.,9.11460676921367E-15));
#9005=DIRECTION('center_axis',(-1.,0.,0.));
#9006=DIRECTION('ref_axis',(0.,-1.,-1.74838271594512E-15));
#9007=DIRECTION('',(-1.,0.,0.));
#9008=DIRECTION('center_axis',(1.,0.,0.));
#9009=DIRECTION('ref_axis',(0.,-1.,-1.74838271594512E-15));
#9010=DIRECTION('center_axis',(0.,0.,-1.));
#9011=DIRECTION('ref_axis',(0.,-1.,0.));
#9012=DIRECTION('',(-1.,0.,0.));
#9013=DIRECTION('',(0.,1.,0.));
#9014=DIRECTION('center_axis',(-1.,0.,0.));
#9015=DIRECTION('ref_axis',(0.,-1.04902962956709E-14,-1.));
#9016=DIRECTION('',(-1.,0.,0.));
#9017=DIRECTION('center_axis',(1.,0.,0.));
#9018=DIRECTION('ref_axis',(0.,-1.04902962956709E-14,-1.));
#9019=DIRECTION('center_axis',(0.,1.,8.04088397052391E-15));
#9020=DIRECTION('ref_axis',(0.,8.04088397052391E-15,-1.));
#9021=DIRECTION('',(0.,-8.04088397052391E-15,1.));
#9022=DIRECTION('center_axis',(0.,-1.,6.99601540291004E-15));
#9023=DIRECTION('ref_axis',(-0.707106781186548,3.9561384785733E-15,0.707106781186548));
#9024=DIRECTION('center_axis',(-0.00502427896168833,0.383291310297361,0.923613841424785));
#9025=DIRECTION('ref_axis',(-0.00208499904149332,-0.923627506871971,0.383285639345469));
#9026=DIRECTION('center_axis',(-0.00502427896168833,0.383291310297361,0.923613841424785));
#9027=DIRECTION('ref_axis',(-0.00208499904149332,-0.923627506871971,0.383285639345469));
#9028=DIRECTION('center_axis',(0.,0.923656397074555,-0.383221685377083));
#9029=DIRECTION('ref_axis',(0.,0.383221685377083,0.923656397074555));
#9030=DIRECTION('',(0.,-1.,6.99601540291004E-15));
#9031=DIRECTION('center_axis',(0.,1.,0.));
#9032=DIRECTION('ref_axis',(-0.707106781186548,3.9561384785733E-15,0.707106781186548));
#9033=DIRECTION('',(0.,1.,-6.99601540291004E-15));
#9034=DIRECTION('center_axis',(0.,-0.923656397074555,0.383221685377083));
#9035=DIRECTION('ref_axis',(0.,-0.383221685377083,-0.923656397074555));
#9036=DIRECTION('',(-0.00502409801738295,0.38321684878981,0.923644739736399));
#9037=DIRECTION('',(-0.00502409801738295,0.38321684878981,0.923644739736399));
#9038=DIRECTION('center_axis',(0.,0.923656397074555,-0.383221685377083));
#9039=DIRECTION('ref_axis',(-4.78584407920468E-17,-0.383221685377083,-0.923656397074555));
#9040=DIRECTION('',(0.,0.383221685377083,0.923656397074555));
#9041=DIRECTION('center_axis',(0.,0.,-1.));
#9042=DIRECTION('ref_axis',(-0.707106781186547,-0.707106781186548,0.));
#9043=DIRECTION('center_axis',(0.00502427896168833,-0.383291310297361,-0.923613841424785));
#9044=DIRECTION('ref_axis',(0.0121059226744043,-0.923534501092216,0.3833242386395));
#9045=DIRECTION('center_axis',(0.00502427896168833,-0.383291310297361,-0.923613841424785));
#9046=DIRECTION('ref_axis',(0.0121059226744043,-0.923534501092216,0.3833242386395));
#9047=DIRECTION('center_axis',(0.,-0.893133185826665,0.44979229915052));
#9048=DIRECTION('ref_axis',(0.,-0.44979229915052,-0.893133185826665));
#9049=DIRECTION('',(0.,0.,1.));
#9050=DIRECTION('center_axis',(0.,0.,1.));
#9051=DIRECTION('ref_axis',(-1.,0.,0.));
#9052=DIRECTION('',(0.,0.,-1.));
#9053=DIRECTION('center_axis',(0.,0.,-1.));
#9054=DIRECTION('ref_axis',(-0.707106781186547,-0.707106781186548,0.));
#9055=DIRECTION('center_axis',(0.,-0.81174782047917,0.584008112912241));
#9056=DIRECTION('ref_axis',(0.,-0.584008112912241,-0.81174782047917));
#9057=DIRECTION('center_axis',(0.,-0.860247574317123,0.509876564357988));
#9058=DIRECTION('ref_axis',(0.,-0.509876564357988,-0.860247574317123));
#9059=DIRECTION('',(0.,0.,-1.));
#9060=DIRECTION('center_axis',(0.,0.,1.));
#9061=DIRECTION('ref_axis',(-1.,0.,0.));
#9062=DIRECTION('',(0.,0.,1.));
#9063=DIRECTION('center_axis',(-0.00715972293223923,0.923588036762451,-0.38331954909294));
#9064=DIRECTION('ref_axis',(0.002971432280147,-0.383308031884305,-0.923615787697019));
#9065=DIRECTION('center_axis',(-0.00502427896168833,0.383291310297361,0.923613841424785));
#9066=DIRECTION('ref_axis',(0.0121059226744041,-0.923534501092216,0.3833242386395));
#9067=DIRECTION('center_axis',(1.,0.,0.));
#9068=DIRECTION('ref_axis',(0.,-0.555294449741363,0.8316538186568));
#9069=DIRECTION('center_axis',(-1.,0.,0.));
#9070=DIRECTION('ref_axis',(0.,-0.555294449741363,0.8316538186568));
#9071=DIRECTION('',(1.,0.,0.));
#9072=DIRECTION('center_axis',(1.,0.,0.));
#9073=DIRECTION('ref_axis',(0.,-0.555294449741363,0.8316538186568));
#9074=DIRECTION('',(-1.,0.,0.));
#9075=DIRECTION('center_axis',(0.,0.,1.));
#9076=DIRECTION('ref_axis',(0.,-1.,0.));
#9077=DIRECTION('',(0.,-1.,0.));
#9078=DIRECTION('',(-1.,0.,0.));
#9079=DIRECTION('',(0.,1.,0.));
#9080=DIRECTION('center_axis',(1.,0.,0.));
#9081=DIRECTION('ref_axis',(0.,0.707106781186547,0.707106781186547));
#9082=DIRECTION('center_axis',(-1.,0.,0.));
#9083=DIRECTION('ref_axis',(0.,0.707106781186547,0.707106781186547));
#9084=DIRECTION('',(1.,0.,0.));
#9085=DIRECTION('center_axis',(1.,0.,0.));
#9086=DIRECTION('ref_axis',(0.,0.707106781186547,0.707106781186547));
#9087=DIRECTION('center_axis',(0.,1.,0.));
#9088=DIRECTION('ref_axis',(0.,0.,1.));
#9089=DIRECTION('',(0.,0.,1.));
#9090=DIRECTION('',(-1.,0.,0.));
#9091=DIRECTION('',(0.,0.,-1.));
#9092=DIRECTION('center_axis',(1.,0.,0.));
#9093=DIRECTION('ref_axis',(0.,0.555294449741361,-0.831653818656801));
#9094=DIRECTION('center_axis',(-1.,0.,0.));
#9095=DIRECTION('ref_axis',(0.,0.555294449741361,-0.831653818656801));
#9096=DIRECTION('',(1.,0.,0.));
#9097=DIRECTION('center_axis',(1.,0.,0.));
#9098=DIRECTION('ref_axis',(0.,0.555294449741361,-0.831653818656801));
#9099=DIRECTION('',(-1.,0.,0.));
#9100=DIRECTION('center_axis',(0.,0.,-1.));
#9101=DIRECTION('ref_axis',(0.,1.,0.));
#9102=DIRECTION('',(0.,1.,0.));
#9103=DIRECTION('',(-1.,0.,0.));
#9104=DIRECTION('',(0.,-1.,0.));
#9105=DIRECTION('center_axis',(1.,0.,0.));
#9106=DIRECTION('ref_axis',(0.,0.98072052573928,-0.195415583804542));
#9107=DIRECTION('center_axis',(-1.,0.,0.));
#9108=DIRECTION('ref_axis',(0.,0.98072052573928,-0.195415583804542));
#9109=DIRECTION('',(1.,0.,0.));
#9110=DIRECTION('center_axis',(1.,0.,0.));
#9111=DIRECTION('ref_axis',(0.,0.98072052573928,-0.195415583804542));
#9112=DIRECTION('center_axis',(0.,0.923625499212661,-0.383296148172877));
#9113=DIRECTION('ref_axis',(0.,0.383296148172876,0.92362549921266));
#9114=DIRECTION('',(0.,-0.383296148172876,-0.92362549921266));
#9115=DIRECTION('',(0.,0.383296148172876,0.92362549921266));
#9116=DIRECTION('center_axis',(1.,0.,0.));
#9117=DIRECTION('ref_axis',(0.,-0.831653818656801,-0.555294449741361));
#9118=DIRECTION('center_axis',(-1.,0.,0.));
#9119=DIRECTION('ref_axis',(0.,-0.831653818656801,-0.555294449741361));
#9120=DIRECTION('',(1.,0.,0.));
#9121=DIRECTION('center_axis',(1.,0.,0.));
#9122=DIRECTION('ref_axis',(0.,-0.831653818656801,-0.555294449741361));
#9123=DIRECTION('center_axis',(0.,-0.923625499212661,0.383296148172876));
#9124=DIRECTION('ref_axis',(0.,-0.383296148172876,-0.923625499212661));
#9125=DIRECTION('',(0.,0.383296148172876,0.923625499212661));
#9126=DIRECTION('',(0.,-0.383296148172876,-0.923625499212661));
#9127=DIRECTION('center_axis',(0.,0.,1.));
#9128=DIRECTION('ref_axis',(0.707106781186567,0.707106781186528,0.));
#9129=DIRECTION('center_axis',(0.,0.,1.));
#9130=DIRECTION('ref_axis',(1.,0.,0.));
#9131=DIRECTION('',(0.,0.,1.));
#9132=DIRECTION('center_axis',(0.,0.,-1.));
#9133=DIRECTION('ref_axis',(0.,1.,0.));
#9134=DIRECTION('center_axis',(0.,-1.,0.));
#9135=DIRECTION('ref_axis',(0.,0.,-1.));
#9136=DIRECTION('center_axis',(0.,1.,0.));
#9137=DIRECTION('ref_axis',(0.707106781186543,0.,0.707106781186552));
#9138=DIRECTION('center_axis',(0.,-1.,0.));
#9139=DIRECTION('ref_axis',(0.707106781186543,0.,0.707106781186552));
#9140=DIRECTION('center_axis',(0.,-1.,0.));
#9141=DIRECTION('ref_axis',(0.,0.,-1.));
#9142=DIRECTION('center_axis',(0.,0.,1.));
#9143=DIRECTION('ref_axis',(0.,1.,0.));
#9144=DIRECTION('center_axis',(0.,1.,0.));
#9145=DIRECTION('ref_axis',(-0.707106781186546,0.,0.707106781186549));
#9146=DIRECTION('center_axis',(0.,-1.,0.));
#9147=DIRECTION('ref_axis',(-0.707106781186546,0.,0.707106781186549));
#9148=DIRECTION('center_axis',(0.,0.,-1.));
#9149=DIRECTION('ref_axis',(-0.707106781186528,0.707106781186567,0.));
#9150=DIRECTION('center_axis',(0.,0.,1.));
#9151=DIRECTION('ref_axis',(0.,1.,0.));
#9152=DIRECTION('',(0.,0.,1.));
#9153=DIRECTION('',(0.,0.,-1.));
#9154=DIRECTION('center_axis',(0.,-1.,0.));
#9155=DIRECTION('ref_axis',(0.,0.,-1.));
#9156=DIRECTION('center_axis',(-1.,0.,0.));
#9157=DIRECTION('ref_axis',(0.,1.,0.));
#9158=DIRECTION('center_axis',(0.,1.,0.));
#9159=DIRECTION('ref_axis',(-0.707106781186546,0.,-0.707106781186549));
#9160=DIRECTION('center_axis',(0.,-1.,0.));
#9161=DIRECTION('ref_axis',(-0.707106781186546,0.,-0.707106781186549));
#9162=DIRECTION('center_axis',(1.,0.,0.));
#9163=DIRECTION('ref_axis',(0.,0.707106781186557,-0.707106781186538));
#9164=DIRECTION('center_axis',(-1.,0.,0.));
#9165=DIRECTION('ref_axis',(0.,1.,0.));
#9166=DIRECTION('',(-1.,0.,0.));
#9167=DIRECTION('',(1.,0.,0.));
#9168=DIRECTION('center_axis',(0.,-1.,0.));
#9169=DIRECTION('ref_axis',(0.,0.,-1.));
#9170=DIRECTION('center_axis',(0.,1.,0.));
#9171=DIRECTION('ref_axis',(0.707106781186543,0.,-0.707106781186552));
#9172=DIRECTION('center_axis',(0.,-1.,0.));
#9173=DIRECTION('ref_axis',(0.707106781186543,0.,-0.707106781186552));
#9174=DIRECTION('center_axis',(0.,1.,-9.11460676921367E-15));
#9175=DIRECTION('ref_axis',(-0.707106781186547,-5.93420771785995E-15,-0.707106781186549));
#9176=DIRECTION('',(0.,-1.,9.11460676921367E-15));
#9177=DIRECTION('center_axis',(0.,1.,-9.79094320929272E-15));
#9178=DIRECTION('ref_axis',(0.,-9.79094320929272E-15,-1.));
#9179=DIRECTION('',(0.,1.,-9.11460676921367E-15));
#9180=DIRECTION('center_axis',(0.,-9.11460676921367E-15,-1.));
#9181=DIRECTION('ref_axis',(0.,1.,-9.11460676921367E-15));
#9182=DIRECTION('',(0.,1.,-9.11460676921367E-15));
#9183=DIRECTION('',(1.,0.,0.));
#9184=DIRECTION('center_axis',(0.,1.,-9.11460676921367E-15));
#9185=DIRECTION('ref_axis',(0.707106781186543,-5.93420771785998E-15,-0.707106781186552));
#9186=DIRECTION('center_axis',(0.,1.,-9.79094320929272E-15));
#9187=DIRECTION('ref_axis',(1.,0.,0.));
#9188=DIRECTION('center_axis',(0.,-1.,0.));
#9189=DIRECTION('ref_axis',(0.,0.,-1.));
#9190=DIRECTION('',(0.,0.,1.));
#9191=DIRECTION('center_axis',(0.,1.,0.));
#9192=DIRECTION('ref_axis',(-0.707106781186547,-5.93420771785995E-15,-0.707106781186549));
#9193=DIRECTION('',(-1.,0.,0.));
#9194=DIRECTION('center_axis',(0.,1.,0.));
#9195=DIRECTION('ref_axis',(0.707106781186543,-5.93420771785998E-15,-0.707106781186552));
#9196=DIRECTION('',(0.,0.,-1.));
#9197=DIRECTION('center_axis',(0.,1.,0.));
#9198=DIRECTION('ref_axis',(0.707106781186544,3.95613847857333E-15,0.707106781186552));
#9199=DIRECTION('',(1.,0.,0.));
#9200=DIRECTION('center_axis',(0.,0.923656397074555,-0.383221685377083));
#9201=DIRECTION('ref_axis',(1.,0.,0.));
#9202=DIRECTION('',(0.,0.923656397074555,-0.383221685377083));
#9203=DIRECTION('center_axis',(0.,0.923656397074555,-0.383221685377083));
#9204=DIRECTION('ref_axis',(1.,0.,0.));
#9205=DIRECTION('',(0.,0.923656397074555,-0.383221685377083));
#9206=DIRECTION('center_axis',(-1.,0.,0.));
#9207=DIRECTION('ref_axis',(0.,0.383221685377083,0.923656397074555));
#9208=DIRECTION('',(0.,0.923656397074555,-0.383221685377083));
#9209=DIRECTION('',(0.,0.923656397074555,-0.383221685377083));
#9210=DIRECTION('center_axis',(0.,0.923656397074555,-0.383221685377083));
#9211=DIRECTION('ref_axis',(-1.,0.,0.));
#9212=DIRECTION('',(0.,0.923656397074555,-0.383221685377083));
#9213=DIRECTION('center_axis',(0.,-0.383221685377083,-0.923656397074555));
#9214=DIRECTION('ref_axis',(-1.,0.,0.));
#9215=DIRECTION('center_axis',(0.,0.923656397074555,-0.383221685377083));
#9216=DIRECTION('ref_axis',(0.,0.383221685377083,0.923656397074555));
#9217=DIRECTION('center_axis',(0.,-1.,0.));
#9218=DIRECTION('ref_axis',(0.,0.,-1.));
#9219=DIRECTION('',(0.999999995478223,0.,9.50976021826225E-5));
#9220=DIRECTION('',(-0.999999995109253,0.,-9.89014328263009E-5));
#9221=DIRECTION('',(9.9183269044874E-5,0.,-0.99999999508134));
#9222=DIRECTION('',(-0.999999994791517,0.,-0.000102063538660803));
#9223=DIRECTION('',(8.44240447928338E-5,0.,-0.99999999643629));
#9224=DIRECTION('',(-8.98924377163657E-5,0.,0.999999995959675));
#9225=DIRECTION('',(0.999999995014698,0.,9.98529145733364E-5));
#9226=DIRECTION('',(-0.00010494142898678,0.,0.999999994493648));
#9227=DIRECTION('',(-0.999999995144268,0.,-9.85467632457626E-5));
#9228=DIRECTION('',(0.000104940970126142,0.,-0.999999994493696));
#9229=DIRECTION('',(0.999999995171828,0.,9.82667016950266E-5));
#9230=DIRECTION('',(0.000102081570299334,0.,-0.999999994789676));
#9231=DIRECTION('',(0.000105408232324442,0.,-0.999999994444552));
#9232=DIRECTION('',(0.999999995199621,0.,9.79834614582642E-5));
#9233=DIRECTION('',(-8.90302928226743E-5,0.,0.999999996036803));
#9234=DIRECTION('',(0.000140822755561193,0.,-0.999999990084476));
#9235=DIRECTION('',(-0.00010787719197623,0.,0.999999994181256));
#9236=DIRECTION('',(-0.627235877745039,0.,0.778829348233238));
#9237=DIRECTION('',(0.999999994365334,0.,0.000106157111928379));
#9238=DIRECTION('',(5.69873629597082E-5,0.,-0.99999999837622));
#9239=DIRECTION('center_axis',(-9.50976021826225E-5,0.,0.999999995478223));
#9240=DIRECTION('ref_axis',(0.999999995478223,0.,9.50976021826225E-5));
#9241=DIRECTION('',(-0.999999995478223,0.,-9.50976021826225E-5));
#9242=DIRECTION('',(0.,-1.,0.));
#9243=DIRECTION('',(0.,-1.,0.));
#9244=DIRECTION('',(0.,-1.,0.));
#9245=DIRECTION('center_axis',(9.89014328263009E-5,0.,-0.999999995109253));
#9246=DIRECTION('ref_axis',(-0.999999995109253,0.,-9.89014328263009E-5));
#9247=DIRECTION('',(0.999999995109253,0.,9.89014328263009E-5));
#9248=DIRECTION('',(0.,-1.,0.));
#9249=DIRECTION('center_axis',(0.99999999508134,0.,9.9183269044874E-5));
#9250=DIRECTION('ref_axis',(9.9183269044874E-5,0.,-0.999999995081339));
#9251=DIRECTION('',(-9.9183269044874E-5,0.,0.999999995081339));
#9252=DIRECTION('',(0.,-1.,0.));
#9253=DIRECTION('',(0.,-1.,0.));
#9254=DIRECTION('center_axis',(0.000102063538660803,0.,-0.999999994791517));
#9255=DIRECTION('ref_axis',(-0.999999994791517,0.,-0.000102063538660803));
#9256=DIRECTION('',(0.999999994791517,0.,0.000102063538660803));
#9257=DIRECTION('',(0.,-1.,0.));
#9258=DIRECTION('center_axis',(0.99999999643629,0.,8.44240447928338E-5));
#9259=DIRECTION('ref_axis',(8.44240447928338E-5,0.,-0.99999999643629));
#9260=DIRECTION('',(-8.44240447928338E-5,0.,0.99999999643629));
#9261=DIRECTION('',(0.,-1.,0.));
#9262=DIRECTION('',(0.,-1.,0.));
#9263=DIRECTION('',(0.,-1.,0.));
#9264=DIRECTION('',(0.,-1.,0.));
#9265=DIRECTION('center_axis',(-0.999999995959675,0.,-8.98924377163657E-5));
#9266=DIRECTION('ref_axis',(-8.98924377163657E-5,0.,0.999999995959675));
#9267=DIRECTION('',(8.98924377163658E-5,0.,-0.999999995959675));
#9268=DIRECTION('',(0.,-1.,0.));
#9269=DIRECTION('center_axis',(-9.98529145733364E-5,0.,0.999999995014698));
#9270=DIRECTION('ref_axis',(0.999999995014698,0.,9.98529145733364E-5));
#9271=DIRECTION('',(-0.999999995014698,0.,-9.98529145733364E-5));
#9272=DIRECTION('',(0.,-1.,0.));
#9273=DIRECTION('center_axis',(-0.999999994493648,0.,-0.00010494142898678));
#9274=DIRECTION('ref_axis',(-0.00010494142898678,0.,0.999999994493648));
#9275=DIRECTION('',(0.00010494142898678,0.,-0.999999994493648));
#9276=DIRECTION('',(0.,-1.,0.));
#9277=DIRECTION('center_axis',(9.85467632457626E-5,0.,-0.999999995144268));
#9278=DIRECTION('ref_axis',(-0.999999995144268,0.,-9.85467632457626E-5));
#9279=DIRECTION('',(0.999999995144268,0.,9.85467632457626E-5));
#9280=DIRECTION('',(0.,-1.,0.));
#9281=DIRECTION('center_axis',(0.999999994493696,0.,0.000104940970126142));
#9282=DIRECTION('ref_axis',(0.000104940970126142,0.,-0.999999994493696));
#9283=DIRECTION('',(-0.000104940970126142,0.,0.999999994493696));
#9284=DIRECTION('',(0.,-1.,0.));
#9285=DIRECTION('center_axis',(-9.82667016950266E-5,0.,0.999999995171828));
#9286=DIRECTION('ref_axis',(0.999999995171828,0.,9.82667016950266E-5));
#9287=DIRECTION('',(-0.999999995171828,0.,-9.82667016950266E-5));
#9288=DIRECTION('',(0.,-1.,0.));
#9289=DIRECTION('center_axis',(0.999999994789676,0.,0.000102081570299334));
#9290=DIRECTION('ref_axis',(0.000102081570299334,0.,-0.999999994789676));
#9291=DIRECTION('',(-0.000102081570299334,0.,0.999999994789676));
#9292=DIRECTION('',(0.,-1.,0.));
#9293=DIRECTION('',(0.,-1.,0.));
#9294=DIRECTION('center_axis',(0.999999994444552,0.,0.000105408232324442));
#9295=DIRECTION('ref_axis',(0.000105408232324442,0.,-0.999999994444552));
#9296=DIRECTION('',(-0.000105408232324442,0.,0.999999994444552));
#9297=DIRECTION('',(0.,-1.,0.));
#9298=DIRECTION('center_axis',(-9.79834614582642E-5,0.,0.999999995199621));
#9299=DIRECTION('ref_axis',(0.999999995199621,0.,9.79834614582642E-5));
#9300=DIRECTION('',(-0.999999995199621,0.,-9.79834614582642E-5));
#9301=DIRECTION('',(0.,-1.,0.));
#9302=DIRECTION('center_axis',(-0.999999996036804,0.,-8.90302928226744E-5));
#9303=DIRECTION('ref_axis',(-8.90302928226743E-5,0.,0.999999996036803));
#9304=DIRECTION('',(8.90302928226743E-5,0.,-0.999999996036803));
#9305=DIRECTION('',(0.,-1.,0.));
#9306=DIRECTION('',(0.,-1.,0.));
#9307=DIRECTION('',(0.,-1.,0.));
#9308=DIRECTION('',(0.,-1.,0.));
#9309=DIRECTION('center_axis',(0.999999990084476,0.,0.000140822755561193));
#9310=DIRECTION('ref_axis',(0.000140822755561193,0.,-0.999999990084476));
#9311=DIRECTION('',(-0.000140822755561193,0.,0.999999990084476));
#9312=DIRECTION('',(0.,-1.,0.));
#9313=DIRECTION('',(0.,-1.,0.));
#9314=DIRECTION('center_axis',(-0.999999994181256,0.,-0.00010787719197623));
#9315=DIRECTION('ref_axis',(-0.00010787719197623,0.,0.999999994181256));
#9316=DIRECTION('',(0.00010787719197623,0.,-0.999999994181256));
#9317=DIRECTION('',(0.,-1.,0.));
#9318=DIRECTION('center_axis',(-0.778829348233238,0.,-0.627235877745039));
#9319=DIRECTION('ref_axis',(-0.627235877745039,0.,0.778829348233238));
#9320=DIRECTION('',(0.627235877745039,0.,-0.778829348233238));
#9321=DIRECTION('',(0.,-1.,0.));
#9322=DIRECTION('center_axis',(-0.000106157111928379,0.,0.999999994365334));
#9323=DIRECTION('ref_axis',(0.999999994365334,0.,0.000106157111928379));
#9324=DIRECTION('',(-0.999999994365334,0.,-0.000106157111928379));
#9325=DIRECTION('',(0.,-1.,0.));
#9326=DIRECTION('center_axis',(0.99999999837622,0.,5.69873629597082E-5));
#9327=DIRECTION('ref_axis',(5.69873629597083E-5,0.,-0.99999999837622));
#9328=DIRECTION('',(-5.69873629597083E-5,0.,0.99999999837622));
#9329=DIRECTION('',(0.,-1.,0.));
#9330=DIRECTION('',(0.,-1.,0.));
#9331=DIRECTION('',(0.,-1.,0.));
#9332=DIRECTION('',(0.,-1.,0.));
#9333=DIRECTION('',(0.,-1.,0.));
#9334=DIRECTION('center_axis',(0.,-1.,0.));
#9335=DIRECTION('ref_axis',(0.,0.,-1.));
#9336=DIRECTION('center_axis',(0.,-1.,0.));
#9337=DIRECTION('ref_axis',(0.,0.,-1.));
#9338=DIRECTION('center_axis',(0.,-1.,0.));
#9339=DIRECTION('ref_axis',(0.,0.,-1.));
#9340=DIRECTION('center_axis',(0.,-1.,0.));
#9341=DIRECTION('ref_axis',(0.,0.,-1.));
#9342=DIRECTION('',(0.999999995137072,0.,9.86197564172998E-5));
#9343=DIRECTION('',(-0.000107402252142796,0.,0.999999994232378));
#9344=DIRECTION('',(-0.999999995029607,0.,-9.97034899935885E-5));
#9345=DIRECTION('',(-9.90755888808046E-5,0.,0.999999995092014));
#9346=DIRECTION('',(0.999999995055686,0.,9.9441581923196E-5));
#9347=DIRECTION('',(-0.000104940970126142,0.,0.999999994493696));
#9348=DIRECTION('',(-0.999999995066431,0.,-9.93334642611821E-5));
#9349=DIRECTION('',(0.999999995078048,0.,9.92164516211903E-5));
#9350=DIRECTION('',(-0.000139921598808704,0.,0.999999990210973));
#9351=DIRECTION('',(-0.999999995162452,0.,-9.83620614167482E-5));
#9352=DIRECTION('',(-0.000107724792825279,0.,0.999999994197684));
#9353=DIRECTION('center_axis',(-9.86197564172998E-5,0.,0.999999995137072));
#9354=DIRECTION('ref_axis',(0.999999995137072,0.,9.86197564172998E-5));
#9355=DIRECTION('',(-0.999999995137072,0.,-9.86197564172998E-5));
#9356=DIRECTION('',(0.,-1.,0.));
#9357=DIRECTION('',(0.,-1.,0.));
#9358=DIRECTION('center_axis',(-0.999999994232378,0.,-0.000107402252142796));
#9359=DIRECTION('ref_axis',(-0.000107402252142796,0.,0.999999994232378));
#9360=DIRECTION('',(0.000107402252142796,0.,-0.999999994232378));
#9361=DIRECTION('',(0.,-1.,0.));
#9362=DIRECTION('center_axis',(9.97034899935885E-5,0.,-0.999999995029607));
#9363=DIRECTION('ref_axis',(-0.999999995029607,0.,-9.97034899935885E-5));
#9364=DIRECTION('',(0.999999995029607,0.,9.97034899935885E-5));
#9365=DIRECTION('',(0.,-1.,0.));
#9366=DIRECTION('center_axis',(-0.999999995092014,0.,-9.90755888808046E-5));
#9367=DIRECTION('ref_axis',(-9.90755888808046E-5,0.,0.999999995092014));
#9368=DIRECTION('',(9.90755888808046E-5,0.,-0.999999995092014));
#9369=DIRECTION('',(0.,-1.,0.));
#9370=DIRECTION('center_axis',(-9.9441581923196E-5,0.,0.999999995055686));
#9371=DIRECTION('ref_axis',(0.999999995055686,0.,9.9441581923196E-5));
#9372=DIRECTION('',(-0.999999995055686,0.,-9.9441581923196E-5));
#9373=DIRECTION('',(0.,-1.,0.));
#9374=DIRECTION('center_axis',(-0.999999994493696,0.,-0.000104940970126142));
#9375=DIRECTION('ref_axis',(-0.000104940970126142,0.,0.999999994493696));
#9376=DIRECTION('',(0.000104940970126142,0.,-0.999999994493696));
#9377=DIRECTION('',(0.,-1.,0.));
#9378=DIRECTION('center_axis',(9.93334642611821E-5,0.,-0.999999995066431));
#9379=DIRECTION('ref_axis',(-0.999999995066431,0.,-9.93334642611821E-5));
#9380=DIRECTION('',(0.999999995066431,0.,9.93334642611821E-5));
#9381=DIRECTION('',(0.,-1.,0.));
#9382=DIRECTION('',(0.,-1.,0.));
#9383=DIRECTION('center_axis',(-9.92164516211903E-5,0.,0.999999995078048));
#9384=DIRECTION('ref_axis',(0.999999995078048,0.,9.92164516211903E-5));
#9385=DIRECTION('',(-0.999999995078048,0.,-9.92164516211903E-5));
#9386=DIRECTION('',(0.,-1.,0.));
#9387=DIRECTION('center_axis',(-0.999999990210973,0.,-0.000139921598808704));
#9388=DIRECTION('ref_axis',(-0.000139921598808704,0.,0.999999990210973));
#9389=DIRECTION('',(0.000139921598808704,0.,-0.999999990210973));
#9390=DIRECTION('',(0.,-1.,0.));
#9391=DIRECTION('center_axis',(9.83620614167482E-5,0.,-0.999999995162452));
#9392=DIRECTION('ref_axis',(-0.999999995162452,0.,-9.83620614167482E-5));
#9393=DIRECTION('',(0.999999995162452,0.,9.83620614167482E-5));
#9394=DIRECTION('',(0.,-1.,0.));
#9395=DIRECTION('center_axis',(-0.999999994197684,0.,-0.000107724792825279));
#9396=DIRECTION('ref_axis',(-0.000107724792825279,0.,0.999999994197684));
#9397=DIRECTION('',(0.000107724792825279,0.,-0.999999994197684));
#9398=DIRECTION('center_axis',(0.,1.,-9.11460676921367E-15));
#9399=DIRECTION('ref_axis',(0.707106781186543,-5.93420771785998E-15,-0.707106781186552));
#9400=DIRECTION('',(0.,1.,-9.11460676921367E-15));
#9401=DIRECTION('center_axis',(0.,1.,-9.79094320929272E-15));
#9402=DIRECTION('ref_axis',(1.,0.,0.));
#9403=DIRECTION('',(0.,-1.,9.11460676921367E-15));
#9404=DIRECTION('center_axis',(0.,-9.11460676921367E-15,-1.));
#9405=DIRECTION('ref_axis',(0.,1.,-9.11460676921367E-15));
#9406=DIRECTION('',(0.,-1.,9.11460676921367E-15));
#9407=DIRECTION('',(1.,0.,0.));
#9408=DIRECTION('center_axis',(0.,1.,-9.11460676921367E-15));
#9409=DIRECTION('ref_axis',(-0.707106781186547,-5.93420771785995E-15,-0.707106781186549));
#9410=DIRECTION('',(0.,1.,-9.11460676921367E-15));
#9411=DIRECTION('center_axis',(0.,1.,-9.79094320929272E-15));
#9412=DIRECTION('ref_axis',(0.,-9.79094320929272E-15,-1.));
#9413=DIRECTION('center_axis',(1.,0.,0.));
#9414=DIRECTION('ref_axis',(0.,0.,-1.));
#9415=DIRECTION('center_axis',(0.,6.99601540291004E-15,1.));
#9416=DIRECTION('ref_axis',(0.,-1.,6.99601540291004E-15));
#9417=DIRECTION('',(0.,-1.,6.99601540291004E-15));
#9418=DIRECTION('center_axis',(0.,-1.,6.99601540291004E-15));
#9419=DIRECTION('ref_axis',(0.707106781186544,3.95613847857333E-15,0.707106781186552));
#9420=DIRECTION('',(0.,1.,-6.99601540291004E-15));
#9421=DIRECTION('center_axis',(1.,0.,0.));
#9422=DIRECTION('ref_axis',(0.,0.,-1.));
#9423=DIRECTION('',(0.,0.,1.));
#9424=DIRECTION('center_axis',(0.,-1.,0.));
#9425=DIRECTION('ref_axis',(0.,0.,-1.));
#9426=DIRECTION('',(0.,0.,-1.));
#9427=DIRECTION('',(-1.,0.,0.));
#9428=DIRECTION('',(1.,0.,0.));
#9429=DIRECTION('center_axis',(0.,-0.893133185826665,0.44979229915052));
#9430=DIRECTION('ref_axis',(0.,-0.44979229915052,-0.893133185826665));
#9431=DIRECTION('',(0.00517490091838067,-0.449786276481381,-0.893121226872086));
#9432=DIRECTION('center_axis',(0.,-0.893133185826665,0.44979229915052));
#9433=DIRECTION('ref_axis',(0.,-0.44979229915052,-0.893133185826665));
#9434=DIRECTION('',(-0.999987310414378,-0.00226594495654272,-0.00449938925536742));
#9435=DIRECTION('',(-0.999987310414378,-0.00226594495654272,-0.00449938925536742));
#9436=DIRECTION('center_axis',(0.,0.,-1.));
#9437=DIRECTION('ref_axis',(0.707106781186543,-0.707106781186552,0.));
#9438=DIRECTION('center_axis',(0.,0.,1.));
#9439=DIRECTION('ref_axis',(0.,-1.,0.));
#9440=DIRECTION('center_axis',(-0.816496580927729,-0.408248290463862,-0.408248290463859));
#9441=DIRECTION('ref_axis',(0.577350269189623,-0.577350269189629,-0.577350269189625));
#9442=DIRECTION('center_axis',(1.,0.,0.));
#9443=DIRECTION('ref_axis',(0.,-0.707106781186551,-0.707106781186544));
#9444=DIRECTION('center_axis',(1.,0.,0.));
#9445=DIRECTION('ref_axis',(0.,-0.707106781186551,-0.707106781186544));
#9446=DIRECTION('center_axis',(-1.,0.,0.));
#9447=DIRECTION('ref_axis',(0.,-0.707106781186551,-0.707106781186544));
#9448=DIRECTION('center_axis',(-0.816496580927726,0.408248290463865,0.408248290463861));
#9449=DIRECTION('ref_axis',(-0.577350269189623,-0.57735026918963,-0.577350269189624));
#9450=DIRECTION('center_axis',(0.,-1.,6.99601540291004E-15));
#9451=DIRECTION('ref_axis',(-0.707106781186548,3.9561384785733E-15,0.707106781186548));
#9452=DIRECTION('',(0.,-1.,6.99601540291004E-15));
#9453=DIRECTION('center_axis',(7.80206920413548E-16,-0.960319255103849,
0.278903080436179));
#9454=DIRECTION('ref_axis',(0.,0.278903080436179,0.960319255103849));
#9455=DIRECTION('center_axis',(1.,0.,0.));
#9456=DIRECTION('ref_axis',(0.,0.,-1.));
#9457=DIRECTION('',(0.,-0.383221685377083,-0.923656397074555));
#9458=DIRECTION('center_axis',(0.,0.893133185826665,-0.44979229915052));
#9459=DIRECTION('ref_axis',(0.,-0.44979229915052,-0.893133185826665));
#9460=DIRECTION('center_axis',(1.,0.,0.));
#9461=DIRECTION('ref_axis',(0.,-0.893133185826666,0.44979229915052));
#9462=DIRECTION('center_axis',(0.,-0.81174782047917,0.584008112912241));
#9463=DIRECTION('ref_axis',(0.,-0.584008112912241,-0.81174782047917));
#9464=DIRECTION('center_axis',(0.,-0.383221685377083,-0.923656397074555));
#9465=DIRECTION('ref_axis',(0.,-0.923656397074555,0.383221685377083));
#9466=DIRECTION('center_axis',(0.,-0.383221685377083,-0.923656397074555));
#9467=DIRECTION('ref_axis',(-0.707106781186546,-0.653123701857754,0.270978652427873));
#9468=DIRECTION('center_axis',(0.,-0.383221685377085,-0.923656397074554));
#9469=DIRECTION('ref_axis',(0.,-0.923656397074554,0.383221685377085));
#9470=DIRECTION('center_axis',(-1.,0.,0.));
#9471=DIRECTION('ref_axis',(0.,-0.923656397074555,0.383221685377082));
#9472=DIRECTION('center_axis',(1.,0.,0.));
#9473=DIRECTION('ref_axis',(0.,-0.555327972743544,0.831631434403814));
#9474=DIRECTION('center_axis',(-1.,0.,0.));
#9475=DIRECTION('ref_axis',(0.,-0.923656397074555,0.383221685377083));
#9476=DIRECTION('center_axis',(-1.03995411501953E-14,0.383221685377082,
0.923656397074556));
#9477=DIRECTION('ref_axis',(0.,-0.923656397074555,0.383221685377082));
#9478=DIRECTION('center_axis',(7.80206920413552E-16,-0.960319255103849,
0.278903080436179));
#9479=DIRECTION('ref_axis',(0.,0.278903080436179,0.960319255103849));
#9480=DIRECTION('center_axis',(0.,-0.383221685377083,-0.923656397074555));
#9481=DIRECTION('ref_axis',(0.707106781186546,-0.653123701857754,0.270978652427873));
#9482=DIRECTION('center_axis',(-8.61282602729227E-15,0.383221685377083,
0.923656397074555));
#9483=DIRECTION('ref_axis',(0.,-0.923656397074555,0.383221685377083));
#9484=DIRECTION('center_axis',(0.,-0.860247574317123,0.509876564357988));
#9485=DIRECTION('ref_axis',(0.,-0.509876564357988,-0.860247574317123));
#9486=DIRECTION('center_axis',(1.,0.,0.));
#9487=DIRECTION('ref_axis',(0.,-0.972916539541462,0.231156672165584));
#9488=DIRECTION('center_axis',(1.,0.,0.));
#9489=DIRECTION('ref_axis',(0.,-0.893133185826666,0.44979229915052));
#9490=DIRECTION('',(1.,0.,0.));
#9491=DIRECTION('',(-1.,0.,0.));
#9492=DIRECTION('center_axis',(0.,0.893133185826665,-0.44979229915052));
#9493=DIRECTION('ref_axis',(0.,-0.44979229915052,-0.893133185826665));
#9494=DIRECTION('center_axis',(0.,-0.893133185826665,0.44979229915052));
#9495=DIRECTION('ref_axis',(0.,-0.44979229915052,-0.893133185826665));
#9496=DIRECTION('center_axis',(0.,0.,-1.));
#9497=DIRECTION('ref_axis',(0.707106781186543,-0.707106781186552,0.));
#9498=DIRECTION('',(0.,0.,-1.));
#9499=DIRECTION('center_axis',(0.,0.,1.));
#9500=DIRECTION('ref_axis',(0.,-1.,0.));
#9501=DIRECTION('center_axis',(0.,-1.,0.));
#9502=DIRECTION('ref_axis',(0.,0.,-1.));
#9503=DIRECTION('',(-1.,0.,0.));
#9504=DIRECTION('center_axis',(0.,-1.,6.99601540291004E-15));
#9505=DIRECTION('ref_axis',(0.707106781186543,3.95613847857333E-15,0.707106781186552));
#9506=DIRECTION('center_axis',(-0.816496580927727,-0.408248290463864,-0.40824829046386));
#9507=DIRECTION('ref_axis',(0.577350269189623,-0.57735026918963,-0.577350269189625));
#9508=DIRECTION('center_axis',(1.,0.,0.));
#9509=DIRECTION('ref_axis',(0.,-0.707106781186551,-0.707106781186545));
#9510=DIRECTION('center_axis',(1.,0.,0.));
#9511=DIRECTION('ref_axis',(0.,-0.70710678118655,-0.707106781186545));
#9512=DIRECTION('center_axis',(-1.,0.,0.));
#9513=DIRECTION('ref_axis',(0.,-0.707106781186551,-0.707106781186545));
#9514=DIRECTION('center_axis',(-0.816496580927727,0.408248290463864,0.408248290463861));
#9515=DIRECTION('ref_axis',(-0.577350269189626,-0.577350269189629,-0.577350269189623));
#9516=DIRECTION('center_axis',(-0.00224426408134519,0.923618851100281,-0.383305597625355));
#9517=DIRECTION('ref_axis',(0.999984859835212,0.00399866761939032,0.00378031184181215));
#9518=DIRECTION('',(-0.00224426408134519,0.923618851100281,-0.383305597625355));
#9519=DIRECTION('center_axis',(-0.00224426408134498,0.923618851100281,-0.383305597625356));
#9520=DIRECTION('ref_axis',(0.71064877719774,-0.26820039969176,-0.650420526330878));
#9521=DIRECTION('center_axis',(0.999984859835212,0.00399866761939181,0.00378031184181575));
#9522=DIRECTION('ref_axis',(0.00502427896169479,-0.38329131029736,-0.923613841424785));
#9523=DIRECTION('',(-0.00224426408134519,0.923618851100281,-0.383305597625355));
#9524=DIRECTION('',(0.00502427896168833,-0.383291310297361,-0.923613841424785));
#9525=DIRECTION('center_axis',(-0.00502427896168833,0.383291310297361,0.923613841424785));
#9526=DIRECTION('ref_axis',(-0.999984859835212,-0.00399866761938914,-0.00378031184180987));
#9527=DIRECTION('',(0.00224426408134498,-0.923618851100281,0.383305597625356));
#9528=DIRECTION('',(0.999984859835212,0.00399866761938913,0.00378031184180986));
#9529=DIRECTION('center_axis',(-0.00502427896168833,0.383291310297361,0.923613841424785));
#9530=DIRECTION('ref_axis',(-0.999984859835212,-0.00399866761938914,-0.00378031184180987));
#9531=DIRECTION('',(0.00224426408134498,-0.923618851100281,0.383305597625356));
#9532=DIRECTION('',(-0.999984859835212,-0.00399866761938913,-0.00378031184180986));
#9533=DIRECTION('',(-0.00224426408134498,0.923618851100281,-0.383305597625356));
#9534=DIRECTION('',(-0.999984859835212,-0.00399866761938913,-0.00378031184180986));
#9535=DIRECTION('',(-0.999984859835212,-0.00399866761938913,-0.00378031184180986));
#9536=DIRECTION('',(-0.999984859835212,-0.00399866761938913,-0.00378031184180986));
#9537=DIRECTION('center_axis',(0.999984859835212,0.00399866761938913,0.00378031184180986));
#9538=DIRECTION('ref_axis',(0.00224426408134498,-0.923618851100281,0.383305597625356));
#9539=DIRECTION('',(-0.00224426408134498,0.923618851100281,-0.383305597625356));
#9540=DIRECTION('',(-0.00502427896168833,0.383291310297361,0.923613841424785));
#9541=DIRECTION('center_axis',(0.00502427896168833,-0.383291310297361,-0.923613841424785));
#9542=DIRECTION('ref_axis',(0.999984859835212,0.00399866761938914,0.00378031184180987));
#9543=DIRECTION('',(-0.00224426408134498,0.923618851100281,-0.383305597625356));
#9544=DIRECTION('',(0.999984859835212,0.00399866761938913,0.00378031184180986));
#9545=DIRECTION('',(0.999984859835212,0.00399866761938913,0.00378031184180986));
#9546=DIRECTION('',(0.999984859835212,0.00399866761938866,0.00378031184181006));
#9547=DIRECTION('',(-0.999984859835212,-0.00399866761940174,-0.00378031184180463));
#9548=DIRECTION('',(0.999984859835212,0.00399866761938913,0.00378031184180986));
#9549=DIRECTION('',(0.00224426408134498,-0.923618851100281,0.383305597625356));
#9550=DIRECTION('',(0.999984859835212,0.00399866761938913,0.00378031184180986));
#9551=DIRECTION('center_axis',(-0.999984859835212,-0.00399866761938913,
-0.00378031184180986));
#9552=DIRECTION('ref_axis',(0.00224426408134498,-0.923618851100281,0.383305597625356));
#9553=DIRECTION('',(-0.00224426408134498,0.923618851100281,-0.383305597625356));
#9554=DIRECTION('',(-0.00502427896168833,0.383291310297361,0.923613841424785));
#9555=DIRECTION('center_axis',(0.00502427896168833,-0.383291310297361,-0.923613841424785));
#9556=DIRECTION('ref_axis',(0.999984859835212,0.00399866761938914,0.00378031184180987));
#9557=DIRECTION('',(-0.999961746762569,-0.00853872354709412,-0.00189610435830857));
#9558=DIRECTION('center_axis',(0.00502427896168833,-0.383291310297361,-0.923613841424785));
#9559=DIRECTION('ref_axis',(0.999984859835212,0.00399866761938914,0.00378031184180987));
#9560=DIRECTION('',(0.999984859835212,0.00399866761938913,0.00378031184180986));
#9561=DIRECTION('center_axis',(-0.00502427896168829,0.38329131029736,0.923613841424785));
#9562=DIRECTION('ref_axis',(0.999984859835212,0.00399866761938912,0.00378031184180983));
#9563=DIRECTION('',(0.999984859835212,0.00399866761938913,0.00378031184180986));
#9564=DIRECTION('',(-0.00224426408134519,0.923618851100281,-0.383305597625355));
#9565=DIRECTION('center_axis',(-0.00224426408134519,0.923618851100281,-0.383305597625355));
#9566=DIRECTION('ref_axis',(-0.00502427896168661,0.38329131029736,0.923613841424785));
#9567=DIRECTION('center_axis',(-0.00224426408134498,0.923618851100281,-0.383305597625356));
#9568=DIRECTION('ref_axis',(0.703543373748975,0.273855369670522,0.655766694607565));
#9569=DIRECTION('center_axis',(-0.00715972293223923,0.923588036762451,-0.38331954909294));
#9570=DIRECTION('ref_axis',(-0.999961746762569,-0.00853872354709412,-0.00189610435830857));
#9571=DIRECTION('center_axis',(0.999984859835212,0.00399866761938913,0.00378031184180986));
#9572=DIRECTION('ref_axis',(0.00502427896168833,-0.383291310297361,-0.923613841424785));
#9573=DIRECTION('',(-0.00224426408134498,0.923618851100281,-0.383305597625356));
#9574=DIRECTION('',(-0.00502427896168833,0.383291310297361,0.923613841424785));
#9575=DIRECTION('',(0.00224426408134498,-0.923618851100281,0.383305597625356));
#9576=DIRECTION('',(0.00502427896168833,-0.383291310297361,-0.923613841424785));
#9577=DIRECTION('center_axis',(-0.00224426408134498,0.923618851100281,-0.383305597625356));
#9578=DIRECTION('ref_axis',(-0.00502427896168832,0.383291310297361,0.923613841424785));
#9579=DIRECTION('',(-0.736048786646023,0.257944638714647,0.625856810329078));
#9580=DIRECTION('',(-0.00502427896168834,0.383291310297367,0.923613841424782));
#9581=DIRECTION('',(-0.00502427896168833,0.383291310297361,0.923613841424785));
#9582=DIRECTION('',(-0.00502427896168833,0.383291310297361,0.923613841424785));
#9583=DIRECTION('',(-0.00502427896168834,0.383291310297367,0.923613841424782));
#9584=DIRECTION('',(-0.999984859835212,-0.00399866761938913,-0.00378031184180986));
#9585=DIRECTION('',(0.729209576685714,0.263803808594915,0.631396027735889));
#9586=DIRECTION('',(-0.736048786646083,0.257944638714617,0.62585681032902));
#9587=DIRECTION('',(0.999984859835212,0.00399866761938913,0.00378031184180986));
#9588=DIRECTION('',(0.999984859835212,0.00399866761940174,0.00378031184180463));
#9589=DIRECTION('',(-0.00502427896168833,0.383291310297361,0.923613841424785));
#9590=DIRECTION('',(-0.00502427896168833,0.383291310297361,0.923613841424785));
#9591=DIRECTION('',(0.00502427896168832,-0.383291310297356,-0.923613841424787));
#9592=DIRECTION('',(-0.999984859835212,-0.00399866761938794,-0.00378031184181036));
#9593=DIRECTION('',(-0.00502427896168831,0.383291310297354,0.923613841424788));
#9594=DIRECTION('',(0.999984859835212,0.00399866761938913,0.00378031184180986));
#9595=DIRECTION('',(-0.729209576685657,-0.26380380859493,-0.631396027735949));
#9596=DIRECTION('',(0.00502427896168833,-0.383291310297361,-0.923613841424785));
#9597=DIRECTION('',(0.00502427896169393,-0.38329131029736,-0.923613841424785));
#9598=DIRECTION('',(0.0050242789616494,-0.383291310297361,-0.923613841424785));
#9599=DIRECTION('',(-0.736048786646023,0.257944638714647,0.625856810329078));
#9600=DIRECTION('',(-0.00502427896168834,0.383291310297367,0.923613841424782));
#9601=DIRECTION('center_axis',(-0.999984859835212,-0.00399866761938913,
-0.00378031184180986));
#9602=DIRECTION('ref_axis',(0.00224426408134498,-0.923618851100281,0.383305597625356));
#9603=DIRECTION('',(0.00224426408134498,-0.923618851100281,0.383305597625356));
#9604=DIRECTION('',(-0.00502427896168833,0.383291310297361,0.923613841424785));
#9605=DIRECTION('',(0.00224426408134498,-0.923618851100281,0.383305597625356));
#9606=DIRECTION('',(-0.00502427896168833,0.383291310297361,0.923613841424785));
#9607=DIRECTION('center_axis',(-0.00502427896168833,0.383291310297361,0.923613841424785));
#9608=DIRECTION('ref_axis',(-0.999984859835212,-0.00399866761938914,-0.00378031184180987));
#9609=DIRECTION('',(0.00224426408134498,-0.923618851100281,0.383305597625356));
#9610=DIRECTION('',(0.999984859835212,0.00399866761938913,0.00378031184180986));
#9611=DIRECTION('',(0.999984859835212,0.00399866761938913,0.00378031184180986));
#9612=DIRECTION('center_axis',(-0.00224426408134498,0.923618851100281,-0.383305597625356));
#9613=DIRECTION('ref_axis',(-0.00502427896168832,0.383291310297361,0.923613841424785));
#9614=DIRECTION('',(0.00502427896168833,-0.383291310297361,-0.923613841424785));
#9615=DIRECTION('',(-0.999984859835212,-0.00399866761938913,-0.00378031184180986));
#9616=DIRECTION('center_axis',(0.999984859835212,0.00399866761938913,0.00378031184180986));
#9617=DIRECTION('ref_axis',(-0.00224426408134498,0.923618851100281,-0.383305597625356));
#9618=DIRECTION('',(-0.00502427896168833,0.383291310297361,0.923613841424785));
#9619=DIRECTION('',(-0.00224426408134498,0.923618851100281,-0.383305597625356));
#9620=DIRECTION('',(-0.00502427896168833,0.383291310297361,0.923613841424785));
#9621=DIRECTION('',(0.00224426408134498,-0.923618851100281,0.383305597625356));
#9622=DIRECTION('center_axis',(-0.00502427896168833,0.383291310297361,0.923613841424785));
#9623=DIRECTION('ref_axis',(-0.999984859835212,-0.00399866761938914,-0.00378031184180987));
#9624=DIRECTION('',(-0.999984859835212,-0.00399866761938913,-0.00378031184180986));
#9625=DIRECTION('',(-0.999984859835212,-0.00399866761938913,-0.00378031184180986));
#9626=DIRECTION('center_axis',(0.00502427896168833,-0.383291310297361,-0.923613841424785));
#9627=DIRECTION('ref_axis',(0.999984859835212,0.00399866761938914,0.00378031184180987));
#9628=DIRECTION('',(0.999984859835212,0.00399866761938913,0.00378031184180986));
#9629=DIRECTION('',(0.00224426408134498,-0.923618851100281,0.383305597625356));
#9630=DIRECTION('',(0.999984859835212,0.00399866761938913,0.00378031184180986));
#9631=DIRECTION('center_axis',(-0.00224426408134498,0.923618851100281,-0.383305597625356));
#9632=DIRECTION('ref_axis',(-0.00502427896168832,0.383291310297361,0.923613841424785));
#9633=DIRECTION('center_axis',(0.999984859835212,0.00399866761938913,0.00378031184180986));
#9634=DIRECTION('ref_axis',(-0.00224426408134498,0.923618851100281,-0.383305597625356));
#9635=DIRECTION('',(-0.0050242789616494,0.383291310297361,0.923613841424785));
#9636=DIRECTION('',(-0.00224426408134498,0.923618851100281,-0.383305597625356));
#9637=DIRECTION('',(-0.0050242789616494,0.383291310297361,0.923613841424785));
#9638=DIRECTION('center_axis',(-0.999984859835212,-0.00399866761938913,
-0.00378031184180986));
#9639=DIRECTION('ref_axis',(0.00224426408134498,-0.923618851100281,0.383305597625356));
#9640=DIRECTION('',(0.00502427896168833,-0.383291310297361,-0.923613841424785));
#9641=DIRECTION('',(0.00502427896168833,-0.383291310297361,-0.923613841424785));
#9642=DIRECTION('',(0.00224426408134498,-0.923618851100281,0.383305597625356));
#9643=DIRECTION('center_axis',(0.00502427896168833,-0.383291310297361,-0.923613841424785));
#9644=DIRECTION('ref_axis',(0.999984859835212,0.00399866761938914,0.00378031184180987));
#9645=DIRECTION('',(-0.999984859835212,-0.00399866761938913,-0.00378031184180986));
#9646=DIRECTION('',(0.999984859835212,0.00399866761938913,0.00378031184180986));
#9647=DIRECTION('center_axis',(-0.00224426408134498,0.923618851100281,-0.383305597625356));
#9648=DIRECTION('ref_axis',(-0.00502427896168832,0.383291310297361,0.923613841424785));
#9649=DIRECTION('center_axis',(-0.00502427896168833,0.383291310297361,0.923613841424785));
#9650=DIRECTION('ref_axis',(-0.999984859835212,-0.00399866761938914,-0.00378031184180987));
#9651=DIRECTION('',(-0.999984859835212,-0.00399866761938913,-0.00378031184180986));
#9652=DIRECTION('',(-0.00224426408134498,0.923618851100281,-0.383305597625356));
#9653=DIRECTION('',(-0.999984859835212,-0.00399866761938913,-0.00378031184180986));
#9654=DIRECTION('',(0.00224426408134498,-0.923618851100281,0.383305597625356));
#9655=DIRECTION('center_axis',(-0.999984859835212,-0.00399866761938913,
-0.00378031184180986));
#9656=DIRECTION('ref_axis',(0.00224426408134498,-0.923618851100281,0.383305597625356));
#9657=DIRECTION('',(0.00502427896168833,-0.383291310297361,-0.923613841424785));
#9658=DIRECTION('',(0.00502427896168833,-0.383291310297361,-0.923613841424785));
#9659=DIRECTION('',(0.00224426408134498,-0.923618851100281,0.383305597625356));
#9660=DIRECTION('center_axis',(0.00502427896168833,-0.383291310297361,-0.923613841424785));
#9661=DIRECTION('ref_axis',(0.999984859835212,0.00399866761938914,0.00378031184180987));
#9662=DIRECTION('',(0.999984859835212,0.00399866761938913,0.00378031184180986));
#9663=DIRECTION('',(0.999984859835212,0.00399866761938913,0.00378031184180986));
#9664=DIRECTION('',(0.00224426408134498,-0.923618851100281,0.383305597625356));
#9665=DIRECTION('center_axis',(0.999984859835212,0.00399866761938913,0.00378031184180986));
#9666=DIRECTION('ref_axis',(-0.00224426408134498,0.923618851100281,-0.383305597625356));
#9667=DIRECTION('',(-0.00502427896173125,0.38329131029736,0.923613841424785));
#9668=DIRECTION('',(-0.00502427896173125,0.38329131029736,0.923613841424785));
#9669=DIRECTION('center_axis',(-0.00224426408134498,0.923618851100281,-0.383305597625356));
#9670=DIRECTION('ref_axis',(-0.00502427896168832,0.383291310297361,0.923613841424785));
#9671=DIRECTION('center_axis',(0.999984859835212,0.00399866761938913,0.00378031184180986));
#9672=DIRECTION('ref_axis',(-0.00224426408134498,0.923618851100281,-0.383305597625356));
#9673=DIRECTION('',(-0.00502427896168833,0.383291310297361,0.923613841424785));
#9674=DIRECTION('',(0.00224426408134498,-0.923618851100281,0.383305597625356));
#9675=DIRECTION('',(-0.00224426408134498,0.923618851100281,-0.383305597625356));
#9676=DIRECTION('center_axis',(-0.999984859835212,-0.00399866761938913,
-0.00378031184180986));
#9677=DIRECTION('ref_axis',(0.00224426408134498,-0.923618851100281,0.383305597625356));
#9678=DIRECTION('',(0.00224426408134498,-0.923618851100281,0.383305597625356));
#9679=DIRECTION('',(0.00224426408134498,-0.923618851100281,0.383305597625356));
#9680=DIRECTION('',(-0.00502427896168833,0.383291310297361,0.923613841424785));
#9681=DIRECTION('center_axis',(-0.00502427896168833,0.383291310297361,0.923613841424785));
#9682=DIRECTION('ref_axis',(-0.999984859835212,-0.00399866761938914,-0.00378031184180987));
#9683=DIRECTION('',(0.00224426408134498,-0.923618851100281,0.383305597625356));
#9684=DIRECTION('center_axis',(-0.999984859835212,-0.00399866761938913,
-0.00378031184180986));
#9685=DIRECTION('ref_axis',(0.00224426408134498,-0.923618851100281,0.383305597625356));
#9686=DIRECTION('',(-0.00224426408134498,0.923618851100281,-0.383305597625356));
#9687=DIRECTION('center_axis',(-0.999984859835212,-0.00399866761938913,
-0.00378031184180986));
#9688=DIRECTION('ref_axis',(0.00224426408134498,-0.923618851100281,0.383305597625356));
#9689=DIRECTION('',(0.00502427896168833,-0.383291310297361,-0.923613841424785));
#9690=DIRECTION('',(0.00502427896168833,-0.383291310297361,-0.923613841424785));
#9691=DIRECTION('',(0.00502427896168833,-0.383291310297361,-0.923613841424785));
#9692=DIRECTION('',(0.00224426408134498,-0.923618851100281,0.383305597625356));
#9693=DIRECTION('center_axis',(0.00502427896168833,-0.383291310297361,-0.923613841424785));
#9694=DIRECTION('ref_axis',(0.999984859835212,0.00399866761938914,0.00378031184180987));
#9695=DIRECTION('',(0.00224426408134498,-0.923618851100281,0.383305597625356));
#9696=DIRECTION('',(-0.999984859835212,-0.00399866761938913,-0.00378031184180986));
#9697=DIRECTION('',(0.00224426408134498,-0.923618851100281,0.383305597625356));
#9698=DIRECTION('center_axis',(-0.999984859835212,-0.00399866761938913,
-0.00378031184180986));
#9699=DIRECTION('ref_axis',(0.00224426408134498,-0.923618851100281,0.383305597625356));
#9700=DIRECTION('',(-0.00502427896168833,0.383291310297361,0.923613841424785));
#9701=DIRECTION('',(0.00224426408134498,-0.923618851100281,0.383305597625356));
#9702=DIRECTION('',(-0.00502427896168833,0.383291310297361,0.923613841424785));
#9703=DIRECTION('center_axis',(-0.00224426408134498,0.923618851100281,-0.383305597625356));
#9704=DIRECTION('ref_axis',(-0.00502427896168832,0.383291310297361,0.923613841424785));
#9705=DIRECTION('',(0.00502427896168833,-0.383291310297361,-0.923613841424785));
#9706=DIRECTION('center_axis',(-0.00224426408134498,0.923618851100281,-0.383305597625356));
#9707=DIRECTION('ref_axis',(-0.00502427896168832,0.383291310297361,0.923613841424785));
#9708=DIRECTION('',(0.999984859835212,0.00399866761938913,0.00378031184180986));
#9709=DIRECTION('',(-0.999984859835212,-0.00399866761938913,-0.00378031184180986));
#9710=DIRECTION('',(-0.00502427896168833,0.383291310297361,0.923613841424785));
#9711=DIRECTION('center_axis',(-0.999984859835212,-0.00399866761938913,
-0.00378031184180986));
#9712=DIRECTION('ref_axis',(0.00224426408134498,-0.923618851100281,0.383305597625356));
#9713=DIRECTION('center_axis',(-0.999984859835212,-0.00399866761938913,
-0.00378031184180986));
#9714=DIRECTION('ref_axis',(0.00224426408134498,-0.923618851100281,0.383305597625356));
#9715=DIRECTION('',(-0.00502427896168833,0.383291310297361,0.923613841424785));
#9716=DIRECTION('',(0.00224426408134498,-0.923618851100281,0.383305597625356));
#9717=DIRECTION('center_axis',(0.999984859835212,0.00399866761938913,0.00378031184180986));
#9718=DIRECTION('ref_axis',(-0.00224426408134498,0.923618851100281,-0.383305597625356));
#9719=DIRECTION('',(0.00224426408134498,-0.923618851100281,0.383305597625356));
#9720=DIRECTION('',(-0.00224426408134498,0.923618851100281,-0.383305597625356));
#9721=DIRECTION('center_axis',(0.00502427896168833,-0.383291310297361,-0.923613841424785));
#9722=DIRECTION('ref_axis',(0.999984859835212,0.00399866761938914,0.00378031184180987));
#9723=DIRECTION('',(0.999984859835212,0.00399866761938913,0.00378031184180986));
#9724=DIRECTION('center_axis',(0.00502427896168833,-0.383291310297361,-0.923613841424785));
#9725=DIRECTION('ref_axis',(0.999984859835212,0.00399866761938914,0.00378031184180987));
#9726=DIRECTION('',(-0.999984859835212,-0.00399866761938913,-0.00378031184180986));
#9727=DIRECTION('',(0.00224426408134498,-0.923618851100281,0.383305597625356));
#9728=DIRECTION('center_axis',(-0.00502427896168833,0.383291310297361,0.923613841424785));
#9729=DIRECTION('ref_axis',(-0.999984859835212,-0.00399866761938914,-0.00378031184180987));
#9730=DIRECTION('center_axis',(-0.00502427896168833,0.383291310297361,0.923613841424785));
#9731=DIRECTION('ref_axis',(-0.999984859835212,-0.00399866761938914,-0.00378031184180987));
#9732=DIRECTION('',(0.00224426408134498,-0.923618851100281,0.383305597625356));
#9733=DIRECTION('',(0.00224426408134498,-0.923618851100281,0.383305597625356));
#9734=DIRECTION('',(0.00224426408134498,-0.923618851100281,0.383305597625356));
#9735=DIRECTION('center_axis',(0.00502427896168833,-0.383291310297361,-0.923613841424785));
#9736=DIRECTION('ref_axis',(0.999984859835212,0.00399866761938914,0.00378031184180987));
#9737=DIRECTION('',(-0.00224426408134498,0.923618851100281,-0.383305597625356));
#9738=DIRECTION('',(-0.00224426408134498,0.923618851100281,-0.383305597625356));
#9739=DIRECTION('center_axis',(-0.00224426408134498,0.923618851100281,-0.383305597625356));
#9740=DIRECTION('ref_axis',(-0.00502427896168832,0.383291310297361,0.923613841424785));
#9741=DIRECTION('',(-0.999984859835212,-0.00399866761938913,-0.00378031184180986));
#9742=DIRECTION('',(0.00502427896168833,-0.383291310297361,-0.923613841424785));
#9743=DIRECTION('center_axis',(0.999984859835212,0.00399866761938913,0.00378031184180986));
#9744=DIRECTION('ref_axis',(-0.00224426408134498,0.923618851100281,-0.383305597625356));
#9745=DIRECTION('',(0.00224426408134498,-0.923618851100281,0.383305597625356));
#9746=DIRECTION('center_axis',(0.999984859835212,0.00399866761938913,0.00378031184180986));
#9747=DIRECTION('ref_axis',(-0.00224426408134498,0.923618851100281,-0.383305597625356));
#9748=DIRECTION('',(-0.00224426408139423,0.92361885110028,-0.383305597625356));
#9749=DIRECTION('center_axis',(-0.999984859835212,-0.00399866761938913,
-0.00378031184180986));
#9750=DIRECTION('ref_axis',(0.00224426408134498,-0.923618851100281,0.383305597625356));
#9751=DIRECTION('',(0.00224426408134498,-0.923618851100281,0.383305597625356));
#9752=DIRECTION('center_axis',(-0.999984859835212,-0.00399866761938913,
-0.00378031184180986));
#9753=DIRECTION('ref_axis',(0.00224426408134498,-0.923618851100281,0.383305597625356));
#9754=DIRECTION('',(-0.00224426408134498,0.923618851100281,-0.383305597625356));
#9755=DIRECTION('center_axis',(0.00502427896168833,-0.383291310297361,-0.923613841424785));
#9756=DIRECTION('ref_axis',(0.999984859835212,0.00399866761938914,0.00378031184180987));
#9757=DIRECTION('',(-0.999984859835212,-0.00399866761938913,-0.00378031184180986));
#9758=DIRECTION('center_axis',(-0.00224426408134498,0.923618851100281,-0.383305597625356));
#9759=DIRECTION('ref_axis',(-0.00502427896168832,0.383291310297361,0.923613841424785));
#9760=DIRECTION('',(-0.999984859835212,-0.00399866761938913,-0.00378031184180986));
#9761=DIRECTION('center_axis',(-0.00502427896168833,0.383291310297361,0.923613841424785));
#9762=DIRECTION('ref_axis',(-0.999984859835212,-0.00399866761938914,-0.00378031184180987));
#9763=DIRECTION('center_axis',(-0.00224426408134498,0.923618851100281,-0.383305597625356));
#9764=DIRECTION('ref_axis',(-0.00502427896168832,0.383291310297361,0.923613841424785));
#9765=DIRECTION('',(-0.00502427896168833,0.383291310297361,0.923613841424785));
#9766=DIRECTION('center_axis',(-0.999984859835212,-0.00399866761938913,
-0.00378031184180986));
#9767=DIRECTION('ref_axis',(0.00224426408134498,-0.923618851100281,0.383305597625356));
#9768=DIRECTION('',(-0.00224426408134498,0.923618851100281,-0.383305597625356));
#9769=DIRECTION('center_axis',(-0.00502427896168833,0.383291310297361,0.923613841424785));
#9770=DIRECTION('ref_axis',(-0.999984859835212,-0.00399866761938914,-0.00378031184180987));
#9771=DIRECTION('center_axis',(0.999984859835212,0.00399866761938913,0.00378031184180986));
#9772=DIRECTION('ref_axis',(-0.00224426408134498,0.923618851100281,-0.383305597625356));
#9773=DIRECTION('',(0.00502427896168833,-0.383291310297361,-0.923613841424785));
#9774=DIRECTION('center_axis',(-0.00224426408134498,0.923618851100281,-0.383305597625356));
#9775=DIRECTION('ref_axis',(-0.00502427896168832,0.383291310297361,0.923613841424785));
#9776=DIRECTION('',(-0.999984859835212,-0.00399866761938913,-0.00378031184180986));
#9777=DIRECTION('',(0.999984859835212,0.00399866761938913,0.00378031184180986));
#9778=DIRECTION('center_axis',(-0.00502427896168833,0.383291310297361,0.923613841424785));
#9779=DIRECTION('ref_axis',(-0.999984859835212,-0.00399866761938914,-0.00378031184180987));
#9780=DIRECTION('center_axis',(0.00502427896168833,-0.383291310297361,-0.923613841424785));
#9781=DIRECTION('ref_axis',(0.999984859835212,0.00399866761938914,0.00378031184180987));
#9782=DIRECTION('center_axis',(-0.00224426408134498,0.923618851100281,-0.383305597625356));
#9783=DIRECTION('ref_axis',(-0.00502427896168832,0.383291310297361,0.923613841424785));
#9784=DIRECTION('center_axis',(0.,0.383221685377083,0.923656397074555));
#9785=DIRECTION('ref_axis',(1.,0.,0.));
#9786=DIRECTION('',(0.,0.923656397074555,-0.383221685377083));
#9787=DIRECTION('',(1.,0.,0.));
#9788=DIRECTION('',(0.,0.923656397074555,-0.383221685377083));
#9789=DIRECTION('center_axis',(-1.,0.,0.));
#9790=DIRECTION('ref_axis',(0.,0.383221685377083,0.923656397074555));
#9791=DIRECTION('',(0.,0.383221685377083,0.923656397074555));
#9792=DIRECTION('',(0.,0.923656397074555,-0.383221685377083));
#9793=DIRECTION('center_axis',(0.,-0.383221685377083,-0.923656397074555));
#9794=DIRECTION('ref_axis',(-1.,0.,0.));
#9795=DIRECTION('',(-1.,0.,0.));
#9796=DIRECTION('',(0.,0.923656397074555,-0.383221685377083));
#9797=DIRECTION('center_axis',(1.,0.,0.));
#9798=DIRECTION('ref_axis',(0.,-0.383221685377083,-0.923656397074555));
#9799=DIRECTION('',(0.,-0.383221685377083,-0.923656397074555));
#9800=DIRECTION('center_axis',(0.,0.923656397074555,-0.383221685377083));
#9801=DIRECTION('ref_axis',(0.,0.383221685377083,0.923656397074555));
#9802=DIRECTION('center_axis',(0.,0.923656397074554,-0.383221685377085));
#9803=DIRECTION('ref_axis',(-1.,0.,0.));
#9804=DIRECTION('center_axis',(0.,-0.923656397074555,0.383221685377083));
#9805=DIRECTION('ref_axis',(-1.,0.,0.));
#9806=DIRECTION('',(0.,-0.923656397074554,0.383221685377085));
#9807=DIRECTION('center_axis',(0.,0.923656397074554,-0.383221685377085));
#9808=DIRECTION('ref_axis',(-1.,0.,0.));
#9809=DIRECTION('center_axis',(0.,0.923656397074555,-0.383221685377083));
#9810=DIRECTION('ref_axis',(-1.,0.,0.));
#9811=DIRECTION('',(0.,-0.923656397074554,0.383221685377085));
#9812=DIRECTION('center_axis',(0.,0.923656397074555,-0.383221685377083));
#9813=DIRECTION('ref_axis',(-1.,0.,0.));
#9814=DIRECTION('center_axis',(-1.,0.,0.));
#9815=DIRECTION('ref_axis',(0.,0.383221685377083,0.923656397074555));
#9816=DIRECTION('',(0.,0.923656397074555,-0.383221685377083));
#9817=DIRECTION('',(0.,0.383221685377083,0.923656397074555));
#9818=DIRECTION('',(0.,0.923656397074555,-0.383221685377083));
#9819=DIRECTION('center_axis',(0.,-0.383221685377083,-0.923656397074555));
#9820=DIRECTION('ref_axis',(-1.,0.,0.));
#9821=DIRECTION('',(-1.,0.,0.));
#9822=DIRECTION('',(0.,0.923656397074555,-0.383221685377083));
#9823=DIRECTION('center_axis',(1.,0.,0.));
#9824=DIRECTION('ref_axis',(0.,-0.383221685377083,-0.923656397074555));
#9825=DIRECTION('',(0.,-0.383221685377083,-0.923656397074555));
#9826=DIRECTION('',(0.,0.923656397074555,-0.383221685377083));
#9827=DIRECTION('center_axis',(0.,0.383221685377083,0.923656397074555));
#9828=DIRECTION('ref_axis',(1.,0.,0.));
#9829=DIRECTION('',(1.,0.,0.));
#9830=DIRECTION('center_axis',(0.,0.923656397074555,-0.383221685377083));
#9831=DIRECTION('ref_axis',(0.,0.383221685377083,0.923656397074555));
#9832=DIRECTION('',(0.,0.,1.));
#9833=DIRECTION('',(1.,0.,0.));
#9834=CARTESIAN_POINT('',(0.,0.,0.));
#9835=CARTESIAN_POINT('',(0.,0.,0.));
#9836=CARTESIAN_POINT('Origin',(13.845,3.40468019199557,1.89832629686558));
#9837=CARTESIAN_POINT('',(13.875,3.40468019199557,3.18412666404808));
#9838=CARTESIAN_POINT('',(13.845,3.37468019199558,3.18412666404808));
#9839=CARTESIAN_POINT('Origin',(13.845,3.40468019199557,3.18412666404808));
#9840=CARTESIAN_POINT('',(13.845,3.37468019199558,1.46972617447141));
#9841=CARTESIAN_POINT('',(13.845,3.37468019199558,1.89832629686558));
#9842=CARTESIAN_POINT('',(13.875,3.40468019199557,1.46972617447141));
#9843=CARTESIAN_POINT('Origin',(13.845,3.40468019199557,1.46972617447141));
#9844=CARTESIAN_POINT('',(13.875,3.40468019199557,1.89832629686558));
#9845=CARTESIAN_POINT('Origin',(13.875,3.60668019199558,1.46972617447141));
#9846=CARTESIAN_POINT('',(13.875,3.60668019199558,1.46972617447141));
#9847=CARTESIAN_POINT('',(13.875,3.60668019199558,1.46972617447141));
#9848=CARTESIAN_POINT('',(13.875,3.60668019199558,3.18412666404808));
#9849=CARTESIAN_POINT('',(13.875,3.60668019199558,2.02850191895343));
#9850=CARTESIAN_POINT('',(13.875,3.60668019199558,3.18412666404808));
#9851=CARTESIAN_POINT('Origin',(13.7653668960869,3.60668019199558,1.46972617447141));
#9852=CARTESIAN_POINT('',(13.7653668960869,3.37468019199558,1.46972617447141));
#9853=CARTESIAN_POINT('',(13.875,3.37468019199558,1.46972617447141));
#9854=CARTESIAN_POINT('',(13.7653668960869,3.90449077319558,1.46972617447141));
#9855=CARTESIAN_POINT('',(13.7653668960869,3.60668019199558,1.46972617447141));
#9856=CARTESIAN_POINT('',(13.8749237491566,3.90449077319558,1.46972617447141));
#9857=CARTESIAN_POINT('',(13.875,3.90449077319558,1.46972617447141));
#9858=CARTESIAN_POINT('',(13.875,3.89932531280874,1.46972617447141));
#9859=CARTESIAN_POINT('Origin',(13.7,3.89932531280874,1.46972617447141));
#9860=CARTESIAN_POINT('',(13.875,3.14206221431347,1.46972617447141));
#9861=CARTESIAN_POINT('Origin',(7.62328828494864,3.40468019199557,0.361822862340685));
#9862=CARTESIAN_POINT('',(10.0291275924984,3.40468019199557,0.331822862340684));
#9863=CARTESIAN_POINT('',(10.0291275924984,3.37468019199558,0.361822862340685));
#9864=CARTESIAN_POINT('Origin',(10.0291275924984,3.40468019199557,0.361822862340685));
#9865=CARTESIAN_POINT('',(6.82134184909873,3.37468019199558,0.361822862340685));
#9866=CARTESIAN_POINT('',(7.62328828494864,3.37468019199558,0.361822862340685));
#9867=CARTESIAN_POINT('',(6.82134184909873,3.40468019199557,0.331822862340684));
#9868=CARTESIAN_POINT('Origin',(6.82134184909873,3.40468019199557,0.361822862340685));
#9869=CARTESIAN_POINT('',(7.62328828494864,3.40468019199557,0.331822862340684));
#9870=CARTESIAN_POINT('Origin',(6.82134184909873,3.60668019199558,0.331822862340684));
#9871=CARTESIAN_POINT('',(6.82134184909873,3.60668019199558,0.331822862340684));
#9872=CARTESIAN_POINT('',(6.82134184909873,3.60668019199558,0.331822862340684));
#9873=CARTESIAN_POINT('',(10.0291275924984,3.60668019199558,0.331822862340684));
#9874=CARTESIAN_POINT('',(5.0992592323907,3.60668019199558,0.331822862340685));
#9875=CARTESIAN_POINT('',(10.0291275924984,3.60668019199558,0.331822862340684));
#9876=CARTESIAN_POINT('Origin',(6.82134184909873,3.60668019199558,0.447073937154999));
#9877=CARTESIAN_POINT('',(6.82134184909873,3.37468019199558,0.447073937154999));
#9878=CARTESIAN_POINT('',(6.82134184909873,3.37468019199558,0.447073937154999));
#9879=CARTESIAN_POINT('',(6.82134184909873,3.90449077319558,0.447073937154999));
#9880=CARTESIAN_POINT('',(6.82134184909873,3.60668019199558,0.447073937154999));
#9881=CARTESIAN_POINT('',(6.82134184909873,3.90449077319558,0.331899113184108));
#9882=CARTESIAN_POINT('',(6.82134184909873,3.90449077319558,0.447073937154999));
#9883=CARTESIAN_POINT('',(6.82134184909873,3.89932531280873,0.331822862340684));
#9884=CARTESIAN_POINT('Origin',(6.82134184909873,3.89932531280873,0.506822862340682));
#9885=CARTESIAN_POINT('',(6.82134184909873,2.40612167622476,0.331822862340695));
#9886=CARTESIAN_POINT('Origin',(6.552,3.40468019199557,0.909874042196874));
#9887=CARTESIAN_POINT('',(6.522,3.40468019199557,0.726011827885402));
#9888=CARTESIAN_POINT('',(6.552,3.37468019199558,0.726011827885402));
#9889=CARTESIAN_POINT('Origin',(6.552,3.40468019199557,0.726011827885402));
#9890=CARTESIAN_POINT('',(6.552,3.37468019199558,0.971161446967365));
#9891=CARTESIAN_POINT('',(6.552,3.37468019199558,0.909874042196874));
#9892=CARTESIAN_POINT('',(6.522,3.40468019199557,0.971161446967365));
#9893=CARTESIAN_POINT('Origin',(6.552,3.40468019199557,0.971161446967365));
#9894=CARTESIAN_POINT('',(6.522,3.40468019199557,0.909874042196874));
#9895=CARTESIAN_POINT('Origin',(6.522,3.60668019199558,0.971161446967365));
#9896=CARTESIAN_POINT('',(6.522,3.60668019199558,0.971161446967365));
#9897=CARTESIAN_POINT('',(6.522,3.60668019199558,0.971161446967365));
#9898=CARTESIAN_POINT('',(6.522,3.60668019199558,0.726011827885402));
#9899=CARTESIAN_POINT('',(6.522,3.60668019199558,2.02850191895343));
#9900=CARTESIAN_POINT('',(6.522,3.60668019199558,0.726011827885402));
#9901=CARTESIAN_POINT('Origin',(6.6612108377535,3.60668019199558,0.971161446967365));
#9902=CARTESIAN_POINT('',(6.6612108377535,3.37468019199558,0.971161446967365));
#9903=CARTESIAN_POINT('',(6.6612108377535,3.37468019199558,0.971161446967365));
#9904=CARTESIAN_POINT('',(6.6612108377535,3.90449077319558,0.971161446967365));
#9905=CARTESIAN_POINT('',(6.6612108377535,3.60668019199558,0.971161446967365));
#9906=CARTESIAN_POINT('',(6.52207625084343,3.90449077319558,0.971161446967365));
#9907=CARTESIAN_POINT('',(6.6612108377535,3.90449077319558,0.971161446967365));
#9908=CARTESIAN_POINT('',(6.522,3.89932531280874,0.971161446967365));
#9909=CARTESIAN_POINT('Origin',(6.697,3.89932531280874,0.971161446967363));
#9910=CARTESIAN_POINT('',(6.522,3.14206221431347,0.971161446967365));
#9911=CARTESIAN_POINT('Origin',(11.9807012547461,3.40468019199557,3.69500012127434));
#9912=CARTESIAN_POINT('',(6.82280501898432,3.40468019199557,3.72500012127434));
#9913=CARTESIAN_POINT('',(6.82280501898432,3.37468019199558,3.69500012127434));
#9914=CARTESIAN_POINT('Origin',(6.82280501898432,3.40468019199557,3.69500012127434));
#9915=CARTESIAN_POINT('',(13.7,3.37468019199558,3.69500012127434));
#9916=CARTESIAN_POINT('',(11.9807012547461,3.37468019199558,3.69500012127434));
#9917=CARTESIAN_POINT('',(13.7,3.40468019199557,3.72500012127434));
#9918=CARTESIAN_POINT('Origin',(13.7,3.40468019199557,3.69500012127434));
#9919=CARTESIAN_POINT('',(11.9807012547461,3.40468019199557,3.72500012127434));
#9920=CARTESIAN_POINT('Origin',(10.2614025094922,3.37468019199558,3.67707938800246));
#9921=CARTESIAN_POINT('',(6.82280501898432,3.37468019199558,3.62915865473059));
#9922=CARTESIAN_POINT('',(6.82280501898432,3.37468019199558,3.62915865473059));
#9923=CARTESIAN_POINT('',(13.7,3.37468019199558,3.62915865473059));
#9924=CARTESIAN_POINT('',(13.7,3.37468019199558,3.62915865473059));
#9925=CARTESIAN_POINT('',(13.7,3.37468019199558,3.72500012127434));
#9926=CARTESIAN_POINT('Origin',(6.82280501898432,3.60668019199558,3.72500012127434));
#9927=CARTESIAN_POINT('',(6.82280501898432,3.60668019199558,3.72500012127434));
#9928=CARTESIAN_POINT('',(6.82280501898432,3.60668019199558,3.72500012127434));
#9929=CARTESIAN_POINT('',(6.82280501898432,3.64932531280876,3.72500012127434));
#9930=CARTESIAN_POINT('',(6.82280501898432,3.87800275240217,3.72500012127433));
#9931=CARTESIAN_POINT('',(6.82280501898432,3.90449077319558,3.63987596305422));
#9932=CARTESIAN_POINT('Origin',(6.82280501898432,3.64932531280876,3.30000012127434));
#9933=CARTESIAN_POINT('',(6.82280501898432,3.90449077319558,3.62915865473059));
#9934=CARTESIAN_POINT('',(6.82280501898432,3.90449077319558,3.62915865473059));
#9935=CARTESIAN_POINT('',(6.82280501898432,3.60668019199558,3.62915865473059));
#9936=CARTESIAN_POINT('Origin',(6.522,3.60668019199558,0.726011827885402));
#9937=CARTESIAN_POINT('',(6.522,3.89932531280874,0.726011827885402));
#9938=CARTESIAN_POINT('',(6.522,3.14206221431347,0.726011827885402));
#9939=CARTESIAN_POINT('',(6.52207625084343,3.90449077319558,0.726011827885402));
#9940=CARTESIAN_POINT('Origin',(6.697,3.89932531280874,0.726011827885399));
#9941=CARTESIAN_POINT('',(6.6612108377535,3.90449077319558,0.726011827885402));
#9942=CARTESIAN_POINT('',(6.522,3.90449077319558,0.726011827885402));
#9943=CARTESIAN_POINT('',(6.6612108377535,3.37468019199558,0.726011827885402));
#9944=CARTESIAN_POINT('',(6.6612108377535,3.60668019199558,0.726011827885402));
#9945=CARTESIAN_POINT('',(6.522,3.37468019199558,0.726011827885402));
#9946=CARTESIAN_POINT('Origin',(6.59160541887675,3.90449077319558,0.848586637426383));
#9947=CARTESIAN_POINT('',(6.52207625084343,3.90449077319558,1.14261717707409));
#9948=CARTESIAN_POINT('',(6.6612108377535,3.90449077319558,0.726011827885402));
#9949=CARTESIAN_POINT('Origin',(6.6612108377535,3.60668019199558,0.726011827885402));
#9950=CARTESIAN_POINT('',(6.6612108377535,3.37468019199558,0.726011827885402));
#9951=CARTESIAN_POINT('Origin',(6.59160541887675,3.37468019199558,0.848586637426383));
#9952=CARTESIAN_POINT('Origin',(6.522,2.67744423663136,2.02841149180751));
#9953=CARTESIAN_POINT('',(6.522,3.89932531280876,3.30000012127433));
#9954=CARTESIAN_POINT('',(6.522,3.89932531280874,1.14261717707409));
#9955=CARTESIAN_POINT('',(6.522,3.64932531280876,3.55000012127434));
#9956=CARTESIAN_POINT('Origin',(6.522,3.64932531280876,3.30000012127434));
#9957=CARTESIAN_POINT('',(6.522,3.60668019199558,3.55000012127434));
#9958=CARTESIAN_POINT('',(6.522,3.41338477472007,3.55000012127434));
#9959=CARTESIAN_POINT('',(6.522,3.60668019199558,2.02850191895343));
#9960=CARTESIAN_POINT('Origin',(10.2614025094922,3.90449077319558,3.67707938800246));
#9961=CARTESIAN_POINT('',(13.7,3.90449077319558,3.63987596305422));
#9962=CARTESIAN_POINT('',(0.,3.90449077319558,3.63987596305422));
#9963=CARTESIAN_POINT('',(13.7,3.90449077319558,3.62915865473059));
#9964=CARTESIAN_POINT('',(13.7,3.90449077319558,3.72500012127434));
#9965=CARTESIAN_POINT('',(13.7,3.90449077319558,3.62915865473059));
#9966=CARTESIAN_POINT('Origin',(13.7,3.60668019199558,3.72500012127434));
#9967=CARTESIAN_POINT('',(13.7,3.60668019199558,3.72500012127434));
#9968=CARTESIAN_POINT('',(13.7,3.60668019199558,3.72500012127434));
#9969=CARTESIAN_POINT('',(5.0992592323907,3.60668019199558,3.72500012127434));
#9970=CARTESIAN_POINT('Origin',(13.7,3.60668019199558,3.62915865473059));
#9971=CARTESIAN_POINT('',(13.7,3.60668019199558,3.62915865473059));
#9972=CARTESIAN_POINT('',(13.7,3.64932531280876,3.72500012127434));
#9973=CARTESIAN_POINT('Origin',(13.7,3.64932531280876,3.30000012127434));
#9974=CARTESIAN_POINT('',(13.7,3.41338477472007,3.72500012127434));
#9975=CARTESIAN_POINT('Origin',(6.82280501898432,3.60668019199558,3.62915865473059));
#9976=CARTESIAN_POINT('Origin',(8.42523472079855,3.90449077319558,0.389448399747842));
#9977=CARTESIAN_POINT('',(10.0291275924984,3.90449077319558,0.331899113184108));
#9978=CARTESIAN_POINT('',(0.,3.90449077319558,0.331899113184108));
#9979=CARTESIAN_POINT('',(10.0291275924984,3.90449077319558,0.447073937154999));
#9980=CARTESIAN_POINT('',(10.0291275924984,3.90449077319558,0.447073937154999));
#9981=CARTESIAN_POINT('',(10.0291275924984,3.90449077319558,0.331822862340684));
#9982=CARTESIAN_POINT('Origin',(10.0291275924984,3.60668019199558,0.447073937154999));
#9983=CARTESIAN_POINT('',(10.0291275924984,3.37468019199558,0.447073937154999));
#9984=CARTESIAN_POINT('',(10.0291275924984,3.37468019199558,0.447073937154999));
#9985=CARTESIAN_POINT('',(10.0291275924984,3.60668019199558,0.447073937154999));
#9986=CARTESIAN_POINT('Origin',(10.0291275924984,3.60668019199558,0.331822862340684));
#9987=CARTESIAN_POINT('',(10.0291275924984,3.89932531280873,0.331822862340682));
#9988=CARTESIAN_POINT('',(10.0291275924984,2.40612167622476,0.331822862340695));
#9989=CARTESIAN_POINT('Origin',(10.0291275924984,3.89932531280873,0.506822862340682));
#9990=CARTESIAN_POINT('',(10.0291275924984,3.37468019199558,0.331822862340684));
#9991=CARTESIAN_POINT('Origin',(8.42523472079855,3.37468019199558,0.389448399747842));
#9992=CARTESIAN_POINT('Origin',(0.,3.89932531280873,0.506822862340682));
#9993=CARTESIAN_POINT('',(13.7,3.89932531280873,0.331822862340682));
#9994=CARTESIAN_POINT('',(0.,3.89932531280873,0.331822862340682));
#9995=CARTESIAN_POINT('',(13.7,4.07432531280873,0.50682286234068));
#9996=CARTESIAN_POINT('Origin',(13.7,3.89932531280873,0.506822862340682));
#9997=CARTESIAN_POINT('',(6.697,4.07432531280873,0.50682286234068));
#9998=CARTESIAN_POINT('',(0.,4.07432531280873,0.50682286234068));
#9999=CARTESIAN_POINT('',(6.697,3.89932531280873,0.331822862340682));
#10000=CARTESIAN_POINT('Origin',(6.697,3.89932531280873,0.506822862340682));
#10001=CARTESIAN_POINT('',(0.,3.89932531280873,0.331822862340682));
#10002=CARTESIAN_POINT('Origin',(0.,1.20556316045395,0.331822862340706));
#10003=CARTESIAN_POINT('',(13.7,3.60668019199558,0.331822862340685));
#10004=CARTESIAN_POINT('',(5.0992592323907,3.60668019199558,0.331822862340685));
#10005=CARTESIAN_POINT('',(13.7,1.94150369854265,0.3318228623407));
#10006=CARTESIAN_POINT('Origin',(13.8201834480434,3.90449077319558,2.32692641925975));
#10007=CARTESIAN_POINT('',(13.8749237491566,3.90449077319558,3.18412666404808));
#10008=CARTESIAN_POINT('',(13.8749237491566,3.90449077319558,1.14261717707409));
#10009=CARTESIAN_POINT('',(13.7653668960869,3.90449077319558,3.18412666404808));
#10010=CARTESIAN_POINT('',(13.7653668960869,3.90449077319558,1.46972617447141));
#10011=CARTESIAN_POINT('',(13.7653668960869,3.90449077319558,3.18412666404808));
#10012=CARTESIAN_POINT('Origin',(13.7653668960869,3.60668019199558,3.18412666404808));
#10013=CARTESIAN_POINT('',(13.7653668960869,3.37468019199558,3.18412666404808));
#10014=CARTESIAN_POINT('',(13.7653668960869,3.37468019199558,1.46972617447141));
#10015=CARTESIAN_POINT('',(13.7653668960869,3.60668019199558,3.18412666404808));
#10016=CARTESIAN_POINT('Origin',(13.875,3.60668019199558,3.18412666404808));
#10017=CARTESIAN_POINT('',(13.875,3.89932531280876,3.18412666404808));
#10018=CARTESIAN_POINT('',(13.875,3.14206221431347,3.18412666404808));
#10019=CARTESIAN_POINT('Origin',(13.7,3.89932531280876,3.18412666404808));
#10020=CARTESIAN_POINT('',(13.7653668960869,3.37468019199558,3.18412666404808));
#10021=CARTESIAN_POINT('Origin',(13.8201834480434,3.37468019199558,2.32692641925975));
#10022=CARTESIAN_POINT('Origin',(13.875,2.67744423663136,2.02841149180751));
#10023=CARTESIAN_POINT('',(13.875,3.89932531280873,0.506822862340682));
#10024=CARTESIAN_POINT('',(13.875,3.89932531280874,1.14261717707409));
#10025=CARTESIAN_POINT('',(13.875,3.60668019199558,0.506822862340684));
#10026=CARTESIAN_POINT('',(13.875,1.94150369854265,0.5068228623407));
#10027=CARTESIAN_POINT('',(13.875,3.60668019199558,2.02850191895343));
#10028=CARTESIAN_POINT('Origin',(13.875,2.67744423663136,2.02841149180751));
#10029=CARTESIAN_POINT('',(13.875,3.60668019199558,3.55000012127434));
#10030=CARTESIAN_POINT('',(13.875,3.60668019199558,2.02850191895343));
#10031=CARTESIAN_POINT('',(13.875,3.64932531280876,3.55000012127434));
#10032=CARTESIAN_POINT('',(13.875,3.41338477472007,3.55000012127434));
#10033=CARTESIAN_POINT('',(13.875,3.89932531280876,3.30000012127433));
#10034=CARTESIAN_POINT('Origin',(13.875,3.64932531280876,3.30000012127434));
#10035=CARTESIAN_POINT('',(13.875,3.89932531280874,1.14261717707409));
#10036=CARTESIAN_POINT('Origin',(12.9060989660118,4.11932531280874,0.64982081091737));
#10037=CARTESIAN_POINT('',(12.9060989660118,4.14932531280874,1.01781875949406));
#10038=CARTESIAN_POINT('',(12.8760989660118,4.11932531280874,1.01781875949406));
#10039=CARTESIAN_POINT('Origin',(12.9060989660118,4.11932531280874,1.01781875949406));
#10040=CARTESIAN_POINT('',(12.8760989660118,4.11932531280874,1.04281875949406));
#10041=CARTESIAN_POINT('',(12.8760989660118,4.11932531280874,0.64982081091737));
#10042=CARTESIAN_POINT('',(12.9060989660118,4.14932531280874,1.04281875949406));
#10043=CARTESIAN_POINT('Origin',(12.9060989660118,4.11932531280874,1.04281875949406));
#10044=CARTESIAN_POINT('',(12.9060989660118,4.14932531280873,0.64982081091737));
#10045=CARTESIAN_POINT('Origin',(12.7760989660117,4.11932531280874,1.04281875949406));
#10046=CARTESIAN_POINT('',(12.7760989660117,4.11932531280874,1.14281875949406));
#10047=CARTESIAN_POINT('',(12.7760989660117,4.14932531280874,1.17281875949406));
#10048=CARTESIAN_POINT('Origin',(12.7760989660117,4.11932531280874,1.17281875949406));
#10049=CARTESIAN_POINT('Origin',(12.7760989660117,4.14932531280874,1.04281875949406));
#10050=CARTESIAN_POINT('Origin',(12.7760989660117,4.11932531280874,1.04281875949406));
#10051=CARTESIAN_POINT('Origin',(5.54770471719463,4.11932531280874,1.17281875949406));
#10052=CARTESIAN_POINT('',(11.0954094343893,4.11932531280874,1.14281875949406));
#10053=CARTESIAN_POINT('',(11.0954094343893,4.14932531280874,1.17281875949406));
#10054=CARTESIAN_POINT('Origin',(11.0954094343893,4.11932531280874,1.17281875949406));
#10055=CARTESIAN_POINT('',(5.54770471719463,4.14932531280874,1.17281875949406));
#10056=CARTESIAN_POINT('',(5.54770471719463,4.11932531280874,1.14281875949406));
#10057=CARTESIAN_POINT('Origin',(11.0954094343893,4.11932531280874,1.04281875949406));
#10058=CARTESIAN_POINT('',(10.9954094343893,4.11932531280874,1.04281875949406));
#10059=CARTESIAN_POINT('',(10.9654094343893,4.14932531280874,1.04281875949406));
#10060=CARTESIAN_POINT('Origin',(10.9654094343893,4.11932531280874,1.04281875949406));
#10061=CARTESIAN_POINT('Origin',(11.0954094343893,4.14932531280874,1.04281875949406));
#10062=CARTESIAN_POINT('Origin',(11.0954094343893,4.11932531280874,1.04281875949406));
#10063=CARTESIAN_POINT('Origin',(10.9654094343893,4.11932531280874,0.637320810917372));
#10064=CARTESIAN_POINT('',(10.9954094343893,4.11932531280874,1.01781875949406));
#10065=CARTESIAN_POINT('',(10.9654094343893,4.14932531280874,1.01781875949406));
#10066=CARTESIAN_POINT('Origin',(10.9654094343893,4.11932531280874,1.01781875949406));
#10067=CARTESIAN_POINT('',(10.9654094343893,4.14932531280873,0.637320810917371));
#10068=CARTESIAN_POINT('',(10.9954094343893,4.11932531280874,0.637320810917372));
#10069=CARTESIAN_POINT('Origin',(11.0954094343893,4.11932531280874,1.01781875949407));
#10070=CARTESIAN_POINT('',(11.0954094343893,4.11932531280874,0.917818759494063));
#10071=CARTESIAN_POINT('',(11.0954094343893,4.14932531280874,0.887818759494063));
#10072=CARTESIAN_POINT('Origin',(11.0954094343893,4.11932531280874,0.887818759494063));
#10073=CARTESIAN_POINT('Origin',(11.0954094343893,4.14932531280874,1.01781875949406));
#10074=CARTESIAN_POINT('Origin',(11.0954094343893,4.11932531280874,1.01781875949407));
#10075=CARTESIAN_POINT('Origin',(6.38804948300588,4.11932531280874,0.887818759494063));
#10076=CARTESIAN_POINT('',(12.7760989660118,4.11932531280874,0.917818759494063));
#10077=CARTESIAN_POINT('',(12.7760989660118,4.14932531280874,0.887818759494063));
#10078=CARTESIAN_POINT('Origin',(12.7760989660118,4.11932531280874,0.887818759494063));
#10079=CARTESIAN_POINT('',(6.38804948300588,4.14932531280874,0.887818759494063));
#10080=CARTESIAN_POINT('',(6.38804948300588,4.11932531280874,0.917818759494063));
#10081=CARTESIAN_POINT('Origin',(12.7760989660118,4.11932531280874,1.01781875949406));
#10082=CARTESIAN_POINT('Origin',(12.7760989660118,4.14932531280874,1.01781875949406));
#10083=CARTESIAN_POINT('Origin',(12.7760989660118,4.11932531280874,1.01781875949406));
#10084=CARTESIAN_POINT('Origin',(11.0954094343893,4.07432531280874,1.04281875949406));
#10085=CARTESIAN_POINT('',(11.0954094343893,4.07432531280874,1.14281875949406));
#10086=CARTESIAN_POINT('',(11.0954094343893,4.07432531280874,1.14281875949406));
#10087=CARTESIAN_POINT('',(10.9954094343893,4.07432531280874,1.04281875949406));
#10088=CARTESIAN_POINT('Origin',(11.0954094343893,4.07432531280874,1.04281875949406));
#10089=CARTESIAN_POINT('',(10.9954094343893,4.07432531280874,1.04281875949406));
#10090=CARTESIAN_POINT('Origin',(11.0954094343893,4.07432531280874,1.14281875949406));
#10091=CARTESIAN_POINT('',(12.7760989660117,4.07432531280874,1.14281875949406));
#10092=CARTESIAN_POINT('',(12.7760989660117,4.07432531280874,1.14281875949406));
#10093=CARTESIAN_POINT('',(5.54770471719463,4.07432531280874,1.14281875949406));
#10094=CARTESIAN_POINT('Origin',(12.7760989660117,4.07432531280874,1.04281875949406));
#10095=CARTESIAN_POINT('',(12.8760989660118,4.07432531280874,1.04281875949406));
#10096=CARTESIAN_POINT('',(12.8760989660118,4.07432531280874,1.04281875949406));
#10097=CARTESIAN_POINT('Origin',(12.7760989660117,4.07432531280874,1.04281875949406));
#10098=CARTESIAN_POINT('Origin',(12.8760989660118,4.07432531280874,1.04281875949406));
#10099=CARTESIAN_POINT('',(12.8760989660118,4.07432531280874,1.01781875949406));
#10100=CARTESIAN_POINT('',(12.8760989660118,4.07432531280874,1.01781875949406));
#10101=CARTESIAN_POINT('',(12.8760989660118,4.07432531280874,0.649820810917371));
#10102=CARTESIAN_POINT('Origin',(0.,4.14932531280873,0.25682286234068));
#10103=CARTESIAN_POINT('',(13.7,4.14932531280873,0.50682286234068));
#10104=CARTESIAN_POINT('',(13.7,4.14932531280876,3.30000012127433));
#10105=CARTESIAN_POINT('',(13.7,4.14932531280874,1.14261717707409));
#10106=CARTESIAN_POINT('',(6.697,4.14932531280873,0.50682286234068));
#10107=CARTESIAN_POINT('',(0.,4.14932531280873,0.50682286234068));
#10108=CARTESIAN_POINT('',(6.697,4.14932531280876,3.30000012127433));
#10109=CARTESIAN_POINT('',(6.697,4.14932531280874,1.14261717707409));
#10110=CARTESIAN_POINT('',(0.,4.14932531280876,3.30000012127433));
#10111=CARTESIAN_POINT('Origin',(13.2055372471591,4.03115917934799,0.917818759494102));
#10112=CARTESIAN_POINT('',(13.2055372471591,1.79754874495044,0.729818759494102));
#10113=CARTESIAN_POINT('',(13.2055372471591,4.03115917934799,0.729818759494101));
#10114=CARTESIAN_POINT('',(13.2055372471591,3.47589079687037,0.729818759494101));
#10115=CARTESIAN_POINT('',(13.2055372471591,1.79754874495044,0.917818759494102));
#10116=CARTESIAN_POINT('',(13.2055372471591,1.79754874495044,0.917818759494102));
#10117=CARTESIAN_POINT('',(13.2055372471591,4.03115917934799,0.917818759494102));
#10118=CARTESIAN_POINT('',(13.2055372471591,3.47589079687037,0.917818759494101));
#10119=CARTESIAN_POINT('',(13.2055372471591,4.03115917934799,0.917818759494102));
#10120=CARTESIAN_POINT('Origin',(10.8000003446744,4.03115917934799,0.917818759494102));
#10121=CARTESIAN_POINT('',(10.8000003446744,4.03115917934799,0.729818759494102));
#10122=CARTESIAN_POINT('',(11.4151329429789,4.03115917934799,0.729818759494102));
#10123=CARTESIAN_POINT('',(10.8000003446744,4.03115917934799,0.917818759494102));
#10124=CARTESIAN_POINT('',(11.4151329429789,4.03115917934799,0.917818759494102));
#10125=CARTESIAN_POINT('',(10.8000003446744,4.03115917934799,0.917818759494102));
#10126=CARTESIAN_POINT('Origin',(10.8000003446744,1.79775264483593,0.917818759494102));
#10127=CARTESIAN_POINT('',(10.8000003446744,1.79775264483593,0.729818759494103));
#10128=CARTESIAN_POINT('',(10.8000003446744,2.35918752961434,0.729818759494103));
#10129=CARTESIAN_POINT('',(10.8000003446744,1.79775264483593,0.917818759494102));
#10130=CARTESIAN_POINT('',(10.8000003446744,2.35918752961434,0.917818759494103));
#10131=CARTESIAN_POINT('',(10.8000003446744,1.79775264483593,0.917818759494102));
#10132=CARTESIAN_POINT('Origin',(13.2055372471591,1.79754874495044,0.917818759494102));
#10133=CARTESIAN_POINT('',(10.91766469485,1.79754874495044,0.729818759494103));
#10134=CARTESIAN_POINT('',(12.6179013942212,1.79754874495044,0.729818759494103));
#10135=CARTESIAN_POINT('',(10.9176646948501,1.79754874495044,0.917818759494102));
#10136=CARTESIAN_POINT('',(10.9176646948501,1.79754874495044,0.917818759494102));
#10137=CARTESIAN_POINT('',(12.6179013942212,1.79754874495044,0.917818759494103));
#10138=CARTESIAN_POINT('Origin',(12.0302655412833,2.92062241439274,0.917818759494102));
#10139=CARTESIAN_POINT('',(11.6780882651759,1.79623101125556,0.917818759494103));
#10140=CARTESIAN_POINT('',(11.2283172392534,1.79701041691705,0.917818759494103));
#10141=CARTESIAN_POINT('',(11.6779149760029,1.69623116140136,0.917818759494103));
#10142=CARTESIAN_POINT('',(11.679063016774,2.35873016668543,0.917818759494103));
#10143=CARTESIAN_POINT('',(12.419294881445,1.69494642836541,0.917818759494103));
#10144=CARTESIAN_POINT('',(11.8530288624584,1.69592770754007,0.917818759494103));
#10145=CARTESIAN_POINT('',(12.419468170618,1.7949462782196,0.917818759494103));
#10146=CARTESIAN_POINT('',(12.4203562776297,2.30744550872238,0.917818759494102));
#10147=CARTESIAN_POINT('',(13.6283136357542,1.79285147676488,0.917818759494102));
#10148=CARTESIAN_POINT('',(12.2238921043525,1.7952851908763,0.917818759494103));
#10149=CARTESIAN_POINT('',(13.7284867747814,1.89267803744608,0.917818759494102));
#10150=CARTESIAN_POINT('Origin',(13.6284869249272,1.89285132661908,0.917818759494102));
#10151=CARTESIAN_POINT('',(13.7286602607088,1.99272881113307,0.917818759494102));
#10152=CARTESIAN_POINT('',(13.7293748817931,2.40517726794885,0.917818759494102));
#10153=CARTESIAN_POINT('',(13.8286601137544,1.99255552195453,0.917818759494102));
#10154=CARTESIAN_POINT('',(12.8786614826939,1.99420176919764,0.917818759494102));
#10155=CARTESIAN_POINT('',(13.8293532704686,2.39255493413703,0.917818759494102));
#10156=CARTESIAN_POINT('',(13.8305878000172,3.10502841050992,0.917818759494101));
#10157=CARTESIAN_POINT('',(13.8309128730754,3.29255361154765,0.917818759494101));
#10158=CARTESIAN_POINT('',(13.8305878000172,3.10502841050992,0.917818759494101));
#10159=CARTESIAN_POINT('',(13.7309129115213,3.29272690091423,0.917818759494101));
#10160=CARTESIAN_POINT('',(12.9309141685377,3.2941132142015,0.917818759494102));
#10161=CARTESIAN_POINT('',(13.7315100687787,3.63732798035462,0.917818759494101));
#10162=CARTESIAN_POINT('',(13.730587950163,3.10520169968293,0.917818759494101));
#10163=CARTESIAN_POINT('',(13.8315100303327,3.63715469098805,0.917818759494101));
#10164=CARTESIAN_POINT('',(12.881511345018,3.63880093832518,0.917818759494101));
#10165=CARTESIAN_POINT('',(13.8320390526822,3.94250167028416,0.917818759494101));
#10166=CARTESIAN_POINT('',(13.8305878000172,3.10502841050992,0.917818759494101));
#10167=CARTESIAN_POINT('',(13.8088246157474,4.03637349049612,0.917818759494101));
#10168=CARTESIAN_POINT('Origin',(13.6320393529738,3.94284824863018,0.917818759494101));
#10169=CARTESIAN_POINT('',(13.7996581925103,4.04317678018247,0.917818759494095));
#10170=CARTESIAN_POINT('Origin',(13.7,3.89932531280874,0.917818759494093));
#10171=CARTESIAN_POINT('',(13.6786382898559,4.05458796227041,0.917818759494101));
#10172=CARTESIAN_POINT('Origin',(13.6783965784835,3.40458800721225,0.917818759494101));
#10173=CARTESIAN_POINT('',(10.2633687692151,4.05585797694719,0.917818759494102));
#10174=CARTESIAN_POINT('',(12.0183854457896,4.05520534999527,0.917818759494101));
#10175=CARTESIAN_POINT('',(10.2368078786118,3.99178469195679,0.917818759494102));
#10176=CARTESIAN_POINT('Origin',(10.4320441576394,3.9483935021664,0.917818759494102));
#10177=CARTESIAN_POINT('',(10.2477488799226,2.59876178275956,0.917818759494103));
#10178=CARTESIAN_POINT('',(10.2444215724679,3.02239901473138,0.917818759494103));
#10179=CARTESIAN_POINT('',(10.3297049922288,2.59861976147708,0.917818759494103));
#10180=CARTESIAN_POINT('',(11.1297037894667,2.59723344809579,0.917818759494103));
#10181=CARTESIAN_POINT('',(10.3284918797386,1.89856986932831,0.917818759494104));
#10182=CARTESIAN_POINT('',(10.3299865429954,2.76109404590547,0.917818759494103));
#10183=CARTESIAN_POINT('',(10.4283184404198,1.7983967303011,0.917818759494104));
#10184=CARTESIAN_POINT('Origin',(10.4284917295928,1.8983965801553,0.917818759494104));
#10185=CARTESIAN_POINT('',(11.2283172392534,1.79701041691705,0.917818759494103));
#10186=CARTESIAN_POINT('Origin',(12.0302655412833,2.92062241439274,0.729818759494102));
#10187=CARTESIAN_POINT('',(10.4283184404198,1.7983967303011,0.729818759494103));
#10188=CARTESIAN_POINT('',(11.2283172392534,1.79701041691705,0.729818759494103));
#10189=CARTESIAN_POINT('',(10.3284918797386,1.89856986932831,0.729818759494103));
#10190=CARTESIAN_POINT('Origin',(10.4284917295928,1.8983965801553,0.729818759494103));
#10191=CARTESIAN_POINT('',(10.3307447273,3.19861887975083,0.729818759494102));
#10192=CARTESIAN_POINT('',(10.330506410531,3.06109360504234,0.729818759494103));
#10193=CARTESIAN_POINT('',(10.2430363226794,3.19877086914806,0.729818759494102));
#10194=CARTESIAN_POINT('',(11.1307435245379,3.19723256636955,0.729818759494102));
#10195=CARTESIAN_POINT('',(10.2368078786118,3.99178469195679,0.729818759494102));
#10196=CARTESIAN_POINT('',(10.2444215724679,3.02239901473138,0.729818759494103));
#10197=CARTESIAN_POINT('',(10.2627193037238,4.05483171826597,0.729818759494102));
#10198=CARTESIAN_POINT('Origin',(10.4320441576394,3.9483935021664,0.729818759494102));
#10199=CARTESIAN_POINT('',(10.9376449616303,4.05560723812397,0.729818759494102));
#10200=CARTESIAN_POINT('Origin',(10.9374419240776,3.50960727587512,0.729818759494102));
#10201=CARTESIAN_POINT('',(13.6786382898559,4.05458796227041,0.729818759494101));
#10202=CARTESIAN_POINT('',(12.0183854457896,4.05520534999527,0.729818759494101));
#10203=CARTESIAN_POINT('',(13.7996581925103,4.04317678018247,0.729818759494095));
#10204=CARTESIAN_POINT('Origin',(13.6783965784835,3.40458800721225,0.729818759494101));
#10205=CARTESIAN_POINT('',(13.8088246157474,4.03637349049612,0.729818759494101));
#10206=CARTESIAN_POINT('Origin',(13.7,3.89932531280874,0.729818759494093));
#10207=CARTESIAN_POINT('',(13.8320390526822,3.94250167028416,0.7298187594941));
#10208=CARTESIAN_POINT('Origin',(13.6320393529738,3.94284824863018,0.729818759494101));
#10209=CARTESIAN_POINT('',(13.8315100303327,3.63715469098805,0.729818759494101));
#10210=CARTESIAN_POINT('',(13.8320390526822,3.94250167028416,0.7298187594941));
#10211=CARTESIAN_POINT('',(13.8309128730754,3.29255361154765,0.729818759494101));
#10212=CARTESIAN_POINT('',(13.8309128730754,3.29255361154765,0.729818759494101));
#10213=CARTESIAN_POINT('',(13.7309129115213,3.29272690091423,0.729818759494101));
#10214=CARTESIAN_POINT('',(12.8809141877606,3.29419985888478,0.729818759494101));
#10215=CARTESIAN_POINT('',(13.7293534174229,2.39272822331557,0.729818759494102));
#10216=CARTESIAN_POINT('',(13.7298081488596,2.65520236097761,0.729818759494101));
#10217=CARTESIAN_POINT('',(13.8293532704686,2.39255493413703,0.729818759494101));
#10218=CARTESIAN_POINT('',(12.9293545659308,2.39411453679088,0.729818759494102));
#10219=CARTESIAN_POINT('',(13.8286601137544,1.99255552195453,0.729818759494102));
#10220=CARTESIAN_POINT('',(13.8286601137544,1.99255552195453,0.729818759494102));
#10221=CARTESIAN_POINT('',(13.7286602607088,1.99272881113307,0.729818759494102));
#10222=CARTESIAN_POINT('',(12.8786614826939,1.99420176919764,0.729818759494102));
#10223=CARTESIAN_POINT('',(13.7284867747814,1.89267803744608,0.729818759494102));
#10224=CARTESIAN_POINT('',(13.7293748817931,2.40517726794885,0.729818759494102));
#10225=CARTESIAN_POINT('',(13.6283136357542,1.79285147676488,0.729818759494102));
#10226=CARTESIAN_POINT('Origin',(13.6284869249272,1.89285132661908,0.729818759494102));
#10227=CARTESIAN_POINT('',(12.419468170618,1.7949462782196,0.729818759494102));
#10228=CARTESIAN_POINT('',(12.2238921043525,1.7952851908763,0.729818759494102));
#10229=CARTESIAN_POINT('',(12.419294881445,1.69494642836541,0.729818759494102));
#10230=CARTESIAN_POINT('',(12.4203562776297,2.30744550872238,0.729818759494102));
#10231=CARTESIAN_POINT('',(11.6779149760029,1.69623116140136,0.729818759494103));
#10232=CARTESIAN_POINT('',(13.6281403465812,1.69285162691068,0.729818759494102));
#10233=CARTESIAN_POINT('',(11.6780882651759,1.79623101125556,0.729818759494103));
#10234=CARTESIAN_POINT('',(11.679063016774,2.35873016668543,0.729818759494102));
#10235=CARTESIAN_POINT('',(11.2283172392534,1.79701041691705,0.729818759494103));
#10236=CARTESIAN_POINT('Origin',(5.83945214526125,1.73634864559178,0.361822862340701));
#10237=CARTESIAN_POINT('',(12.419294881445,1.69494642836541,0.361822862340701));
#10238=CARTESIAN_POINT('',(12.4193468681969,1.72494638332167,0.331822862340702));
#10239=CARTESIAN_POINT('Origin',(12.4193468681969,1.72494638332167,0.361822862340701));
#10240=CARTESIAN_POINT('',(13.6281923333331,1.72285158186694,0.331822862340702));
#10241=CARTESIAN_POINT('',(5.83945214526125,1.73634864559178,0.331822862340702));
#10242=CARTESIAN_POINT('',(13.6281403465812,1.69285162691068,0.361822862340701));
#10243=CARTESIAN_POINT('Origin',(13.6281923333331,1.72285158186694,0.361822862340701));
#10244=CARTESIAN_POINT('',(5.83940015850934,1.70634869063552,0.361822862340701));
#10245=CARTESIAN_POINT('Origin',(13.6284869249272,1.89285132661908,0.3618228623407));
#10246=CARTESIAN_POINT('',(13.7,1.73862461008258,0.331822862340702));
#10247=CARTESIAN_POINT('',(13.7126199544246,1.71140813069379,0.361822862340702));
#10248=CARTESIAN_POINT('Origin',(13.7,1.73862461008258,0.361822862340701));
#10249=CARTESIAN_POINT('Origin',(13.6284869249272,1.89285132661908,0.3618228623407));
#10250=CARTESIAN_POINT('Origin',(13.6284869249272,1.89285132661908,0.3318228623407));
#10251=CARTESIAN_POINT('Ctrl Pts',(13.7,1.73862461008258,0.3318228623407));
#10252=CARTESIAN_POINT('Ctrl Pts',(13.720599802947,1.74653902582876,0.3318228623407));
#10253=CARTESIAN_POINT('Ctrl Pts',(13.7488657749079,1.76280304372954,0.337339626356303));
#10254=CARTESIAN_POINT('Ctrl Pts',(13.7997020441408,1.8100645784002,0.358829859381157));
#10255=CARTESIAN_POINT('Ctrl Pts',(13.8187845259212,1.85492873692246,0.378311197894162));
#10256=CARTESIAN_POINT('Ctrl Pts',(13.8188632220268,1.89255673502497,0.37838402689981));
#10257=CARTESIAN_POINT('Ctrl Pts',(13.7037758815342,1.73048145849168,0.3318228623407));
#10258=CARTESIAN_POINT('Ctrl Pts',(13.7251704739921,1.73907783373445,0.332280919159815));
#10259=CARTESIAN_POINT('Ctrl Pts',(13.7539575827685,1.75667836767701,0.338784613242219));
#10260=CARTESIAN_POINT('Ctrl Pts',(13.804240356275,1.80689341604873,0.361972545944846));
#10261=CARTESIAN_POINT('Ctrl Pts',(13.8222443132245,1.8534969633612,0.381509063652587));
#10262=CARTESIAN_POINT('Ctrl Pts',(13.8223194250585,1.89254561630719,0.381582556588398));
#10263=CARTESIAN_POINT('Ctrl Pts',(13.7103099986573,1.71638983359172,0.339362735316801));
#10264=CARTESIAN_POINT('Ctrl Pts',(13.7321643271316,1.72612460138149,0.34006904528524));
#10265=CARTESIAN_POINT('Ctrl Pts',(13.7609867655322,1.74599851980093,0.346881152059056));
#10266=CARTESIAN_POINT('Ctrl Pts',(13.8100581564538,1.80126862480119,0.3698364762219));
#10267=CARTESIAN_POINT('Ctrl Pts',(13.8269469791647,1.8509948842633,0.388557585001926));
#10268=CARTESIAN_POINT('Ctrl Pts',(13.8270182571162,1.89252617512889,0.388627887065021));
#10269=CARTESIAN_POINT('Ctrl Pts',(13.7126199544246,1.71140813069378,0.355090878083007));
#10270=CARTESIAN_POINT('Ctrl Pts',(13.7333521501921,1.72102562303013,0.355301258576664));
#10271=CARTESIAN_POINT('Ctrl Pts',(13.7613455121347,1.74073426290045,0.360542831163439));
#10272=CARTESIAN_POINT('Ctrl Pts',(13.8105758012091,1.7969426650715,0.379887217928312));
#10273=CARTESIAN_POINT('Ctrl Pts',(13.8284124347042,1.84896524216321,0.396806930844581));
#10274=CARTESIAN_POINT('Ctrl Pts',(13.8284866344507,1.89251041229294,0.396870258085438));
#10275=CARTESIAN_POINT('Ctrl Pts',(13.7126199544246,1.71140813069378,0.3618228623407));
#10276=CARTESIAN_POINT('Ctrl Pts',(13.7327004346082,1.72071920804224,0.3618228623407));
#10277=CARTESIAN_POINT('Ctrl Pts',(13.7602538190407,1.73985334674906,0.366393895382207));
#10278=CARTESIAN_POINT('Ctrl Pts',(13.8098085016543,1.79545515224394,0.384200088459939));
#10279=CARTESIAN_POINT('Ctrl Pts',(13.8284099124654,1.84823651521125,0.40034176894214));
#10280=CARTESIAN_POINT('Ctrl Pts',(13.8284866246356,1.89250474827307,0.40040211297539));
#10281=CARTESIAN_POINT('',(13.8188632220268,1.89255673502497,0.378384026899811));
#10282=CARTESIAN_POINT('',(13.8284866246356,1.89250474827307,0.400402112975392));
#10283=CARTESIAN_POINT('Origin',(13.7984866696793,1.89255673502497,0.400402112975392));
#10284=CARTESIAN_POINT('Ctrl Pts',(13.8284866246356,1.89250474827307,0.40040211297539));
#10285=CARTESIAN_POINT('Ctrl Pts',(13.8284099124654,1.84823651521125,0.40034176894214));
#10286=CARTESIAN_POINT('Ctrl Pts',(13.8098085016543,1.79545515224394,0.384200088459939));
#10287=CARTESIAN_POINT('Ctrl Pts',(13.7602538190407,1.73985334674906,0.366393895382207));
#10288=CARTESIAN_POINT('Ctrl Pts',(13.7327004346082,1.72071920804224,0.3618228623407));
#10289=CARTESIAN_POINT('Ctrl Pts',(13.7126199544246,1.71140813069378,0.3618228623407));
#10290=CARTESIAN_POINT('Ctrl Pts',(13.7,1.73862461008258,0.3318228623407));
#10291=CARTESIAN_POINT('Ctrl Pts',(13.720599802947,1.74653902582876,0.3318228623407));
#10292=CARTESIAN_POINT('Ctrl Pts',(13.7488657749079,1.76280304372954,0.337339626356303));
#10293=CARTESIAN_POINT('Ctrl Pts',(13.7997020441408,1.8100645784002,0.358829859381157));
#10294=CARTESIAN_POINT('Ctrl Pts',(13.8187845259212,1.85492873692246,0.378311197894162));
#10295=CARTESIAN_POINT('Ctrl Pts',(13.8188632220268,1.89255673502497,0.37838402689981));
#10296=CARTESIAN_POINT('Ctrl Pts',(13.8188632220268,1.89255673502497,0.378384026899809));
#10297=CARTESIAN_POINT('Ctrl Pts',(13.8189329715634,1.92590699312384,0.378448576337937));
#10298=CARTESIAN_POINT('Ctrl Pts',(13.8190027210998,1.95925725108255,0.378513231253191));
#10299=CARTESIAN_POINT('Ctrl Pts',(13.8190724706359,1.9926075089,0.378577992124882));
#10300=CARTESIAN_POINT('Ctrl Pts',(13.8249115773322,1.89253727726885,0.383981453854839));
#10301=CARTESIAN_POINT('Ctrl Pts',(13.8249742122281,1.92588753850114,0.38404565995392));
#10302=CARTESIAN_POINT('Ctrl Pts',(13.8250371125592,1.95923779932132,0.384109780835858));
#10303=CARTESIAN_POINT('Ctrl Pts',(13.8250997438518,1.99258806026829,0.384174179417339));
#10304=CARTESIAN_POINT('Ctrl Pts',(13.8284866475376,1.89251796431943,0.392161118232167));
#10305=CARTESIAN_POINT('Ctrl Pts',(13.8285443424731,1.92586822822738,0.392220077808914));
#10306=CARTESIAN_POINT('Ctrl Pts',(13.8286023296628,1.95921849163081,0.392278993582328));
#10307=CARTESIAN_POINT('Ctrl Pts',(13.8286600249861,1.99256875525181,0.392338136279177));
#10308=CARTESIAN_POINT('Ctrl Pts',(13.8284866246356,1.89250474827307,0.400402112975389));
#10309=CARTESIAN_POINT('Ctrl Pts',(13.8285444171088,1.92585500637194,0.400455596795552));
#10310=CARTESIAN_POINT('Ctrl Pts',(13.8286022095818,1.95920526433065,0.400509168011049));
#10311=CARTESIAN_POINT('Ctrl Pts',(13.8286600020545,1.9925555221481,0.400562827019021));
#10312=CARTESIAN_POINT('',(13.8190723966571,1.99257213645502,0.378577923437287));
#10313=CARTESIAN_POINT('',(13.8286601137544,1.99255552195453,0.400562827019023));
#10314=CARTESIAN_POINT('Ctrl Pts',(13.8190723966571,1.99257213645515,0.378577923437286));
#10315=CARTESIAN_POINT('Ctrl Pts',(13.8214258744331,1.99256805812687,0.38076307190466));
#10316=CARTESIAN_POINT('Ctrl Pts',(13.8233882328865,1.99256464044008,0.383319600825668));
#10317=CARTESIAN_POINT('Ctrl Pts',(13.8249232008329,1.99256197625505,0.386129040912845));
#10318=CARTESIAN_POINT('Ctrl Pts',(13.8252553560431,1.99256139974598,0.386736982052574));
#10319=CARTESIAN_POINT('Ctrl Pts',(13.8255673435958,1.99256085859839,0.387356884020685));
#10320=CARTESIAN_POINT('Ctrl Pts',(13.8258585198179,1.99256035398721,0.387987698369776));
#10321=CARTESIAN_POINT('Ctrl Pts',(13.8267666342112,1.9925587802163,0.389955069144976));
#10322=CARTESIAN_POINT('Ctrl Pts',(13.8274656575458,1.9925575735766,0.392012241475964));
#10323=CARTESIAN_POINT('Ctrl Pts',(13.8279396829108,1.9925567579431,0.394125404345099));
#10324=CARTESIAN_POINT('Ctrl Pts',(13.8284137081427,1.99255594230983,0.396238566621354));
#10325=CARTESIAN_POINT('Ctrl Pts',(13.8286600020545,1.9925555221481,0.398395449536105));
#10326=CARTESIAN_POINT('Ctrl Pts',(13.8286600020545,1.9925555221481,0.400562827019021));
#10327=CARTESIAN_POINT('Ctrl Pts',(13.8286600020545,1.9925555221481,0.400562827019021));
#10328=CARTESIAN_POINT('Ctrl Pts',(13.8286022095818,1.95920526433065,0.400509168011049));
#10329=CARTESIAN_POINT('Ctrl Pts',(13.8285444171088,1.92585500637194,0.400455596795552));
#10330=CARTESIAN_POINT('Ctrl Pts',(13.8284866246356,1.89250474827307,0.400402112975389));
#10331=CARTESIAN_POINT('Ctrl Pts',(13.8188632220268,1.89255673502497,0.378384026899809));
#10332=CARTESIAN_POINT('Ctrl Pts',(13.8189329469038,1.92589520230875,0.37844855351681));
#10333=CARTESIAN_POINT('Ctrl Pts',(13.8190026717806,1.95923366945246,0.378513185536368));
#10334=CARTESIAN_POINT('Ctrl Pts',(13.8190723966571,1.99257213645502,0.378577923437286));
#10335=CARTESIAN_POINT('Origin',(13.7286602607088,1.99272881113307,2.4088187594941));
#10336=CARTESIAN_POINT('',(13.7286602607088,1.99272881113307,0.334185701056972));
#10337=CARTESIAN_POINT('Origin',(13.7,1.9927784763364,0.506822862340699));
#10338=CARTESIAN_POINT('',(13.7286602607088,1.99272881113307,2.4088187594941));
#10339=CARTESIAN_POINT('',(13.8286601137544,1.99255552195453,2.4088187594941));
#10340=CARTESIAN_POINT('Origin',(13.7,1.94150369854265,0.5068228623407));
#10341=CARTESIAN_POINT('',(13.7,1.82295225585537,0.331822862340701));
#10342=CARTESIAN_POINT('',(13.7,1.94150369854265,0.3318228623407));
#10343=CARTESIAN_POINT('',(13.7284867747814,1.89267803744608,0.33415698944581));
#10344=CARTESIAN_POINT('Ctrl Pts',(13.7284867747814,1.89267803744608,0.334156989445809));
#10345=CARTESIAN_POINT('Ctrl Pts',(13.7284648798318,1.88004313570952,0.334153377171491));
#10346=CARTESIAN_POINT('Ctrl Pts',(13.7259044712903,1.86660761278338,0.33367271655566));
#10347=CARTESIAN_POINT('Ctrl Pts',(13.7158055265281,1.84246026343921,0.332467142753122));
#10348=CARTESIAN_POINT('Ctrl Pts',(13.7084950993097,1.83164351123323,0.331822862340699));
#10349=CARTESIAN_POINT('Ctrl Pts',(13.7,1.82295225585537,0.331822862340699));
#10350=CARTESIAN_POINT('',(13.7285734639258,1.94270367539427,0.334171336316636));
#10351=CARTESIAN_POINT('Origin',(0.,1.20556316045395,0.331822862340706));
#10352=CARTESIAN_POINT('',(12.419468170618,1.7949462782196,0.331822862340701));
#10353=CARTESIAN_POINT('',(12.4188522109371,1.43949489865749,0.331822862340704));
#10354=CARTESIAN_POINT('',(13.6283136357542,1.79285147676488,0.331822862340701));
#10355=CARTESIAN_POINT('',(6.21026340040343,1.80570617397174,0.331822862340701));
#10356=CARTESIAN_POINT('Origin',(13.6284869249272,1.89285132661908,0.3318228623407));
#10357=CARTESIAN_POINT('Origin',(10.4284917295928,1.8983965801553,0.361822862340701));
#10358=CARTESIAN_POINT('',(10.2540175393659,1.80062768456647,0.361822862340702));
#10359=CARTESIAN_POINT('',(10.2801886678999,1.81529301890479,0.331822862340701));
#10360=CARTESIAN_POINT('Origin',(10.2801886678999,1.81529301890479,0.361822862340702));
#10361=CARTESIAN_POINT('',(10.4281971379987,1.72839683540316,0.331822862340702));
#10362=CARTESIAN_POINT('Origin',(10.4284917295928,1.8983965801553,0.3318228623407));
#10363=CARTESIAN_POINT('',(10.4281451512468,1.6983968804469,0.361822862340703));
#10364=CARTESIAN_POINT('Origin',(10.4281971379987,1.72839683540316,0.361822862340703));
#10365=CARTESIAN_POINT('Origin',(10.4284917295928,1.8983965801553,0.361822862340701));
#10366=CARTESIAN_POINT('Origin',(5.83945214526125,1.73634864559178,0.361822862340701));
#10367=CARTESIAN_POINT('',(11.6779669627548,1.72623111635762,0.331822862340702));
#10368=CARTESIAN_POINT('',(11.6779149760029,1.69623116140136,0.361822862340701));
#10369=CARTESIAN_POINT('Origin',(11.6779669627548,1.72623111635762,0.361822862340701));
#10370=CARTESIAN_POINT('',(5.83940015850934,1.70634869063552,0.361822862340701));
#10371=CARTESIAN_POINT('',(5.83945214526125,1.73634864559178,0.331822862340702));
#10372=CARTESIAN_POINT('Ctrl Pts',(10.2540175393659,1.80062768456645,0.361822862340701));
#10373=CARTESIAN_POINT('Ctrl Pts',(10.2540175393659,1.80062768456645,0.361822862340701));
#10374=CARTESIAN_POINT('Ctrl Pts',(10.2540175393659,1.80062768456645,0.361822862340701));
#10375=CARTESIAN_POINT('Ctrl Pts',(10.2540175393659,1.80062768456645,0.331822862340701));
#10376=CARTESIAN_POINT('Ctrl Pts',(10.2540175393659,1.80062768456645,0.331822862340701));
#10377=CARTESIAN_POINT('Ctrl Pts',(10.2540175393659,1.80062768456645,0.331822862340701));
#10378=CARTESIAN_POINT('Ctrl Pts',(10.2537819223392,1.83062675929579,0.331822862340701));
#10379=CARTESIAN_POINT('Ctrl Pts',(10.2715181456537,1.83076606213228,0.331822862340701));
#10380=CARTESIAN_POINT('Ctrl Pts',(10.2801886678999,1.81529301890479,0.331822862340701));
#10381=CARTESIAN_POINT('',(10.2537819223392,1.83062675929579,0.331822862340701));
#10382=CARTESIAN_POINT('Origin',(10.2537819223392,1.83062675929579,0.361822862340701));
#10383=CARTESIAN_POINT('Origin',(10.2540175393659,1.80062768456645,0.331822862340701));
#10384=CARTESIAN_POINT('Origin',(0.,1.20556316045395,0.331822862340706));
#10385=CARTESIAN_POINT('',(10.2430363226794,3.19877086914806,0.331822862340688));
#10386=CARTESIAN_POINT('',(10.2507852814442,2.21216308296357,0.331822862340697));
#10387=CARTESIAN_POINT('',(10.3307447273,3.19861887975084,0.331822862340688));
#10388=CARTESIAN_POINT('',(5.11711482058881,3.20765354946497,0.331822862340688));
#10389=CARTESIAN_POINT('',(10.3284918797386,1.89856986932831,0.3318228623407));
#10390=CARTESIAN_POINT('',(10.3290023438384,2.19314299497751,0.331822862340698));
#10391=CARTESIAN_POINT('',(10.4283184404198,1.7983967303011,0.331822862340701));
#10392=CARTESIAN_POINT('Origin',(10.4284917295928,1.8983965801553,0.331822862340701));
#10393=CARTESIAN_POINT('',(11.6780882651759,1.79623101125556,0.331822862340701));
#10394=CARTESIAN_POINT('',(5.21468853530432,1.80743140001249,0.331822862340701));
#10395=CARTESIAN_POINT('',(11.6775589500814,1.49077955662061,0.331822862340704));
#10396=CARTESIAN_POINT('Origin',(10.2435120962204,3.13819474605051,2.02841149180751));
#10397=CARTESIAN_POINT('',(10.2540175393659,1.80062768456647,1.2035334845941));
#10398=CARTESIAN_POINT('',(10.2540175393659,1.80062768456647,2.4088187594941));
#10399=CARTESIAN_POINT('',(10.2477488799226,2.59876178275957,1.2035334845941));
#10400=CARTESIAN_POINT('',(10.247690717807,2.60616706104788,1.2035334845941));
#10401=CARTESIAN_POINT('',(10.2477488799226,2.59876178275957,2.21861512565081));
#10402=CARTESIAN_POINT('',(10.2368078786118,3.99178469195679,2.4088187594941));
#10403=CARTESIAN_POINT('',(10.2430363226794,3.19877086914806,2.21861512565081));
#10404=CARTESIAN_POINT('Origin',(10.4284917295928,1.8983965801553,2.4088187594941));
#10405=CARTESIAN_POINT('',(10.4281451512468,1.6983968804469,1.2035334845941));
#10406=CARTESIAN_POINT('',(10.4281451512468,1.69839688044691,2.4088187594941));
#10407=CARTESIAN_POINT('Origin',(10.4284917295928,1.8983965801553,1.2035334845941));
#10408=CARTESIAN_POINT('Origin',(13.7,3.89932531280874,1.14261717707409));
#10409=CARTESIAN_POINT('',(13.7,4.07432531280876,3.30000012127433));
#10410=CARTESIAN_POINT('Origin',(13.7,3.89932531280876,3.30000012127433));
#10411=CARTESIAN_POINT('',(13.7,4.07432531280874,1.14261717707409));
#10412=CARTESIAN_POINT('Origin',(13.7,3.89932531280873,0.506822862340682));
#10413=CARTESIAN_POINT('',(13.7996581925103,4.04317678018247,1.14261717707409));
#10414=CARTESIAN_POINT('',(13.8088246157474,4.03637349049612,1.14261717707409));
#10415=CARTESIAN_POINT('Origin',(13.925,3.63168019199558,2.02850191895343));
#10416=CARTESIAN_POINT('',(13.925,3.60668019199558,0.506822862340684));
#10417=CARTESIAN_POINT('',(13.95,3.63168019199558,0.506822862340684));
#10418=CARTESIAN_POINT('Origin',(13.925,3.63168019199558,0.506822862340684));
#10419=CARTESIAN_POINT('',(13.95,3.63168019199558,3.55000012127434));
#10420=CARTESIAN_POINT('',(13.95,3.63168019199558,2.02850191895343));
#10421=CARTESIAN_POINT('',(13.925,3.60668019199558,3.55000012127434));
#10422=CARTESIAN_POINT('Origin',(13.925,3.63168019199558,3.55000012127434));
#10423=CARTESIAN_POINT('',(13.925,3.60668019199558,2.02850191895343));
#10424=CARTESIAN_POINT('Origin',(13.7,3.63168019199559,3.55000012127434));
#10425=CARTESIAN_POINT('',(13.7,3.63168019199559,3.80000012127434));
#10426=CARTESIAN_POINT('',(13.7,3.60668019199558,3.77500012127434));
#10427=CARTESIAN_POINT('Origin',(13.7,3.63168019199559,3.77500012127434));
#10428=CARTESIAN_POINT('Origin',(13.7,3.60668019199558,3.55000012127434));
#10429=CARTESIAN_POINT('Origin',(13.7,3.63168019199559,3.55000012127434));
#10430=CARTESIAN_POINT('Origin',(5.0992592323907,3.63168019199558,3.77500012127434));
#10431=CARTESIAN_POINT('',(6.697,3.63168019199558,3.80000012127434));
#10432=CARTESIAN_POINT('',(6.697,3.60668019199558,3.77500012127434));
#10433=CARTESIAN_POINT('Origin',(6.697,3.63168019199558,3.77500012127434));
#10434=CARTESIAN_POINT('',(5.0992592323907,3.60668019199558,3.77500012127434));
#10435=CARTESIAN_POINT('',(5.0992592323907,3.63168019199558,3.80000012127434));
#10436=CARTESIAN_POINT('Origin',(6.697,3.63168019199559,3.55000012127434));
#10437=CARTESIAN_POINT('',(6.447,3.63168019199559,3.55000012127434));
#10438=CARTESIAN_POINT('',(6.472,3.60668019199558,3.55000012127434));
#10439=CARTESIAN_POINT('Origin',(6.472,3.63168019199559,3.55000012127434));
#10440=CARTESIAN_POINT('Origin',(6.697,3.60668019199558,3.55000012127434));
#10441=CARTESIAN_POINT('Origin',(6.697,3.63168019199559,3.55000012127434));
#10442=CARTESIAN_POINT('Origin',(6.472,3.63168019199558,2.02850191895343));
#10443=CARTESIAN_POINT('',(6.447,3.63168019199558,0.506822862340684));
#10444=CARTESIAN_POINT('',(6.472,3.60668019199558,0.506822862340684));
#10445=CARTESIAN_POINT('Origin',(6.472,3.63168019199558,0.506822862340684));
#10446=CARTESIAN_POINT('',(6.472,3.60668019199558,2.02850191895343));
#10447=CARTESIAN_POINT('',(6.447,3.63168019199558,2.02850191895343));
#10448=CARTESIAN_POINT('Origin',(6.697,3.63168019199556,0.506822862340684));
#10449=CARTESIAN_POINT('',(6.697,3.63168019199556,0.256822862340684));
#10450=CARTESIAN_POINT('',(6.697,3.60668019199558,0.281822862340684));
#10451=CARTESIAN_POINT('Origin',(6.697,3.63168019199556,0.281822862340684));
#10452=CARTESIAN_POINT('Origin',(6.697,3.60668019199558,0.506822862340684));
#10453=CARTESIAN_POINT('Origin',(6.697,3.63168019199556,0.506822862340684));
#10454=CARTESIAN_POINT('Origin',(5.0992592323907,3.63168019199558,0.281822862340684));
#10455=CARTESIAN_POINT('',(13.7,3.63168019199558,0.256822862340684));
#10456=CARTESIAN_POINT('',(13.7,3.60668019199558,0.281822862340684));
#10457=CARTESIAN_POINT('Origin',(13.7,3.63168019199558,0.281822862340684));
#10458=CARTESIAN_POINT('',(5.0992592323907,3.60668019199558,0.281822862340684));
#10459=CARTESIAN_POINT('',(5.0992592323907,3.63168019199558,0.256822862340684));
#10460=CARTESIAN_POINT('Origin',(13.7,3.63168019199556,0.506822862340684));
#10461=CARTESIAN_POINT('Origin',(13.7,3.60668019199558,0.506822862340684));
#10462=CARTESIAN_POINT('Origin',(13.7,3.63168019199556,0.506822862340684));
#10463=CARTESIAN_POINT('Origin',(6.697,3.41338477472007,3.55000012127434));
#10464=CARTESIAN_POINT('',(6.697,3.64932531280876,3.80000012127434));
#10465=CARTESIAN_POINT('',(6.697,3.41338477472007,3.80000012127434));
#10466=CARTESIAN_POINT('',(6.447,3.64932531280876,3.55000012127434));
#10467=CARTESIAN_POINT('Origin',(6.697,3.64932531280876,3.55000012127434));
#10468=CARTESIAN_POINT('',(6.447,3.41338477472007,3.55000012127434));
#10469=CARTESIAN_POINT('Origin',(0.,4.14932531280876,3.80000012127433));
#10470=CARTESIAN_POINT('',(13.7,3.64932531280876,3.80000012127434));
#10471=CARTESIAN_POINT('',(13.7,3.41338477472007,3.80000012127434));
#10472=CARTESIAN_POINT('',(0.,3.64932531280876,3.80000012127434));
#10473=CARTESIAN_POINT('Origin',(13.7,3.41338477472007,3.55000012127434));
#10474=CARTESIAN_POINT('',(13.95,3.64932531280876,3.55000012127434));
#10475=CARTESIAN_POINT('',(13.95,3.41338477472007,3.55000012127434));
#10476=CARTESIAN_POINT('Origin',(13.7,3.64932531280876,3.55000012127434));
#10477=CARTESIAN_POINT('Origin',(13.95,2.67744423663136,2.02841149180751));
#10478=CARTESIAN_POINT('',(13.95,3.89932531280873,0.506822862340682));
#10479=CARTESIAN_POINT('',(13.95,1.94150369854265,0.5068228623407));
#10480=CARTESIAN_POINT('',(13.95,3.89932531280876,3.30000012127433));
#10481=CARTESIAN_POINT('',(13.95,3.89932531280874,1.14261717707409));
#10482=CARTESIAN_POINT('Origin',(13.95,3.64932531280876,3.30000012127434));
#10483=CARTESIAN_POINT('Origin',(10.1985184647814,3.60668019199558,2.02859234609935));
#10484=CARTESIAN_POINT('',(6.697,3.60668019199558,3.72500012127434));
#10485=CARTESIAN_POINT('Origin',(6.697,3.60668019199559,3.55000012127434));
#10486=CARTESIAN_POINT('',(5.0992592323907,3.60668019199558,3.72500012127434));
#10487=CARTESIAN_POINT('Origin',(13.7,3.60668019199559,3.55000012127434));
#10488=CARTESIAN_POINT('Origin',(13.7,3.60668019199556,0.506822862340684));
#10489=CARTESIAN_POINT('',(6.697,3.60668019199558,0.331822862340685));
#10490=CARTESIAN_POINT('',(5.0992592323907,3.60668019199558,0.331822862340685));
#10491=CARTESIAN_POINT('',(6.522,3.60668019199558,0.506822862340684));
#10492=CARTESIAN_POINT('Origin',(6.697,3.60668019199556,0.506822862340684));
#10493=CARTESIAN_POINT('',(6.522,3.60668019199558,2.02850191895343));
#10494=CARTESIAN_POINT('Origin',(12.7760989660118,4.07432531280874,0.917818759494064));
#10495=CARTESIAN_POINT('',(11.0954094343893,4.07432531280874,0.917818759494064));
#10496=CARTESIAN_POINT('',(11.0954094343893,4.07432531280874,0.917818759494064));
#10497=CARTESIAN_POINT('',(12.7760989660118,4.07432531280874,0.917818759494064));
#10498=CARTESIAN_POINT('',(6.38804948300588,4.07432531280874,0.917818759494064));
#10499=CARTESIAN_POINT('',(12.7760989660118,4.07432531280874,0.917818759494064));
#10500=CARTESIAN_POINT('Origin',(12.7760989660118,4.07432531280874,1.01781875949406));
#10501=CARTESIAN_POINT('Origin',(12.7760989660118,4.07432531280874,1.01781875949406));
#10502=CARTESIAN_POINT('Origin',(10.9954094343893,4.07432531280874,1.01781875949406));
#10503=CARTESIAN_POINT('',(10.9954094343893,4.07432531280874,1.01781875949406));
#10504=CARTESIAN_POINT('',(10.9954094343893,4.07432531280874,0.637320810917372));
#10505=CARTESIAN_POINT('',(10.9954094343893,4.07432531280874,1.01781875949406));
#10506=CARTESIAN_POINT('Origin',(11.0954094343893,4.07432531280874,1.01781875949407));
#10507=CARTESIAN_POINT('Origin',(11.0954094343893,4.07432531280874,1.01781875949407));
#10508=CARTESIAN_POINT('Origin',(6.447,2.67744423663136,2.02841149180751));
#10509=CARTESIAN_POINT('',(6.447,3.89932531280876,3.30000012127433));
#10510=CARTESIAN_POINT('Origin',(6.447,3.64932531280876,3.30000012127434));
#10511=CARTESIAN_POINT('',(6.447,3.89932531280873,0.506822862340682));
#10512=CARTESIAN_POINT('',(6.447,3.89932531280874,1.14261717707409));
#10513=CARTESIAN_POINT('',(6.447,1.94150369854265,0.5068228623407));
#10514=CARTESIAN_POINT('Origin',(6.697,3.89932531280873,0.506822862340682));
#10515=CARTESIAN_POINT('Origin',(6.697,3.89932531280873,0.506822862340682));
#10516=CARTESIAN_POINT('',(6.697,3.89932531280873,0.256822862340682));
#10517=CARTESIAN_POINT('Origin',(6.697,3.89932531280873,0.506822862340682));
#10518=CARTESIAN_POINT('Origin',(6.697,3.89932531280873,0.506822862340682));
#10519=CARTESIAN_POINT('Ctrl Pts',(6.447,3.89932531280876,3.30000012127434));
#10520=CARTESIAN_POINT('Ctrl Pts',(6.447,3.89932531280876,3.55000012127434));
#10521=CARTESIAN_POINT('Ctrl Pts',(6.447,3.64932531280876,3.55000012127434));
#10522=CARTESIAN_POINT('Ctrl Pts',(6.447,4.14932531280876,3.30000012127434));
#10523=CARTESIAN_POINT('Ctrl Pts',(6.447,4.14932531280876,3.80000012127434));
#10524=CARTESIAN_POINT('Ctrl Pts',(6.447,3.64932531280876,3.80000012127434));
#10525=CARTESIAN_POINT('Ctrl Pts',(6.697,4.14932531280876,3.30000012127434));
#10526=CARTESIAN_POINT('Ctrl Pts',(6.697,4.14932531280876,3.80000012127434));
#10527=CARTESIAN_POINT('Ctrl Pts',(6.697,3.64932531280876,3.80000012127434));
#10528=CARTESIAN_POINT('Origin',(6.697,3.64932531280876,3.30000012127434));
#10529=CARTESIAN_POINT('Origin',(6.697,3.89932531280876,3.30000012127433));
#10530=CARTESIAN_POINT('Origin',(6.697,3.89932531280874,1.14261717707409));
#10531=CARTESIAN_POINT('Origin',(6.697,1.94150369854265,0.5068228623407));
#10532=CARTESIAN_POINT('',(6.697,1.94150369854265,0.2568228623407));
#10533=CARTESIAN_POINT('Origin',(0.,1.20556316045395,0.256822862340706));
#10534=CARTESIAN_POINT('',(13.7,3.89932531280873,0.256822862340682));
#10535=CARTESIAN_POINT('',(0.,3.89932531280873,0.256822862340682));
#10536=CARTESIAN_POINT('',(13.7,1.94150369854265,0.2568228623407));
#10537=CARTESIAN_POINT('Origin',(0.,3.89932531280873,0.506822862340682));
#10538=CARTESIAN_POINT('Origin',(13.7,3.89932531280873,0.506822862340682));
#10539=CARTESIAN_POINT('Origin',(0.,3.64932531280876,3.30000012127434));
#10540=CARTESIAN_POINT('Origin',(13.7,3.64932531280876,3.30000012127434));
#10541=CARTESIAN_POINT('Origin',(13.7,3.89932531280873,0.506822862340682));
#10542=CARTESIAN_POINT('Origin',(13.7,3.89932531280873,0.506822862340682));
#10543=CARTESIAN_POINT('Origin',(13.7,3.89932531280873,0.506822862340682));
#10544=CARTESIAN_POINT('Ctrl Pts',(13.95,3.64932531280876,3.55000012127434));
#10545=CARTESIAN_POINT('Ctrl Pts',(13.95,3.89932531280876,3.55000012127434));
#10546=CARTESIAN_POINT('Ctrl Pts',(13.95,3.89932531280876,3.30000012127434));
#10547=CARTESIAN_POINT('Ctrl Pts',(13.95,3.64932531280876,3.80000012127434));
#10548=CARTESIAN_POINT('Ctrl Pts',(13.95,4.14932531280876,3.80000012127434));
#10549=CARTESIAN_POINT('Ctrl Pts',(13.95,4.14932531280876,3.30000012127434));
#10550=CARTESIAN_POINT('Ctrl Pts',(13.7,3.64932531280876,3.80000012127434));
#10551=CARTESIAN_POINT('Ctrl Pts',(13.7,4.14932531280876,3.80000012127434));
#10552=CARTESIAN_POINT('Ctrl Pts',(13.7,4.14932531280876,3.30000012127434));
#10553=CARTESIAN_POINT('Origin',(13.7,3.89932531280876,3.30000012127433));
#10554=CARTESIAN_POINT('Origin',(13.7,3.89932531280874,1.14261717707409));
#10555=CARTESIAN_POINT('Origin',(13.7,1.94150369854265,0.5068228623407));
#10556=CARTESIAN_POINT('Origin',(6.697,3.89932531280873,0.506822862340682));
#10557=CARTESIAN_POINT('',(6.522,3.89932531280873,0.506822862340682));
#10558=CARTESIAN_POINT('Origin',(6.697,3.89932531280873,0.506822862340682));
#10559=CARTESIAN_POINT('Origin',(6.697,3.89932531280873,0.506822862340682));
#10560=CARTESIAN_POINT('Origin',(6.697,3.64932531280876,3.30000012127434));
#10561=CARTESIAN_POINT('',(6.697,3.64932531280876,3.72500012127434));
#10562=CARTESIAN_POINT('Origin',(6.697,3.64932531280876,3.55000012127434));
#10563=CARTESIAN_POINT('',(6.697,4.07432531280876,3.30000012127433));
#10564=CARTESIAN_POINT('Origin',(6.697,3.89932531280876,3.30000012127433));
#10565=CARTESIAN_POINT('Origin',(6.697,3.64932531280876,3.30000012127434));
#10566=CARTESIAN_POINT('Origin',(6.697,3.89932531280874,1.14261717707409));
#10567=CARTESIAN_POINT('',(6.522,3.89932531280874,1.14261717707409));
#10568=CARTESIAN_POINT('',(6.697,4.07432531280874,1.14261717707409));
#10569=CARTESIAN_POINT('Origin',(6.697,1.94150369854265,0.5068228623407));
#10570=CARTESIAN_POINT('',(6.697,1.94150369854265,0.3318228623407));
#10571=CARTESIAN_POINT('',(6.522,1.94150369854265,0.5068228623407));
#10572=CARTESIAN_POINT('Origin',(0.,1.20556316045395,0.331822862340706));
#10573=CARTESIAN_POINT('Origin',(0.,4.07432531280873,0.25682286234068));
#10574=CARTESIAN_POINT('',(0.,4.07432531280876,3.30000012127433));
#10575=CARTESIAN_POINT('Origin',(0.,3.64932531280876,3.30000012127434));
#10576=CARTESIAN_POINT('',(0.,3.64932531280876,3.72500012127434));
#10577=CARTESIAN_POINT('Origin',(13.7,3.64932531280876,3.30000012127434));
#10578=CARTESIAN_POINT('Origin',(13.7,3.89932531280873,0.506822862340682));
#10579=CARTESIAN_POINT('Origin',(13.7,3.89932531280873,0.506822862340682));
#10580=CARTESIAN_POINT('Origin',(13.7,1.94150369854265,0.5068228623407));
#10581=CARTESIAN_POINT('Origin',(13.7,3.64932531280876,3.30000012127434));
#10582=CARTESIAN_POINT('Origin',(13.7,3.64932531280876,3.55000012127434));
#10583=CARTESIAN_POINT('Origin',(6.522,2.67744423663136,2.02841149180751));
#10584=CARTESIAN_POINT('Origin',(6.697,3.41338477472007,3.55000012127434));
#10585=CARTESIAN_POINT('',(6.697,3.41338477472007,3.72500012127434));
#10586=CARTESIAN_POINT('Origin',(0.,4.14932531280876,3.72500012127433));
#10587=CARTESIAN_POINT('Origin',(13.7,3.41338477472007,3.55000012127434));
#10588=CARTESIAN_POINT('Origin',(13.6783965784835,3.40458800721225,1.4713187594941));
#10589=CARTESIAN_POINT('',(13.6786382898559,4.05458796227041,1.4713187594941));
#10590=CARTESIAN_POINT('Origin',(13.7,1.94150369854265,0.5068228623407));
#10591=CARTESIAN_POINT('',(13.8309128730754,3.29255361154765,0.390690094944311));
#10592=CARTESIAN_POINT('',(13.7309129115213,3.29272690091423,0.334574808937248));
#10593=CARTESIAN_POINT('Origin',(13.7,3.29278046972338,0.506822862340687));
#10594=CARTESIAN_POINT('',(13.8293532704686,2.39255493413703,0.388955430795404));
#10595=CARTESIAN_POINT('Ctrl Pts',(13.8293531587687,2.3925549343306,0.388955308210614));
#10596=CARTESIAN_POINT('Ctrl Pts',(13.8301387407796,2.84589014144095,0.38981744126618));
#10597=CARTESIAN_POINT('Ctrl Pts',(13.8309127613755,3.29255361174122,0.390689969028833));
#10598=CARTESIAN_POINT('',(13.7293534174229,2.39272822331557,0.334302187476));
#10599=CARTESIAN_POINT('Origin',(13.7,2.39277908968624,0.506822862340696));
#10600=CARTESIAN_POINT('Ctrl Pts',(13.7309129115213,3.29272690091422,0.334574808937246));
#10601=CARTESIAN_POINT('Ctrl Pts',(13.7301337268833,2.84308342082822,0.334434970690394));
#10602=CARTESIAN_POINT('Ctrl Pts',(13.7293533089145,2.3927282235036,0.334302187475998));
#10603=CARTESIAN_POINT('Origin',(13.8293532704686,2.39255493413703,2.4088187594941));
#10604=CARTESIAN_POINT('',(13.8293532704686,2.39255493413703,2.4088187594941));
#10605=CARTESIAN_POINT('',(13.7293534174229,2.39272822331557,2.4088187594941));
#10606=CARTESIAN_POINT('Origin',(12.419294881445,1.69494642836541,2.4088187594941));
#10607=CARTESIAN_POINT('',(12.419294881445,1.69494642836541,2.4088187594941));
#10608=CARTESIAN_POINT('',(12.419468170618,1.79494627821961,2.4088187594941));
#10609=CARTESIAN_POINT('Origin',(13.6284869249272,1.89285132661909,2.4088187594941));
#10610=CARTESIAN_POINT('',(13.8284866246356,1.89250474827307,1.2035334845941));
#10611=CARTESIAN_POINT('',(13.8284866246356,1.89250474827307,2.4088187594941));
#10612=CARTESIAN_POINT('',(13.6281403465812,1.69285162691068,1.2035334845941));
#10613=CARTESIAN_POINT('Origin',(13.6284869249272,1.89285132661908,1.2035334845941));
#10614=CARTESIAN_POINT('',(13.6281403465812,1.69285162691069,2.4088187594941));
#10615=CARTESIAN_POINT('Origin',(13.8309127613755,3.29255361174122,2.4088187594941));
#10616=CARTESIAN_POINT('',(13.8309128730754,3.29255361154765,2.4088187594941));
#10617=CARTESIAN_POINT('',(13.8320390526822,3.94250167028417,2.4088187594941));
#10618=CARTESIAN_POINT('',(13.8315100303327,3.63715469098805,1.2035334845941));
#10619=CARTESIAN_POINT('',(13.8315100303328,3.63715469098805,2.4088187594941));
#10620=CARTESIAN_POINT('',(13.8309128730754,3.29255361154765,1.2035334845941));
#10621=CARTESIAN_POINT('',(13.8310620506899,3.37870388160132,1.2035334845941));
#10622=CARTESIAN_POINT('',(13.8309128730754,3.29255361154765,2.4088187594941));
#10623=CARTESIAN_POINT('',(13.8286601137544,1.99255552195453,1.2035334845941));
#10624=CARTESIAN_POINT('',(13.8286601137544,1.99255552195453,2.4088187594941));
#10625=CARTESIAN_POINT('',(13.829827206145,2.66611308938536,1.2035334845941));
#10626=CARTESIAN_POINT('Origin',(10.4284917295928,1.8983965801553,2.4088187594941));
#10627=CARTESIAN_POINT('',(10.3284918797386,1.89856986932831,2.4088187594941));
#10628=CARTESIAN_POINT('',(10.4283184404198,1.7983967303011,2.4088187594941));
#10629=CARTESIAN_POINT('Origin',(11.6779149760029,1.69623116140136,2.4088187594941));
#10630=CARTESIAN_POINT('',(12.419294881445,1.69494642836541,1.2035334845941));
#10631=CARTESIAN_POINT('',(12.4128607350028,1.69495757806131,1.2035334845941));
#10632=CARTESIAN_POINT('',(12.419294881445,1.69494642836541,2.4088187594941));
#10633=CARTESIAN_POINT('',(11.6779149760029,1.69623116140136,1.2035334845941));
#10634=CARTESIAN_POINT('',(11.6779149760029,1.69623116140136,2.4088187594941));
#10635=CARTESIAN_POINT('',(11.3114432185665,1.69686621823263,1.2035334845941));
#10636=CARTESIAN_POINT('',(11.6779149760029,1.69623116140136,2.4088187594941));
#10637=CARTESIAN_POINT('Origin',(10.3307447273,3.19861887975084,2.4088187594941));
#10638=CARTESIAN_POINT('',(10.3307447273,3.19861887975084,2.4088187594941));
#10639=CARTESIAN_POINT('Origin',(10.2307448742544,3.19879216892937,2.4088187594941));
#10640=CARTESIAN_POINT('Origin',(11.6780882651759,1.79623101125556,2.4088187594941));
#10641=CARTESIAN_POINT('',(11.6780882651759,1.79623101125556,2.4088187594941));
#10642=CARTESIAN_POINT('Origin',(13.7309129115213,3.29272690091423,2.4088187594941));
#10643=CARTESIAN_POINT('',(13.7309129115213,3.29272690091423,2.4088187594941));
#10644=CARTESIAN_POINT('Origin',(13.1484080986276,2.04085151318609,1.2035334845941));
#10645=CARTESIAN_POINT('',(13.7286602607088,1.99272881113307,1.2035334845941));
#10646=CARTESIAN_POINT('',(13.4384933552382,1.99323163971887,1.2035334845941));
#10647=CARTESIAN_POINT('',(13.7284867747814,1.89267803744608,1.2035334845941));
#10648=CARTESIAN_POINT('',(13.7286142879209,1.9662619468243,1.2035334845941));
#10649=CARTESIAN_POINT('',(13.6283136357542,1.79285147676488,1.2035334845941));
#10650=CARTESIAN_POINT('Origin',(13.6284869249272,1.89285132661908,1.2035334845941));
#10651=CARTESIAN_POINT('',(12.419468170618,1.7949462782196,1.2035334845941));
#10652=CARTESIAN_POINT('',(12.7837239768968,1.79431506139753,1.2035334845941));
#10653=CARTESIAN_POINT('',(12.4195956837575,1.86853018759783,1.2035334845941));
#10654=CARTESIAN_POINT('Origin',(10.9456335775694,2.07958829966966,1.2035334845941));
#10655=CARTESIAN_POINT('',(11.6780882651759,1.79623101125556,1.2035334845941));
#10656=CARTESIAN_POINT('',(11.678332678809,1.93727459863133,1.2035334845941));
#10657=CARTESIAN_POINT('',(10.4283184404198,1.7983967303011,1.2035334845941));
#10658=CARTESIAN_POINT('',(10.6867315953615,1.79794892760961,1.2035334845941));
#10659=CARTESIAN_POINT('',(10.3284918797386,1.89856986932831,1.2035334845941));
#10660=CARTESIAN_POINT('Origin',(10.4284917295928,1.8983965801553,1.2035334845941));
#10661=CARTESIAN_POINT('',(10.3297049922288,2.59861976147708,1.2035334845941));
#10662=CARTESIAN_POINT('',(10.3292562050303,2.33963847785137,1.2035334845941));
#10663=CARTESIAN_POINT('',(10.5881181455747,2.59817195878835,1.2035334845941));
#10664=CARTESIAN_POINT('Origin',(13.781211470927,3.46494079595114,1.2035334845941));
#10665=CARTESIAN_POINT('',(13.7309129115213,3.29272690091423,1.2035334845941));
#10666=CARTESIAN_POINT('',(13.7315100687787,3.63732798035462,1.2035334845941));
#10667=CARTESIAN_POINT('',(13.7310622008357,3.37887717077432,1.2035334845941));
#10668=CARTESIAN_POINT('',(13.8059128826869,3.2925969338893,1.2035334845941));
#10669=CARTESIAN_POINT('',(13.7565100591672,3.63728465801298,1.2035334845941));
#10670=CARTESIAN_POINT('Origin',(12.419468170618,1.79494627821961,2.4088187594941));
#10671=CARTESIAN_POINT('',(13.6283136357542,1.79285147676489,2.4088187594941));
#10672=CARTESIAN_POINT('',(12.419468170618,1.79494627821961,2.4088187594941));
#10673=CARTESIAN_POINT('Origin',(13.6284869249272,1.89285132661909,2.4088187594941));
#10674=CARTESIAN_POINT('',(13.7284867747814,1.89267803744608,2.4088187594941));
#10675=CARTESIAN_POINT('Origin',(13.7284867747814,1.89267803744608,2.4088187594941));
#10676=CARTESIAN_POINT('',(13.7286602607088,1.99272881113307,2.4088187594941));
#10677=CARTESIAN_POINT('Origin',(13.7286602607088,1.99272881113307,2.4088187594941));
#10678=CARTESIAN_POINT('Origin',(10.2297051391832,2.59879305065562,2.4088187594941));
#10679=CARTESIAN_POINT('',(10.3297049922288,2.59861976147708,2.4088187594941));
#10680=CARTESIAN_POINT('Origin',(13.8309128730754,3.29255361154765,2.4088187594941));
#10681=CARTESIAN_POINT('',(13.7309129115213,3.29272690091423,2.4088187594941));
#10682=CARTESIAN_POINT('Origin',(13.7309129115213,3.29272690091423,2.4088187594941));
#10683=CARTESIAN_POINT('',(13.7315100687787,3.63732798035462,2.4088187594941));
#10684=CARTESIAN_POINT('Origin',(13.7315100687787,3.63732798035462,2.4088187594941));
#10685=CARTESIAN_POINT('Origin',(11.6780882651759,1.79623101125556,2.4088187594941));
#10686=CARTESIAN_POINT('',(11.6780882651759,1.79623101125556,2.4088187594941));
#10687=CARTESIAN_POINT('Origin',(10.4283184404198,1.7983967303011,2.4088187594941));
#10688=CARTESIAN_POINT('',(10.4283184404198,1.7983967303011,2.4088187594941));
#10689=CARTESIAN_POINT('Origin',(10.4284917295928,1.8983965801553,2.4088187594941));
#10690=CARTESIAN_POINT('',(10.3284918797386,1.89856986932831,2.4088187594941));
#10691=CARTESIAN_POINT('Origin',(10.3297049922288,2.59861976147708,2.4088187594941));
#10692=CARTESIAN_POINT('Origin',(12.419294881445,1.69494642836541,2.4088187594941));
#10693=CARTESIAN_POINT('Origin',(11.9527909938475,3.50922970443811,0.679412927291286));
#10694=CARTESIAN_POINT('',(10.2633687692151,4.05585797694719,0.763292422518125));
#10695=CARTESIAN_POINT('Ctrl Pts',(10.2633687692151,4.05585797694719,0.763292422518124));
#10696=CARTESIAN_POINT('Ctrl Pts',(10.2633687692151,4.05585797694719,0.752248061221398));
#10697=CARTESIAN_POINT('Ctrl Pts',(10.2631538660818,4.05552303206729,0.741071768932701));
#10698=CARTESIAN_POINT('Ctrl Pts',(10.2627193037238,4.05483171826596,0.7298187594941));
#10699=CARTESIAN_POINT('',(11.9529940314003,4.05522966668697,0.679412927291285));
#10700=CARTESIAN_POINT('Origin',(12.0060834418165,4.05520992466368,1.7838187594941));
#10701=CARTESIAN_POINT('',(10.2633687692151,4.05585797694719,2.4088187594941));
#10702=CARTESIAN_POINT('Origin',(10.4320441576394,3.9483935021664,2.4088187594941));
#10703=CARTESIAN_POINT('Origin',(13.6320393529738,3.94284824863018,2.4088187594941));
#10704=CARTESIAN_POINT('Origin',(13.7284867747814,1.89267803744608,2.4088187594941));
#10705=CARTESIAN_POINT('',(13.7284867747814,1.89267803744608,2.4088187594941));
#10706=CARTESIAN_POINT('Origin',(12.419468170618,1.79494627821961,2.4088187594941));
#10707=CARTESIAN_POINT('',(13.6283136357542,1.79285147676489,2.4088187594941));
#10708=CARTESIAN_POINT('Origin',(13.6284869249272,1.89285132661909,2.4088187594941));
#10709=CARTESIAN_POINT('Origin',(13.7293533089145,2.3927282235036,2.4088187594941));
#10710=CARTESIAN_POINT('Origin',(0.,2.35579214688526,3.77125849487106));
#10711=CARTESIAN_POINT('',(6.54990906814612,2.30332987962324,3.64481181763274));
#10712=CARTESIAN_POINT('',(6.68047702732943,2.30358127999767,3.64541775297755));
#10713=CARTESIAN_POINT('',(3.34079181118813,2.29715092664714,3.62991905539779));
#10714=CARTESIAN_POINT('',(6.697,2.33659971564277,3.72500012127434));
#10715=CARTESIAN_POINT('Origin',(6.697,2.26399285106262,3.55000012127434));
#10716=CARTESIAN_POINT('',(13.7,2.33659971564277,3.72500012127434));
#10717=CARTESIAN_POINT('',(0.,2.33659971564277,3.72500012127434));
#10718=CARTESIAN_POINT('',(13.875,2.26399285106262,3.55000012127434));
#10719=CARTESIAN_POINT('Origin',(13.7,2.26399285106262,3.55000012127434));
#10720=CARTESIAN_POINT('',(13.875,1.45556316045395,1.60149020179798));
#10721=CARTESIAN_POINT('',(13.875,2.07095731632678,3.08473807237433));
#10722=CARTESIAN_POINT('',(13.7689814791968,1.29473233154414,1.21384923669138));
#10723=CARTESIAN_POINT('Origin',(13.7,1.45556316045395,1.60149020179798));
#10724=CARTESIAN_POINT('',(10.0571450740632,1.29473233154414,1.21384923669138));
#10725=CARTESIAN_POINT('',(0.,1.29473233154414,1.21384923669138));
#10726=CARTESIAN_POINT('',(10.0438338333584,2.31005721150227,3.66102630486666));
#10727=CARTESIAN_POINT('',(10.0467474914467,2.08781575299854,3.12537095790955));
#10728=CARTESIAN_POINT('',(3.34079181118813,2.29715092664714,3.62991905539779));
#10729=CARTESIAN_POINT('',(12.046082181496,1.94768269251812,2.78761659093784));
#10730=CARTESIAN_POINT('',(12.046082181496,2.02637470145982,2.97728325185795));
#10731=CARTESIAN_POINT('',(12.046082181496,2.19108342417254,3.37427087336451));
#10732=CARTESIAN_POINT('',(11.9737538359775,2.05409249192996,3.04408979088594));
#10733=CARTESIAN_POINT('Origin',(11.9737538359775,2.02637470145982,2.97728325185795));
#10734=CARTESIAN_POINT('',(11.6184105110574,2.05409249192996,3.04408979088594));
#10735=CARTESIAN_POINT('',(5.80920525552868,2.05409249192997,3.04408979088595));
#10736=CARTESIAN_POINT('',(11.5460821655388,2.02637470145982,2.97728325185795));
#10737=CARTESIAN_POINT('Origin',(11.6184105110574,2.02637470145982,2.97728325185795));
#10738=CARTESIAN_POINT('',(11.5460821655388,1.94768269251812,2.78761659093784));
#10739=CARTESIAN_POINT('',(11.5460821655388,2.15173741970169,3.27943754290445));
#10740=CARTESIAN_POINT('',(11.6184105110574,1.91996490204798,2.72081005190985));
#10741=CARTESIAN_POINT('Origin',(11.6184105110574,1.94768269251813,2.78761659093784));
#10742=CARTESIAN_POINT('',(11.9737538359775,1.91996490204798,2.72081005190985));
#10743=CARTESIAN_POINT('',(5.98687691798874,1.91996490204798,2.72081005190985));
#10744=CARTESIAN_POINT('Origin',(11.9737538359775,1.94768269251813,2.78761659093784));
#10745=CARTESIAN_POINT('',(10.5650003446744,1.6329833204279,2.02911544322626));
#10746=CARTESIAN_POINT('Origin',(10.8000003446744,1.6329833204279,2.02911544322626));
#10747=CARTESIAN_POINT('',(12.565000408503,1.6329833204279,2.02911544322626));
#10748=CARTESIAN_POINT('Origin',(12.800000408503,1.6329833204279,2.02911544322626));
#10749=CARTESIAN_POINT('',(11.3267867106422,1.78296550270079,2.39060856167347));
#10750=CARTESIAN_POINT('',(11.4150003765887,1.78296550270079,2.39060856167347));
#10751=CARTESIAN_POINT('',(11.3267867106422,1.78296550270079,2.39060856167347));
#10752=CARTESIAN_POINT('',(11.3267867106422,1.48227361890381,1.66586882847129));
#10753=CARTESIAN_POINT('',(11.3267867106422,1.48227361890381,1.66586882847129));
#10754=CARTESIAN_POINT('',(11.4150003765887,1.48227361890381,1.66586882847129));
#10755=CARTESIAN_POINT('',(11.4150003765887,1.48227361890381,1.66586882847129));
#10756=CARTESIAN_POINT('',(11.4150003765887,1.78296550270079,2.39060856167347));
#10757=CARTESIAN_POINT('',(11.9856409875842,1.63298332042789,2.02911544322626));
#10758=CARTESIAN_POINT('Origin',(11.8000003765887,1.63298332042789,2.02911544322626));
#10759=CARTESIAN_POINT('',(12.1850003765887,1.78296550270079,2.39060856167347));
#10760=CARTESIAN_POINT('',(12.1850003765887,1.48227361890381,1.66586882847129));
#10761=CARTESIAN_POINT('',(12.1850003765887,1.78296550270079,2.39060856167347));
#10762=CARTESIAN_POINT('',(12.2695283878448,1.48227361890381,1.66586882847129));
#10763=CARTESIAN_POINT('',(12.1850003765887,1.48227361890381,1.66586882847129));
#10764=CARTESIAN_POINT('',(12.2695283878448,1.78296550270079,2.39060856167347));
#10765=CARTESIAN_POINT('',(12.2695283878448,1.48227361890381,1.66586882847129));
#10766=CARTESIAN_POINT('',(12.2695283878448,1.78296550270079,2.39060856167347));
#10767=CARTESIAN_POINT('Origin',(4.80077930427469,1.35707851612472,1.49459131451818));
#10768=CARTESIAN_POINT('',(9.58915895456094,1.3432068293559,1.52639360609719));
#10769=CARTESIAN_POINT('',(9.5890333475869,1.3758805220402,1.53990340999838));
#10770=CARTESIAN_POINT('Origin',(9.58915895456094,1.36629823928276,1.51681306396276));
#10771=CARTESIAN_POINT('',(7.08261946958156,1.37105458012198,1.52827172970792));
#10772=CARTESIAN_POINT('',(4.80065369730064,1.36666079888216,1.5176816605538));
#10773=CARTESIAN_POINT('',(7.0827450765556,1.33838088743768,1.51476192580673));
#10774=CARTESIAN_POINT('Origin',(7.0827450765556,1.36147229736454,1.5051813836723));
#10775=CARTESIAN_POINT('',(4.80077930427469,1.33398710619786,1.5041718566526));
#10776=CARTESIAN_POINT('Ctrl Pts',(7.08261946958156,1.37105458012198,1.52827172970792));
#10777=CARTESIAN_POINT('Ctrl Pts',(7.04447191591418,1.37099276037254,1.5280898690958));
#10778=CARTESIAN_POINT('Ctrl Pts',(6.98101796138779,1.37943736532498,1.54838952487599));
#10779=CARTESIAN_POINT('Ctrl Pts',(6.92378624990881,1.40674294973412,1.6141557702798));
#10780=CARTESIAN_POINT('Ctrl Pts',(6.9118947408,1.42617842373861,1.66099148233781));
#10781=CARTESIAN_POINT('Ctrl Pts',(6.91176696891427,1.43592409339771,1.68448167607574));
#10782=CARTESIAN_POINT('Ctrl Pts',(7.08261946655167,1.36414552296325,1.5311389253229));
#10783=CARTESIAN_POINT('Ctrl Pts',(7.04448996119761,1.36408300009543,1.53096165893662));
#10784=CARTESIAN_POINT('Ctrl Pts',(6.98102178578033,1.37253908238123,1.55129919371545));
#10785=CARTESIAN_POINT('Ctrl Pts',(6.92382346228535,1.39982950416387,1.61703781388972));
#10786=CARTESIAN_POINT('Ctrl Pts',(6.91191157504289,1.41926518773317,1.66387559763485));
#10787=CARTESIAN_POINT('Ctrl Pts',(6.9117837829934,1.42900533650348,1.68735233464831));
#10788=CARTESIAN_POINT('Ctrl Pts',(7.08265103160891,1.34978067901178,1.53029715571568));
#10789=CARTESIAN_POINT('Ctrl Pts',(7.04308964472286,1.34970963365976,1.53011791541934));
#10790=CARTESIAN_POINT('Ctrl Pts',(6.97730311706691,1.35845174824642,1.55117540413881));
#10791=CARTESIAN_POINT('Ctrl Pts',(6.91796588571715,1.38675439181973,1.6193801710451));
#10792=CARTESIAN_POINT('Ctrl Pts',(6.90564367849409,1.40690207221887,1.66793887452329));
#10793=CARTESIAN_POINT('Ctrl Pts',(6.90551104648746,1.41700767569179,1.69229600046441));
#10794=CARTESIAN_POINT('Ctrl Pts',(7.08271688896986,1.34053083926617,1.51994382661131));
#10795=CARTESIAN_POINT('Ctrl Pts',(7.0402157724178,1.34044965948228,1.51974824856432));
#10796=CARTESIAN_POINT('Ctrl Pts',(6.96952955068284,1.34983544341079,1.54237016017531));
#10797=CARTESIAN_POINT('Ctrl Pts',(6.90577120561192,1.38023811524918,1.61564801538107));
#10798=CARTESIAN_POINT('Ctrl Pts',(6.8925276716786,1.40188577098093,1.66782396522262));
#10799=CARTESIAN_POINT('Ctrl Pts',(6.8923852801791,1.41274353336613,1.69399378098638));
#10800=CARTESIAN_POINT('Ctrl Pts',(7.0827450765556,1.33838088743768,1.51476192580673));
#10801=CARTESIAN_POINT('Ctrl Pts',(7.03898762094294,1.33829663521536,1.51455885769477));
#10802=CARTESIAN_POINT('Ctrl Pts',(6.96620225566244,1.34796122144747,1.53785283410319));
#10803=CARTESIAN_POINT('Ctrl Pts',(6.90055416217266,1.37926334098462,1.6132984679379));
#10804=CARTESIAN_POINT('Ctrl Pts',(6.8869139100635,1.40155354097291,1.66702320898694));
#10805=CARTESIAN_POINT('Ctrl Pts',(6.88676734741839,1.41273271678036,1.69396771041412));
#10806=CARTESIAN_POINT('',(6.91176696891427,1.43592409339771,1.68448167607574));
#10807=CARTESIAN_POINT('',(6.88676734741839,1.41273271678036,1.69396771041412));
#10808=CARTESIAN_POINT('Origin',(6.88676734741839,1.43582412670723,1.68438716827969));
#10809=CARTESIAN_POINT('Origin',(7.08176537743903,1.41310817319453,1.69487265064062));
#10810=CARTESIAN_POINT('Origin',(7.08176537743903,1.43619958312139,1.68529210850619));
#10811=CARTESIAN_POINT('Origin',(6.88095278866485,1.87933396169118,2.75335250056593));
#10812=CARTESIAN_POINT('',(6.90432364852022,2.00366894552258,3.05288326862987));
#10813=CARTESIAN_POINT('',(6.87932402702434,1.98047756890523,3.06236930296825));
#10814=CARTESIAN_POINT('Origin',(6.87932402702434,2.00356897883209,3.05278876083383));
#10815=CARTESIAN_POINT('',(6.88095278866485,1.85624255176431,2.76293304270035));
#10816=CARTESIAN_POINT('',(6.90595241016073,1.87943392838166,2.75344700836197));
#10817=CARTESIAN_POINT('Ctrl Pts',(6.90432364852022,2.00366894552258,3.05288326862987));
#10818=CARTESIAN_POINT('Ctrl Pts',(6.90419587663448,2.01341461518168,3.0763734623678));
#10819=CARTESIAN_POINT('Ctrl Pts',(6.91557777648233,2.0328874870544,3.12331935987351));
#10820=CARTESIAN_POINT('Ctrl Pts',(6.97209129176129,2.06037708131995,3.18962709293428));
#10821=CARTESIAN_POINT('Ctrl Pts',(7.03532041123507,2.06902761849624,3.21053221924647));
#10822=CARTESIAN_POINT('Ctrl Pts',(7.07346796490246,2.06908943824567,3.2107140798586));
#10823=CARTESIAN_POINT('Ctrl Pts',(6.90434046259935,1.99675018862835,3.05575392720244));
#10824=CARTESIAN_POINT('Ctrl Pts',(6.90421267054986,2.00649033739865,3.0792306642159));
#10825=CARTESIAN_POINT('Ctrl Pts',(6.9156148112119,2.02596475874517,3.12617813478039));
#10826=CARTESIAN_POINT('Ctrl Pts',(6.97209513607138,2.05344586766802,3.19245565061896));
#10827=CARTESIAN_POINT('Ctrl Pts',(7.03533821663381,2.06211559027209,3.21339654090025));
#10828=CARTESIAN_POINT('Ctrl Pts',(7.07346796187287,2.06218109023562,3.21358098118336));
#10829=CARTESIAN_POINT('Ctrl Pts',(6.89806754454544,1.9847527282723,3.06069750886271));
#10830=CARTESIAN_POINT('Ctrl Pts',(6.89793491253881,1.99485833174523,3.08505463480383));
#10831=CARTESIAN_POINT('Ctrl Pts',(6.90972820901654,2.01505055279768,3.1337255587231));
#10832=CARTESIAN_POINT('Ctrl Pts',(6.96832041270846,2.04357191591918,3.20248138773112));
#10833=CARTESIAN_POINT('Ctrl Pts',(7.03387463551567,2.05255838690616,3.22415438737786));
#10834=CARTESIAN_POINT('Ctrl Pts',(7.07343639229725,2.05263402231065,3.22434468983363));
#10835=CARTESIAN_POINT('Ctrl Pts',(6.88494195978505,1.980488385491,3.06239537354052));
#10836=CARTESIAN_POINT('Ctrl Pts',(6.88479956828555,1.9913461478762,3.08856518930427));
#10837=CARTESIAN_POINT('Ctrl Pts',(6.89747519383481,2.0130433286794,3.14086072016375));
#10838=CARTESIAN_POINT('Ctrl Pts',(6.96043330972862,2.04368984510309,3.21472607666895));
#10839=CARTESIAN_POINT('Ctrl Pts',(7.03086931589236,2.0533480330642,3.23800472604273));
#10840=CARTESIAN_POINT('Ctrl Pts',(7.07337054262098,2.05343057991975,3.23820359909664));
#10841=CARTESIAN_POINT('Ctrl Pts',(6.87932402702434,1.98047756890523,3.06236930296825));
#10842=CARTESIAN_POINT('Ctrl Pts',(6.87917746437923,1.99165674471268,3.08931380439544));
#10843=CARTESIAN_POINT('Ctrl Pts',(6.89223316158983,2.01399798164663,3.14316155675398));
#10844=CARTESIAN_POINT('Ctrl Pts',(6.9570574374271,2.04555095138758,3.21921179989));
#10845=CARTESIAN_POINT('Ctrl Pts',(7.02958490231575,2.05549605885392,3.24318189991668));
#10846=CARTESIAN_POINT('Ctrl Pts',(7.07334235792841,2.05558031107624,3.24338496802865));
#10847=CARTESIAN_POINT('',(7.07346796490245,2.06908943824567,3.2107140798586));
#10848=CARTESIAN_POINT('',(7.07334235792841,2.05558031107624,3.24338496802865));
#10849=CARTESIAN_POINT('Origin',(7.07334235792841,2.07867172100311,3.23380442589422));
#10850=CARTESIAN_POINT('Origin',(7.07432205704499,1.98085302531939,3.06327424319476));
#10851=CARTESIAN_POINT('Origin',(7.07432205704499,2.00394443524626,3.05369370106033));
#10852=CARTESIAN_POINT('Origin',(3.53817562246476,2.07186498031024,3.21739854432725));
#10853=CARTESIAN_POINT('',(9.57988184290778,2.07391538016389,3.22234576014905));
#10854=CARTESIAN_POINT('',(9.57975623593375,2.06040625299446,3.2550166483191));
#10855=CARTESIAN_POINT('Origin',(9.57975623593375,2.08349766292133,3.24543610618467));
#10856=CARTESIAN_POINT('',(3.53817562246476,2.04877357038338,3.22697908646167));
#10857=CARTESIAN_POINT('',(3.5383012294388,2.06228269755281,3.19430819829163));
#10858=CARTESIAN_POINT('Ctrl Pts',(9.57988184290779,2.07391538016389,3.22234576014905));
#10859=CARTESIAN_POINT('Ctrl Pts',(9.61802939657517,2.07397719991333,3.22252762076118));
#10860=CARTESIAN_POINT('Ctrl Pts',(9.68148211550073,2.06553146817647,3.20222524799178));
#10861=CARTESIAN_POINT('Ctrl Pts',(9.73871417960496,2.03822644602396,3.13646035811706));
#10862=CARTESIAN_POINT('Ctrl Pts',(9.75060657168935,2.01879153654725,3.08962600751917));
#10863=CARTESIAN_POINT('Ctrl Pts',(9.75073434357508,2.00904586688816,3.06613581378124));
#10864=CARTESIAN_POINT('Ctrl Pts',(9.5798818398782,2.06700703215384,3.22521266147381));
#10865=CARTESIAN_POINT('Ctrl Pts',(9.61801158511727,2.06707253211736,3.22539710175691));
#10866=CARTESIAN_POINT('Ctrl Pts',(9.68148781947117,2.05861953062704,3.20506696014113));
#10867=CARTESIAN_POINT('Ctrl Pts',(9.73870609193562,2.03132785174379,3.13932525442983));
#10868=CARTESIAN_POINT('Ctrl Pts',(9.75062347754271,2.01188898936629,3.09247979922822));
#10869=CARTESIAN_POINT('Ctrl Pts',(9.75075110966748,2.00214685586037,3.06899827960449));
#10870=CARTESIAN_POINT('Ctrl Pts',(9.57985026962095,2.05746016658471,3.23597643304682));
#10871=CARTESIAN_POINT('Ctrl Pts',(9.61941202640253,2.05753580198919,3.23616673550259));
#10872=CARTESIAN_POINT('Ctrl Pts',(9.68521377577784,2.04879957775858,3.21512342734339));
#10873=CARTESIAN_POINT('Ctrl Pts',(9.74458155668285,2.02049442463554,3.14691257833994));
#10874=CARTESIAN_POINT('Ctrl Pts',(9.7569117940237,2.00034109833355,3.09834026106642));
#10875=CARTESIAN_POINT('Ctrl Pts',(9.75704417943057,1.99023243481549,3.07397576032788));
#10876=CARTESIAN_POINT('Ctrl Pts',(9.57978442062631,2.05825652183797,3.2498352793871));
#10877=CARTESIAN_POINT('Ctrl Pts',(9.62228564735492,2.05833906869352,3.25003415244101));
#10878=CARTESIAN_POINT('Ctrl Pts',(9.69297542980541,2.04895417835458,3.22741439136959));
#10879=CARTESIAN_POINT('Ctrl Pts',(9.75674315193494,2.01855119880374,3.15413579607893));
#10880=CARTESIAN_POINT('Ctrl Pts',(9.76998974762694,1.99690231170549,3.10195687998624));
#10881=CARTESIAN_POINT('Ctrl Pts',(9.77013206567458,1.98604363793613,3.07578486754386));
#10882=CARTESIAN_POINT('Ctrl Pts',(9.57975623593374,2.06040625299446,3.2550166483191));
#10883=CARTESIAN_POINT('Ctrl Pts',(9.62351369154641,2.06049050521678,3.25521971643106));
#10884=CARTESIAN_POINT('Ctrl Pts',(9.69629763952122,2.05082462602251,3.23192262367298));
#10885=CARTESIAN_POINT('Ctrl Pts',(9.76194613749257,2.01952315157109,3.15647854464997));
#10886=CARTESIAN_POINT('Ctrl Pts',(9.77558740242585,1.99723359945923,3.10275536513889));
#10887=CARTESIAN_POINT('Ctrl Pts',(9.77573396507096,1.98605442365178,3.07581086371171));
#10888=CARTESIAN_POINT('',(9.75073434357508,2.00904586688816,3.06613581378124));
#10889=CARTESIAN_POINT('',(9.77573396507096,1.98605442365178,3.07581086371171));
#10890=CARTESIAN_POINT('Origin',(9.77573396507096,2.00914583357864,3.06623032157728));
#10891=CARTESIAN_POINT('Origin',(9.58073593505031,1.98567896723761,3.07490592348521));
#10892=CARTESIAN_POINT('Origin',(9.58073593505031,2.00877037716448,3.06532538135078));
#10893=CARTESIAN_POINT('Origin',(9.77364106917201,2.16878303979233,3.45099436901184));
#10894=CARTESIAN_POINT('',(9.75817766396914,1.44130101476329,1.69773422122711));
#10895=CARTESIAN_POINT('',(9.78317728546502,1.41830957152691,1.70740927115758));
#10896=CARTESIAN_POINT('Origin',(9.78317728546502,1.44140098145378,1.69782872902315));
#10897=CARTESIAN_POINT('',(9.77364106917201,2.14569162986546,3.46057491114627));
#10898=CARTESIAN_POINT('',(9.74864144767613,2.16868307310184,3.4508998612158));
#10899=CARTESIAN_POINT('Ctrl Pts',(9.75817766396914,1.44130101476329,1.69773422122711));
#10900=CARTESIAN_POINT('Ctrl Pts',(9.75836932179774,1.42668251027465,1.66249893062021));
#10901=CARTESIAN_POINT('Ctrl Pts',(9.73638120201672,1.40237346722742,1.60388711824671));
#10902=CARTESIAN_POINT('Ctrl Pts',(9.66517243457103,1.38046342991276,1.55101531609427));
#10903=CARTESIAN_POINT('Ctrl Pts',(9.61446505003182,1.37592173520649,1.54002465040646));
#10904=CARTESIAN_POINT('Ctrl Pts',(9.5890333475869,1.3758805220402,1.53990340999838));
#10905=CARTESIAN_POINT('Ctrl Pts',(9.75819443006154,1.43440200373551,1.70059668705036));
#10906=CARTESIAN_POINT('Ctrl Pts',(9.75838587824868,1.41978880347662,1.66537440761477));
#10907=CARTESIAN_POINT('Ctrl Pts',(9.73635880194388,1.39546887947515,1.60674035835938));
#10908=CARTESIAN_POINT('Ctrl Pts',(9.66516928363079,1.37356455755931,1.55389447652728));
#10909=CARTESIAN_POINT('Ctrl Pts',(9.61445301479305,1.36901314679334,1.54288878320421));
#10910=CARTESIAN_POINT('Ctrl Pts',(9.58903334455701,1.36897146488147,1.54277060561335));
#10911=CARTESIAN_POINT('Ctrl Pts',(9.76448739724649,1.42248746858258,1.70557421455879));
#10912=CARTESIAN_POINT('Ctrl Pts',(9.76468597535681,1.40732447330549,1.66902746345098));
#10913=CARTESIAN_POINT('Ctrl Pts',(9.74188495069895,1.38210916853233,1.60824738845966));
#10914=CARTESIAN_POINT('Ctrl Pts',(9.66802264076734,1.35937100732358,1.55342754371058));
#10915=CARTESIAN_POINT('Ctrl Pts',(9.61543916860769,1.35465413880544,1.54204803507644));
#10916=CARTESIAN_POINT('Ctrl Pts',(9.58906491068366,1.35460677523743,1.54192854154555));
#10917=CARTESIAN_POINT('Ctrl Pts',(9.77757538606864,1.41829878581126,1.70738327498973));
#10918=CARTESIAN_POINT('Ctrl Pts',(9.7777888631401,1.40201077515723,1.66812525632615));
#10919=CARTESIAN_POINT('Ctrl Pts',(9.7532952863268,1.37492076448536,1.60283165326525));
#10920=CARTESIAN_POINT('Ctrl Pts',(9.67395591856524,1.35048582210559,1.54393770840558));
#10921=CARTESIAN_POINT('Ctrl Pts',(9.61746484467656,1.34541090104032,1.53170589226643));
#10922=CARTESIAN_POINT('Ctrl Pts',(9.58913076697519,1.34535678118439,1.53157550690177));
#10923=CARTESIAN_POINT('Ctrl Pts',(9.78317728546502,1.41830957152691,1.70740927115758));
#10924=CARTESIAN_POINT('Ctrl Pts',(9.78339712943269,1.40154080781574,1.6669925190168));
#10925=CARTESIAN_POINT('Ctrl Pts',(9.75817548351403,1.37364830870978,1.59976489017249));
#10926=CARTESIAN_POINT('Ctrl Pts',(9.67649490099417,1.34849048898399,1.53912849611431));
#10927=CARTESIAN_POINT('Ctrl Pts',(9.61833059163605,1.34326299750411,1.52652898483849));
#10928=CARTESIAN_POINT('Ctrl Pts',(9.58915895456094,1.3432068293559,1.52639360609718));
#10929=CARTESIAN_POINT('Origin',(9.58817925544437,1.41793411511275,1.70650433093108));
#10930=CARTESIAN_POINT('Origin',(9.58817925544437,1.44102552503961,1.69692378879665));
#10931=CARTESIAN_POINT('Origin',(7.0741247598325,2.085141396973,3.01999663012792));
#10932=CARTESIAN_POINT('',(6.90412733366052,2.08446162347771,3.01935397711481));
#10933=CARTESIAN_POINT('',(6.90412733366052,2.08446162347771,3.01935397711481));
#10934=CARTESIAN_POINT('',(7.00108292355588,2.14383081198052,3.1618431765061));
#10935=CARTESIAN_POINT('Origin',(7.0741247598325,2.085141396973,3.01999663012792));
#10936=CARTESIAN_POINT('',(7.07327063240902,2.15030091972356,3.17701098317013));
#10937=CARTESIAN_POINT('Origin',(7.0741247598325,2.085141396973,3.01999663012792));
#10938=CARTESIAN_POINT('',(7.07327063240902,2.15030091972355,3.17701098317014));
#10939=CARTESIAN_POINT('Origin',(6.91157092210366,1.51660645670835,1.65099816558895));
#10940=CARTESIAN_POINT('',(6.91157092210366,1.51660645670835,1.65099816558895));
#10941=CARTESIAN_POINT('',(6.91157092210366,1.51660645670835,1.65099816558895));
#10942=CARTESIAN_POINT('',(6.90332042475862,2.14601894795272,3.1676881433188));
#10943=CARTESIAN_POINT('Origin',(7.08156834827564,1.51728623020365,1.65164081860206));
#10944=CARTESIAN_POINT('',(7.08242247569913,1.4521267074531,1.49462646555984));
#10945=CARTESIAN_POINT('',(7.08242247569913,1.4521267074531,1.49462646555984));
#10946=CARTESIAN_POINT('Origin',(7.08156834827564,1.51728623020365,1.65164081860206));
#10947=CARTESIAN_POINT('Origin',(9.58882372699924,1.46214912471892,1.50410158734537));
#10948=CARTESIAN_POINT('',(9.58882372699924,1.46214912471892,1.50410158734537));
#10949=CARTESIAN_POINT('',(9.58882372699924,1.46214912471892,1.50410158734537));
#10950=CARTESIAN_POINT('',(8.36889638162537,1.45727096688885,1.49948981173246));
#10951=CARTESIAN_POINT('Origin',(0.,2.28651791710467,3.80000012127435));
#10952=CARTESIAN_POINT('',(6.62676842386535,1.22600004860838,1.2438970852872));
#10953=CARTESIAN_POINT('',(6.522,1.38628893067336,1.63023182820127));
#10954=CARTESIAN_POINT('Origin',(6.697,1.38628893067336,1.63023182820127));
#10955=CARTESIAN_POINT('',(6.63097490806202,1.22651124943048,1.24512920217292));
#10956=CARTESIAN_POINT('Ctrl Pts',(6.63097499457354,1.22651160376529,1.24512990576028));
#10957=CARTESIAN_POINT('Ctrl Pts',(6.63007874935429,1.22651156798344,1.24512965985297));
#10958=CARTESIAN_POINT('Ctrl Pts',(6.62913518850075,1.22647383924995,1.24503805755078));
#10959=CARTESIAN_POINT('Ctrl Pts',(6.62829085833266,1.22635659047121,1.24475390247081));
#10960=CARTESIAN_POINT('Ctrl Pts',(6.6277997097535,1.22628838661771,1.24458860888181));
#10961=CARTESIAN_POINT('Ctrl Pts',(6.62734299595458,1.22619348995668,1.24435868349451));
#10962=CARTESIAN_POINT('Ctrl Pts',(6.62694557747141,1.22606400341931,1.24404505582663));
#10963=CARTESIAN_POINT('Ctrl Pts',(6.62688469918299,1.22604416810943,1.24399701297903));
#10964=CARTESIAN_POINT('Ctrl Pts',(6.62682582421937,1.22602371976198,1.24394748731822));
#10965=CARTESIAN_POINT('Ctrl Pts',(6.62676892632584,1.22600266992873,1.24389650657566));
#10966=CARTESIAN_POINT('',(13.766025091938,1.22651124943048,1.24512920217292));
#10967=CARTESIAN_POINT('',(0.,1.22651124943048,1.24512920217292));
#10968=CARTESIAN_POINT('',(13.7702315761347,1.22600004860837,1.2438970852872));
#10969=CARTESIAN_POINT('Ctrl Pts',(13.7702310736742,1.22600266992873,1.24389650657566));
#10970=CARTESIAN_POINT('Ctrl Pts',(13.770199508925,1.22601434761926,1.243924788845));
#10971=CARTESIAN_POINT('Ctrl Pts',(13.7701673258262,1.2260258440253,1.24395263253192));
#10972=CARTESIAN_POINT('Ctrl Pts',(13.7701345182455,1.22603715649786,1.24398003137799));
#10973=CARTESIAN_POINT('Ctrl Pts',(13.7697119067908,1.22618287832139,1.244332970118));
#10974=CARTESIAN_POINT('Ctrl Pts',(13.7692168678644,1.22628738006875,1.24458616696948));
#10975=CARTESIAN_POINT('Ctrl Pts',(13.768680396683,1.22636054641699,1.24476348986493));
#10976=CARTESIAN_POINT('Ctrl Pts',(13.767843667596,1.22647466328642,1.24504005872744));
#10977=CARTESIAN_POINT('Ctrl Pts',(13.766911406908,1.22651156837644,1.24512966255385));
#10978=CARTESIAN_POINT('Ctrl Pts',(13.7660250054265,1.22651160376529,1.24512990576028));
#10979=CARTESIAN_POINT('',(13.875,1.38628893067336,1.63023182820127));
#10980=CARTESIAN_POINT('Origin',(13.7,1.38628893067336,1.63023182820127));
#10981=CARTESIAN_POINT('',(13.875,2.19471862128202,3.57874174767763));
#10982=CARTESIAN_POINT('',(13.875,2.00168308654619,3.11347969877761));
#10983=CARTESIAN_POINT('',(13.7,2.26732548586218,3.75374174767763));
#10984=CARTESIAN_POINT('Origin',(13.7,2.19471862128202,3.57874174767763));
#10985=CARTESIAN_POINT('',(6.697,2.26732548586218,3.75374174767762));
#10986=CARTESIAN_POINT('',(0.,2.26732548586218,3.75374174767763));
#10987=CARTESIAN_POINT('',(6.522,2.19471862128202,3.57874174767763));
#10988=CARTESIAN_POINT('Origin',(6.697,2.19471862128202,3.57874174767763));
#10989=CARTESIAN_POINT('',(6.522,2.00168308654619,3.11347969877761));
#10990=CARTESIAN_POINT('',(11.9737538359775,1.9943988042838,3.09592282721609));
#10991=CARTESIAN_POINT('',(11.6184105110574,1.9943988042838,3.09592282721609));
#10992=CARTESIAN_POINT('',(5.80920525552868,1.9943988042838,3.0959228272161));
#10993=CARTESIAN_POINT('',(12.071082181496,1.95710047167923,3.00602487826123));
#10994=CARTESIAN_POINT('Origin',(11.9737538359775,1.95710047167923,3.00602487826123));
#10995=CARTESIAN_POINT('',(12.071082181496,1.87840846273753,2.81635821734112));
#10996=CARTESIAN_POINT('',(12.071082181496,2.12180919439195,3.40301249976779));
#10997=CARTESIAN_POINT('',(11.9737538359775,1.84111013013297,2.72646026838627));
#10998=CARTESIAN_POINT('Origin',(11.9737538359775,1.87840846273753,2.81635821734112));
#10999=CARTESIAN_POINT('',(11.6184105110574,1.84111013013297,2.72646026838627));
#11000=CARTESIAN_POINT('',(5.98687691798874,1.84111013013297,2.72646026838627));
#11001=CARTESIAN_POINT('',(11.5210821655388,1.87840846273753,2.81635821734112));
#11002=CARTESIAN_POINT('Origin',(11.6184105110574,1.87840846273753,2.81635821734112));
#11003=CARTESIAN_POINT('',(11.5210821655388,1.95710047167923,3.00602487826123));
#11004=CARTESIAN_POINT('',(11.5210821655388,2.0824631899211,3.30817916930773));
#11005=CARTESIAN_POINT('Origin',(11.6184105110574,1.95710047167923,3.00602487826123));
#11006=CARTESIAN_POINT('',(11.9350003765887,1.5637090906473,2.05785706962954));
#11007=CARTESIAN_POINT('Origin',(11.8000003765887,1.5637090906473,2.05785706962954));
#11008=CARTESIAN_POINT('',(12.565000408503,1.5637090906473,2.05785706962954));
#11009=CARTESIAN_POINT('Origin',(12.800000408503,1.56370909064731,2.05785706962954));
#11010=CARTESIAN_POINT('',(10.5650003446744,1.5637090906473,2.05785706962954));
#11011=CARTESIAN_POINT('Origin',(10.8000003446744,1.56370909064731,2.05785706962954));
#11012=CARTESIAN_POINT('Origin',(10.6467478636739,2.50778868910559,3.77000012127434));
#11013=CARTESIAN_POINT('',(10.5911211132318,2.33659971564277,3.80000012127434));
#11014=CARTESIAN_POINT('',(10.6003922383055,2.36513121121991,3.77000012127434));
#11015=CARTESIAN_POINT('Origin',(10.5911211132318,2.33659971564277,3.77000012127434));
#11016=CARTESIAN_POINT('',(10.4967478636739,2.50778868910559,3.77000012127434));
#11017=CARTESIAN_POINT('Origin',(10.6467478636739,2.50778868910559,3.77000012127434));
#11018=CARTESIAN_POINT('',(10.4667478636739,2.50778868910559,3.80000012127434));
#11019=CARTESIAN_POINT('Origin',(10.4667478636739,2.50778868910559,3.77000012127434));
#11020=CARTESIAN_POINT('Origin',(10.6467478636739,2.50778868910559,3.80000012127434));
#11021=CARTESIAN_POINT('Origin',(10.4667478636739,3.78355700095718,3.77000012127434));
#11022=CARTESIAN_POINT('',(10.4967478636739,3.41778868910559,3.77000012127434));
#11023=CARTESIAN_POINT('',(10.4667478636739,3.41778868910559,3.80000012127434));
#11024=CARTESIAN_POINT('Origin',(10.4667478636739,3.41778868910559,3.77000012127434));
#11025=CARTESIAN_POINT('',(10.4667478636739,3.78355700095718,3.80000012127433));
#11026=CARTESIAN_POINT('',(10.4967478636739,3.78355700095718,3.77000012127434));
#11027=CARTESIAN_POINT('Origin',(10.6467478636739,3.41778868910559,3.77000012127434));
#11028=CARTESIAN_POINT('',(10.5847242610851,3.55436494151391,3.77000012127434));
#11029=CARTESIAN_POINT('',(10.5723195405673,3.58168019199558,3.80000012127434));
#11030=CARTESIAN_POINT('Origin',(10.5723195405673,3.58168019199557,3.77000012127434));
#11031=CARTESIAN_POINT('Origin',(10.6467478636739,3.41778868910559,3.80000012127434));
#11032=CARTESIAN_POINT('Origin',(10.6467478636739,3.41778868910559,3.77000012127434));
#11033=CARTESIAN_POINT('Origin',(10.6467478636739,3.41778868910559,3.77000012127434));
#11034=CARTESIAN_POINT('',(10.6467478636739,3.58935930068179,3.79879153337588));
#11035=CARTESIAN_POINT('Ctrl Pts',(10.6467478636739,3.58935930068179,3.79879153337588));
#11036=CARTESIAN_POINT('Ctrl Pts',(10.639580514211,3.58935930068179,3.79879153337588));
#11037=CARTESIAN_POINT('Ctrl Pts',(10.6324392514994,3.58914634604074,3.798863334805));
#11038=CARTESIAN_POINT('Ctrl Pts',(10.614850313866,3.58809991363638,3.79917048094147));
#11039=CARTESIAN_POINT('Ctrl Pts',(10.6044655619834,3.58702709642949,3.79946874051443));
#11040=CARTESIAN_POINT('Ctrl Pts',(10.5870492421147,3.58448811622229,3.79986420231021));
#11041=CARTESIAN_POINT('Ctrl Pts',(10.5799572702575,3.58324260245582,3.7999928015877));
#11042=CARTESIAN_POINT('Ctrl Pts',(10.5727152347687,3.58176159592483,3.80000002149885));
#11043=CARTESIAN_POINT('Ctrl Pts',(10.5725173715575,3.58172097124241,3.80000012127434));
#11044=CARTESIAN_POINT('Ctrl Pts',(10.5723195405673,3.58168019199558,3.80000012127434));
#11045=CARTESIAN_POINT('',(10.6467478636739,3.56778868910559,3.77000012127434));
#11046=CARTESIAN_POINT('Origin',(10.6467478636739,3.41778868910559,3.77000012127434));
#11047=CARTESIAN_POINT('Origin',(10.6467478636739,3.59778868910559,3.77000012127434));
#11048=CARTESIAN_POINT('Origin',(12.9667478636739,3.41778868910559,3.77000012127434));
#11049=CARTESIAN_POINT('',(13.0411761867805,3.58168019199558,3.80000012127434));
#11050=CARTESIAN_POINT('',(13.0287714662628,3.55436494151391,3.77000012127434));
#11051=CARTESIAN_POINT('Origin',(13.0411761867805,3.58168019199557,3.77000012127434));
#11052=CARTESIAN_POINT('',(13.1167478636739,3.41778868910559,3.77000012127434));
#11053=CARTESIAN_POINT('Origin',(12.9667478636739,3.41778868910559,3.77000012127434));
#11054=CARTESIAN_POINT('',(13.1467478636739,3.41778868910559,3.80000012127434));
#11055=CARTESIAN_POINT('Origin',(13.1467478636739,3.41778868910559,3.77000012127434));
#11056=CARTESIAN_POINT('Origin',(12.9667478636739,3.41778868910559,3.80000012127434));
#11057=CARTESIAN_POINT('Origin',(13.1467478636739,3.3285570009572,3.77000012127434));
#11058=CARTESIAN_POINT('',(13.1167478636739,2.50778868910559,3.77000012127434));
#11059=CARTESIAN_POINT('',(13.1467478636739,2.50778868910559,3.80000012127434));
#11060=CARTESIAN_POINT('Origin',(13.1467478636739,2.50778868910559,3.77000012127434));
#11061=CARTESIAN_POINT('',(13.1467478636739,3.3285570009572,3.80000012127434));
#11062=CARTESIAN_POINT('',(13.1167478636739,3.3285570009572,3.77000012127434));
#11063=CARTESIAN_POINT('Origin',(12.9667478636739,2.50778868910559,3.77000012127434));
#11064=CARTESIAN_POINT('',(13.0131034890423,2.36513121121991,3.77000012127434));
#11065=CARTESIAN_POINT('',(13.022374614116,2.33659971564277,3.80000012127434));
#11066=CARTESIAN_POINT('Origin',(13.022374614116,2.33659971564277,3.77000012127434));
#11067=CARTESIAN_POINT('Origin',(12.9667478636739,2.50778868910559,3.80000012127434));
#11068=CARTESIAN_POINT('Origin',(12.9667478636739,2.50778868910559,3.77000012127434));
#11069=CARTESIAN_POINT('Origin',(12.9667478636739,3.41778868910559,3.77000012127434));
#11070=CARTESIAN_POINT('',(12.9667478636739,3.58935930068179,3.79879153337588));
#11071=CARTESIAN_POINT('Ctrl Pts',(13.0411761867805,3.58168019199558,3.80000012127434));
#11072=CARTESIAN_POINT('Ctrl Pts',(13.0409807419862,3.58172047937169,3.80000012127434));
#11073=CARTESIAN_POINT('Ctrl Pts',(13.0407852658437,3.58176061586911,3.80000002389131));
#11074=CARTESIAN_POINT('Ctrl Pts',(13.0344384851608,3.58305866637501,3.79999377193382));
#11075=CARTESIAN_POINT('Ctrl Pts',(13.0282506675126,3.5841680363125,3.79989462361598));
#11076=CARTESIAN_POINT('Ctrl Pts',(13.0112366086248,3.58677653318735,3.79953216392779));
#11077=CARTESIAN_POINT('Ctrl Pts',(13.0003135450407,3.58796462879526,3.7992079456888));
#11078=CARTESIAN_POINT('Ctrl Pts',(12.9818080194014,3.58912335532807,3.79887143952089));
#11079=CARTESIAN_POINT('Ctrl Pts',(12.9742929290365,3.58935930068179,3.79879153337588));
#11080=CARTESIAN_POINT('Ctrl Pts',(12.9667478636739,3.58935930068179,3.79879153337588));
#11081=CARTESIAN_POINT('',(12.9667478636739,3.56778868910559,3.77000012127434));
#11082=CARTESIAN_POINT('Origin',(12.9667478636739,3.59778868910559,3.77000012127434));
#11083=CARTESIAN_POINT('Origin',(12.9667478636739,3.41778868910559,3.77000012127434));
#11084=CARTESIAN_POINT('Origin',(6.48337393183696,3.59778868910559,3.77000012127434));
#11085=CARTESIAN_POINT('',(6.48337393183696,3.58935930068179,3.79879153337588));
#11086=CARTESIAN_POINT('',(6.48337393183696,3.56778868910559,3.77000012127434));
#11087=CARTESIAN_POINT('Ctrl Pts',(13.0131034890423,2.36513121121991,3.77000012127434));
#11088=CARTESIAN_POINT('Ctrl Pts',(12.9981610382005,2.3602757583998,3.77000012127434));
#11089=CARTESIAN_POINT('Ctrl Pts',(12.9824591203806,2.35778868910559,3.76912908921334));
#11090=CARTESIAN_POINT('Ctrl Pts',(12.9667478636739,2.35778868910559,3.76912908921334));
#11091=CARTESIAN_POINT('Ctrl Pts',(13.0131034890423,2.36513121121991,3.77448811077947));
#11092=CARTESIAN_POINT('Ctrl Pts',(12.9979902637959,2.36022160479113,3.7748405614069));
#11093=CARTESIAN_POINT('Ctrl Pts',(12.9823526703947,2.35778868910559,3.77418014664917));
#11094=CARTESIAN_POINT('Ctrl Pts',(12.9667478636739,2.35778868910559,3.77418014664917));
#11095=CARTESIAN_POINT('Ctrl Pts',(13.0137382227361,2.36317784510382,3.78344639004538));
#11096=CARTESIAN_POINT('Ctrl Pts',(12.9981803824887,2.35777931077253,3.78449944624877));
#11097=CARTESIAN_POINT('Ctrl Pts',(12.9824154376311,2.35517748108871,3.784252506049));
#11098=CARTESIAN_POINT('Ctrl Pts',(12.9667478636739,2.35517748108871,3.784252506049));
#11099=CARTESIAN_POINT('Ctrl Pts',(13.0168399023311,2.3536325572404,3.79606271863952));
#11100=CARTESIAN_POINT('Ctrl Pts',(13.0002632106439,2.34633471855716,3.79762706121792));
#11101=CARTESIAN_POINT('Ctrl Pts',(12.9834510338772,2.34263984681553,3.79754812406623));
#11102=CARTESIAN_POINT('Ctrl Pts',(12.9667478636739,2.34263984681553,3.79754812406623));
#11103=CARTESIAN_POINT('Ctrl Pts',(13.0202941785144,2.34300216827856,3.80000012127435));
#11104=CARTESIAN_POINT('Ctrl Pts',(13.0028705654967,2.33401023827413,3.80084054961046));
#11105=CARTESIAN_POINT('Ctrl Pts',(12.9847904727178,2.32934460313559,3.8000319012096));
#11106=CARTESIAN_POINT('Ctrl Pts',(12.9667478636739,2.3293446031356,3.8000319012096));
#11107=CARTESIAN_POINT('Ctrl Pts',(13.022374614116,2.33659971564277,3.80000012127435));
#11108=CARTESIAN_POINT('Ctrl Pts',(13.0044436731058,2.32688881000255,3.80000012127435));
#11109=CARTESIAN_POINT('Ctrl Pts',(12.985601371722,2.32191467141414,3.79854840117267));
#11110=CARTESIAN_POINT('Ctrl Pts',(12.9667478636739,2.32191467141414,3.79854840117267));
#11111=CARTESIAN_POINT('',(12.9667478636739,2.35778868910559,3.76912908921334));
#11112=CARTESIAN_POINT('',(12.9667478636739,2.32191467141414,3.79854840117267));
#11113=CARTESIAN_POINT('Origin',(12.9667478636739,2.32778868910559,3.76912908921334));
#11114=CARTESIAN_POINT('Ctrl Pts',(12.9667478636739,2.32191467141414,3.79854840117267));
#11115=CARTESIAN_POINT('Ctrl Pts',(12.985601371722,2.32191467141414,3.79854840117267));
#11116=CARTESIAN_POINT('Ctrl Pts',(13.0044436731058,2.32688881000255,3.80000012127435));
#11117=CARTESIAN_POINT('Ctrl Pts',(13.022374614116,2.33659971564277,3.80000012127435));
#11118=CARTESIAN_POINT('Ctrl Pts',(13.0131034890423,2.36513121121991,3.77000012127434));
#11119=CARTESIAN_POINT('Ctrl Pts',(12.9981610382005,2.3602757583998,3.77000012127434));
#11120=CARTESIAN_POINT('Ctrl Pts',(12.9824591203806,2.35778868910559,3.76912908921334));
#11121=CARTESIAN_POINT('Ctrl Pts',(12.9667478636739,2.35778868910559,3.76912908921334));
#11122=CARTESIAN_POINT('Ctrl Pts',(10.6467478636739,2.35778868910559,3.76912908921334));
#11123=CARTESIAN_POINT('Ctrl Pts',(10.6310366069671,2.35778868910559,3.76912908921334));
#11124=CARTESIAN_POINT('Ctrl Pts',(10.6153346891473,2.36027575839981,3.77000012127434));
#11125=CARTESIAN_POINT('Ctrl Pts',(10.6003922383055,2.36513121121991,3.77000012127434));
#11126=CARTESIAN_POINT('Ctrl Pts',(10.6467478636739,2.35778868910559,3.77418014664917));
#11127=CARTESIAN_POINT('Ctrl Pts',(10.631143056953,2.35778868910559,3.77418014664917));
#11128=CARTESIAN_POINT('Ctrl Pts',(10.615505463552,2.36022160479114,3.7748405614069));
#11129=CARTESIAN_POINT('Ctrl Pts',(10.6003922383055,2.36513121121991,3.77448811077947));
#11130=CARTESIAN_POINT('Ctrl Pts',(10.6467478636739,2.35517750008631,3.78425255175101));
#11131=CARTESIAN_POINT('Ctrl Pts',(10.6310802897166,2.35517750008631,3.78425255175101));
#11132=CARTESIAN_POINT('Ctrl Pts',(10.6153153498978,2.35777932627887,3.78449947378487));
#11133=CARTESIAN_POINT('Ctrl Pts',(10.5997575096504,2.36317786061016,3.78344641758148));
#11134=CARTESIAN_POINT('Ctrl Pts',(10.6467478636739,2.3426398696741,3.79754821261261));
#11135=CARTESIAN_POINT('Ctrl Pts',(10.6300446934705,2.3426398696741,3.79754821261261));
#11136=CARTESIAN_POINT('Ctrl Pts',(10.6132325238187,2.34633474045276,3.79762711460116));
#11137=CARTESIAN_POINT('Ctrl Pts',(10.5966558321316,2.353632579136,3.79606277202276));
#11138=CARTESIAN_POINT('Ctrl Pts',(10.6467478636739,2.32934460313559,3.8000319012096));
#11139=CARTESIAN_POINT('Ctrl Pts',(10.6287052546299,2.32934460313559,3.8000319012096));
#11140=CARTESIAN_POINT('Ctrl Pts',(10.6106251618512,2.33401023827414,3.80084054961046));
#11141=CARTESIAN_POINT('Ctrl Pts',(10.5932015488334,2.34300216827856,3.80000012127434));
#11142=CARTESIAN_POINT('Ctrl Pts',(10.6467478636739,2.32191467141414,3.79854840117267));
#11143=CARTESIAN_POINT('Ctrl Pts',(10.6278943556257,2.32191467141414,3.79854840117267));
#11144=CARTESIAN_POINT('Ctrl Pts',(10.609052054242,2.32688881000256,3.80000012127434));
#11145=CARTESIAN_POINT('Ctrl Pts',(10.5911211132318,2.33659971564277,3.80000012127434));
#11146=CARTESIAN_POINT('',(10.6467478636739,2.32191467141414,3.79854840117267));
#11147=CARTESIAN_POINT('',(10.6467478636739,2.35778868910559,3.76912908921334));
#11148=CARTESIAN_POINT('Origin',(10.6467478636739,2.32778868910559,3.76912908921334));
#11149=CARTESIAN_POINT('Ctrl Pts',(10.6467478636739,2.35778868910559,3.76912908921334));
#11150=CARTESIAN_POINT('Ctrl Pts',(10.6310366069671,2.35778868910559,3.76912908921334));
#11151=CARTESIAN_POINT('Ctrl Pts',(10.6153346891473,2.36027575839981,3.77000012127434));
#11152=CARTESIAN_POINT('Ctrl Pts',(10.6003922383055,2.36513121121991,3.77000012127434));
#11153=CARTESIAN_POINT('Ctrl Pts',(10.5911211132318,2.33659971564277,3.80000012127434));
#11154=CARTESIAN_POINT('Ctrl Pts',(10.609052054242,2.32688881000256,3.80000012127434));
#11155=CARTESIAN_POINT('Ctrl Pts',(10.6278943556257,2.32191467141414,3.79854840117267));
#11156=CARTESIAN_POINT('Ctrl Pts',(10.6467478636739,2.32191467141414,3.79854840117267));
#11157=CARTESIAN_POINT('Origin',(0.,2.32778868910559,3.76912908921334));
#11158=CARTESIAN_POINT('',(0.,2.32191467141414,3.79854840117267));
#11159=CARTESIAN_POINT('',(0.,2.35778868910559,3.76912908921334));
#11160=CARTESIAN_POINT('Origin',(10.6467478636739,2.50778868910559,3.72500012127434));
#11161=CARTESIAN_POINT('',(10.6467478636739,2.35778868910559,3.72500012127434));
#11162=CARTESIAN_POINT('',(10.6467478636739,2.35778868910559,3.72500012127434));
#11163=CARTESIAN_POINT('',(10.4967478636739,2.50778868910559,3.72500012127434));
#11164=CARTESIAN_POINT('Origin',(10.6467478636739,2.50778868910559,3.72500012127434));
#11165=CARTESIAN_POINT('',(10.4967478636739,2.50778868910559,3.72500012127434));
#11166=CARTESIAN_POINT('Origin',(10.6467478636739,2.35778868910559,3.72500012127434));
#11167=CARTESIAN_POINT('',(12.9667478636739,2.35778868910559,3.72500012127434));
#11168=CARTESIAN_POINT('',(12.9667478636739,2.35778868910559,3.72500012127434));
#11169=CARTESIAN_POINT('',(5.32337393183696,2.35778868910559,3.72500012127434));
#11170=CARTESIAN_POINT('Origin',(12.9667478636739,2.50778868910559,3.72500012127434));
#11171=CARTESIAN_POINT('',(13.1167478636739,2.50778868910559,3.72500012127434));
#11172=CARTESIAN_POINT('',(13.1167478636739,2.50778868910559,3.72500012127434));
#11173=CARTESIAN_POINT('Origin',(12.9667478636739,2.50778868910559,3.72500012127434));
#11174=CARTESIAN_POINT('Origin',(13.1167478636739,2.50778868910559,3.72500012127434));
#11175=CARTESIAN_POINT('',(13.1167478636739,3.41778868910559,3.72500012127434));
#11176=CARTESIAN_POINT('',(13.1167478636739,3.41778868910559,3.72500012127434));
#11177=CARTESIAN_POINT('',(13.1167478636739,3.3285570009572,3.72500012127434));
#11178=CARTESIAN_POINT('Origin',(5.0992592323907,3.58168019199558,3.77500012127434));
#11179=CARTESIAN_POINT('',(13.7,3.58168019199559,3.80000012127434));
#11180=CARTESIAN_POINT('',(5.0992592323907,3.58168019199558,3.80000012127434));
#11181=CARTESIAN_POINT('',(13.7,3.60668019199558,3.77500012127434));
#11182=CARTESIAN_POINT('Origin',(13.7,3.58168019199559,3.77500012127434));
#11183=CARTESIAN_POINT('',(6.697,3.60668019199558,3.77500012127434));
#11184=CARTESIAN_POINT('',(5.0992592323907,3.60668019199558,3.77500012127434));
#11185=CARTESIAN_POINT('',(6.697,3.58168019199558,3.80000012127434));
#11186=CARTESIAN_POINT('Origin',(6.697,3.58168019199558,3.77500012127434));
#11187=CARTESIAN_POINT('',(5.0992592323907,3.58168019199558,3.80000012127434));
#11188=CARTESIAN_POINT('Origin',(0.,4.14932531280876,3.80000012127433));
#11189=CARTESIAN_POINT('',(13.7,2.33659971564277,3.80000012127434));
#11190=CARTESIAN_POINT('',(0.,2.33659971564277,3.80000012127434));
#11191=CARTESIAN_POINT('',(13.7,3.41338477472007,3.80000012127434));
#11192=CARTESIAN_POINT('Origin',(0.,4.14932531280876,3.80000012127433));
#11193=CARTESIAN_POINT('',(6.697,2.33659971564277,3.80000012127434));
#11194=CARTESIAN_POINT('',(6.697,3.41338477472007,3.80000012127434));
#11195=CARTESIAN_POINT('',(0.,2.33659971564277,3.80000012127434));
#11196=CARTESIAN_POINT('Origin',(10.4967478636739,3.41778868910559,3.72500012127434));
#11197=CARTESIAN_POINT('',(10.4967478636739,3.41778868910559,3.72500012127434));
#11198=CARTESIAN_POINT('',(10.4967478636739,3.78355700095718,3.72500012127433));
#11199=CARTESIAN_POINT('',(10.4967478636739,3.41778868910559,3.72500012127434));
#11200=CARTESIAN_POINT('Origin',(10.6467478636739,3.41778868910559,3.72500012127434));
#11201=CARTESIAN_POINT('',(10.6467478636739,3.56778868910559,3.72500012127434));
#11202=CARTESIAN_POINT('Origin',(10.6467478636739,3.41778868910559,3.72500012127434));
#11203=CARTESIAN_POINT('',(10.6467478636739,3.56778868910559,3.72500012127434));
#11204=CARTESIAN_POINT('Origin',(12.9667478636739,3.56778868910559,3.72500012127434));
#11205=CARTESIAN_POINT('',(12.9667478636739,3.56778868910559,3.72500012127434));
#11206=CARTESIAN_POINT('',(6.48337393183696,3.56778868910559,3.72500012127434));
#11207=CARTESIAN_POINT('',(12.9667478636739,3.56778868910559,3.72500012127434));
#11208=CARTESIAN_POINT('Origin',(12.9667478636739,3.41778868910559,3.72500012127434));
#11209=CARTESIAN_POINT('Origin',(12.9667478636739,3.41778868910559,3.72500012127434));
#11210=CARTESIAN_POINT('Origin',(5.80920525552868,2.01749021421067,3.08634228508167));
#11211=CARTESIAN_POINT('',(11.6184105110574,2.00790967207624,3.0632508751548));
#11212=CARTESIAN_POINT('Origin',(11.6184105110574,2.01749021421066,3.08634228508166));
#11213=CARTESIAN_POINT('',(11.9737538359775,2.00790967207623,3.0632508751548));
#11214=CARTESIAN_POINT('',(5.80920525552868,2.00790967207624,3.06325087515481));
#11215=CARTESIAN_POINT('Origin',(11.9737538359775,2.01749021421066,3.08634228508166));
#11216=CARTESIAN_POINT('Origin',(11.9737538359775,1.9801918816061,2.9964443361268));
#11217=CARTESIAN_POINT('',(12.046082181496,1.9801918816061,2.9964443361268));
#11218=CARTESIAN_POINT('Origin',(12.071082181496,1.9801918816061,2.9964443361268));
#11219=CARTESIAN_POINT('Origin',(11.9737538359775,1.9801918816061,2.9964443361268));
#11220=CARTESIAN_POINT('Origin',(12.071082181496,2.14490060431881,3.39343195763336));
#11221=CARTESIAN_POINT('',(12.046082181496,1.9014998726644,2.8067776752067));
#11222=CARTESIAN_POINT('Origin',(12.071082181496,1.9014998726644,2.8067776752067));
#11223=CARTESIAN_POINT('',(12.046082181496,2.14490060431881,3.39343195763336));
#11224=CARTESIAN_POINT('Origin',(11.9737538359775,1.9014998726644,2.80677767520669));
#11225=CARTESIAN_POINT('',(11.9737538359775,1.87378208219426,2.7399711361787));
#11226=CARTESIAN_POINT('Origin',(11.9737538359775,1.86420154005983,2.71687972625184));
#11227=CARTESIAN_POINT('Origin',(11.9737538359775,1.9014998726644,2.80677767520669));
#11228=CARTESIAN_POINT('Origin',(5.98687691798874,1.86420154005983,2.71687972625184));
#11229=CARTESIAN_POINT('',(11.6184105110574,1.87378208219426,2.7399711361787));
#11230=CARTESIAN_POINT('Origin',(11.6184105110574,1.86420154005983,2.71687972625184));
#11231=CARTESIAN_POINT('',(5.98687691798874,1.87378208219426,2.7399711361787));
#11232=CARTESIAN_POINT('Origin',(11.6184105110574,1.9014998726644,2.80677767520669));
#11233=CARTESIAN_POINT('',(11.5460821655388,1.9014998726644,2.80677767520669));
#11234=CARTESIAN_POINT('Origin',(11.5210821655388,1.9014998726644,2.80677767520669));
#11235=CARTESIAN_POINT('Origin',(11.6184105110574,1.9014998726644,2.80677767520669));
#11236=CARTESIAN_POINT('Origin',(11.5210821655388,2.10555459984797,3.29859862717331));
#11237=CARTESIAN_POINT('',(11.5460821655388,1.98019188160609,2.9964443361268));
#11238=CARTESIAN_POINT('Origin',(11.5210821655388,1.98019188160609,2.9964443361268));
#11239=CARTESIAN_POINT('',(11.5460821655388,2.10555459984797,3.29859862717331));
#11240=CARTESIAN_POINT('Origin',(11.6184105110574,1.9801918816061,2.9964443361268));
#11241=CARTESIAN_POINT('Origin',(11.6184105110574,1.9801918816061,2.9964443361268));
#11242=CARTESIAN_POINT('Origin',(11.9737538359775,1.87840846273753,2.81635821734112));
#11243=CARTESIAN_POINT('',(12.046082181496,1.87840846273753,2.81635821734112));
#11244=CARTESIAN_POINT('',(11.9737538359775,1.85069067226739,2.74955167831313));
#11245=CARTESIAN_POINT('Origin',(12.046082181496,1.95710047167923,3.00602487826123));
#11246=CARTESIAN_POINT('',(12.046082181496,1.95710047167923,3.00602487826123));
#11247=CARTESIAN_POINT('Origin',(11.9737538359775,1.95710047167923,3.00602487826123));
#11248=CARTESIAN_POINT('',(11.9737538359775,1.98481826214937,3.07283141728922));
#11249=CARTESIAN_POINT('Origin',(11.6184105110574,1.98481826214937,3.07283141728922));
#11250=CARTESIAN_POINT('',(11.6184105110574,1.98481826214937,3.07283141728922));
#11251=CARTESIAN_POINT('Origin',(13.925,2.01279826651507,1.5027862535999));
#11252=CARTESIAN_POINT('',(13.95,2.01279826651507,0.97716101539228));
#11253=CARTESIAN_POINT('',(13.925,2.03779826651507,0.97716101539228));
#11254=CARTESIAN_POINT('Origin',(13.925,2.01279826651507,0.97716101539228));
#11255=CARTESIAN_POINT('',(13.925,2.03779826651507,1.06413566755014));
#11256=CARTESIAN_POINT('',(13.925,2.03779826651507,1.5027862535999));
#11257=CARTESIAN_POINT('',(13.95,2.01279826651507,1.06413566755014));
#11258=CARTESIAN_POINT('Origin',(13.925,2.01279826651507,1.06413566755014));
#11259=CARTESIAN_POINT('',(13.95,2.01279826651507,1.5027862535999));
#11260=CARTESIAN_POINT('Origin',(13.925,2.13779826651507,1.06413566755014));
#11261=CARTESIAN_POINT('',(13.925,2.13779826651507,1.16413566755014));
#11262=CARTESIAN_POINT('',(13.95,2.13779826651507,1.18913566755014));
#11263=CARTESIAN_POINT('Origin',(13.925,2.13779826651507,1.18913566755014));
#11264=CARTESIAN_POINT('Origin',(13.95,2.13779826651507,1.06413566755014));
#11265=CARTESIAN_POINT('Origin',(13.925,2.13779826651507,1.06413566755014));
#11266=CARTESIAN_POINT('Origin',(13.925,2.40762125157321,1.18913566755014));
#11267=CARTESIAN_POINT('',(13.925,3.14844028977376,1.16413566755014));
#11268=CARTESIAN_POINT('',(13.95,3.14844028977376,1.18913566755014));
#11269=CARTESIAN_POINT('Origin',(13.925,3.14844028977376,1.18913566755014));
#11270=CARTESIAN_POINT('',(13.95,2.40762125157321,1.18913566755014));
#11271=CARTESIAN_POINT('',(13.925,2.40762125157321,1.16413566755014));
#11272=CARTESIAN_POINT('Origin',(13.925,3.14844028977376,1.06413566755014));
#11273=CARTESIAN_POINT('',(13.925,3.24844028977376,1.06413566755014));
#11274=CARTESIAN_POINT('',(13.95,3.27344028977376,1.06413566755014));
#11275=CARTESIAN_POINT('Origin',(13.925,3.27344028977376,1.06413566755014));
#11276=CARTESIAN_POINT('Origin',(13.95,3.14844028977376,1.06413566755014));
#11277=CARTESIAN_POINT('Origin',(13.925,3.14844028977376,1.06413566755014));
#11278=CARTESIAN_POINT('Origin',(13.925,3.27344028977375,1.54627357967883));
#11279=CARTESIAN_POINT('',(13.925,3.24844028977376,0.97716101539228));
#11280=CARTESIAN_POINT('',(13.95,3.27344028977376,0.97716101539228));
#11281=CARTESIAN_POINT('Origin',(13.925,3.27344028977376,0.97716101539228));
#11282=CARTESIAN_POINT('',(13.95,3.27344028977375,1.54627357967883));
#11283=CARTESIAN_POINT('',(13.925,3.24844028977375,1.54627357967883));
#11284=CARTESIAN_POINT('Origin',(13.925,3.14844028977376,0.977161015392279));
#11285=CARTESIAN_POINT('',(13.925,3.14844028977376,0.87716101539228));
#11286=CARTESIAN_POINT('',(13.95,3.14844028977376,0.85216101539228));
#11287=CARTESIAN_POINT('Origin',(13.925,3.14844028977376,0.85216101539228));
#11288=CARTESIAN_POINT('Origin',(13.95,3.14844028977376,0.977161015392279));
#11289=CARTESIAN_POINT('Origin',(13.925,3.14844028977376,0.977161015392279));
#11290=CARTESIAN_POINT('Origin',(13.925,2.91294226320256,0.85216101539228));
#11291=CARTESIAN_POINT('',(13.925,2.13779826651507,0.877161015392279));
#11292=CARTESIAN_POINT('',(13.95,2.13779826651507,0.85216101539228));
#11293=CARTESIAN_POINT('Origin',(13.925,2.13779826651507,0.85216101539228));
#11294=CARTESIAN_POINT('',(13.95,2.91294226320256,0.85216101539228));
#11295=CARTESIAN_POINT('',(13.925,2.91294226320256,0.87716101539228));
#11296=CARTESIAN_POINT('Origin',(13.925,2.13779826651507,0.97716101539228));
#11297=CARTESIAN_POINT('Origin',(13.95,2.13779826651507,0.97716101539228));
#11298=CARTESIAN_POINT('Origin',(13.925,2.13779826651507,0.97716101539228));
#11299=CARTESIAN_POINT('Origin',(13.95,3.14844028977376,1.06413566755014));
#11300=CARTESIAN_POINT('',(13.875,3.14844028977376,1.16413566755014));
#11301=CARTESIAN_POINT('',(13.95,3.14844028977376,1.16413566755014));
#11302=CARTESIAN_POINT('',(13.875,3.24844028977376,1.06413566755014));
#11303=CARTESIAN_POINT('Origin',(13.875,3.14844028977376,1.06413566755014));
#11304=CARTESIAN_POINT('',(13.95,3.24844028977376,1.06413566755014));
#11305=CARTESIAN_POINT('Origin',(13.95,2.13779826651507,1.16413566755014));
#11306=CARTESIAN_POINT('',(13.875,2.13779826651507,1.16413566755014));
#11307=CARTESIAN_POINT('',(13.95,2.13779826651507,1.16413566755014));
#11308=CARTESIAN_POINT('',(13.875,2.40762125157321,1.16413566755014));
#11309=CARTESIAN_POINT('Origin',(13.95,2.13779826651507,1.06413566755014));
#11310=CARTESIAN_POINT('',(13.875,2.03779826651507,1.06413566755014));
#11311=CARTESIAN_POINT('',(13.95,2.03779826651507,1.06413566755014));
#11312=CARTESIAN_POINT('Origin',(13.875,2.13779826651507,1.06413566755014));
#11313=CARTESIAN_POINT('Origin',(13.95,2.03779826651507,0.97716101539228));
#11314=CARTESIAN_POINT('',(13.875,2.03779826651507,0.97716101539228));
#11315=CARTESIAN_POINT('',(13.95,2.03779826651507,0.97716101539228));
#11316=CARTESIAN_POINT('',(13.875,2.03779826651507,1.5027862535999));
#11317=CARTESIAN_POINT('Origin',(13.95,2.67744423663136,2.02841149180751));
#11318=CARTESIAN_POINT('',(13.95,3.58168019199558,3.55000012127434));
#11319=CARTESIAN_POINT('',(13.95,3.58168019199558,0.506822862340685));
#11320=CARTESIAN_POINT('',(13.95,3.58168019199558,2.02850191895343));
#11321=CARTESIAN_POINT('',(13.95,2.26399285106262,3.55000012127434));
#11322=CARTESIAN_POINT('',(13.95,3.41338477472007,3.55000012127434));
#11323=CARTESIAN_POINT('',(13.95,1.45556316045395,1.60149020179798));
#11324=CARTESIAN_POINT('',(13.95,2.07095731632678,3.08473807237433));
#11325=CARTESIAN_POINT('',(13.95,1.45556316045395,0.506822862340704));
#11326=CARTESIAN_POINT('',(13.95,1.45556316045395,1.61597248820081));
#11327=CARTESIAN_POINT('',(13.95,1.94150369854265,0.5068228623407));
#11328=CARTESIAN_POINT('Origin',(13.95,2.13779826651507,0.97716101539228));
#11329=CARTESIAN_POINT('',(13.875,2.13779826651507,0.877161015392279));
#11330=CARTESIAN_POINT('',(13.95,2.13779826651507,0.877161015392279));
#11331=CARTESIAN_POINT('Origin',(13.875,2.13779826651507,0.97716101539228));
#11332=CARTESIAN_POINT('Origin',(13.95,3.14844028977376,0.87716101539228));
#11333=CARTESIAN_POINT('',(13.875,3.14844028977376,0.87716101539228));
#11334=CARTESIAN_POINT('',(13.95,3.14844028977376,0.87716101539228));
#11335=CARTESIAN_POINT('',(13.875,2.91294226320256,0.87716101539228));
#11336=CARTESIAN_POINT('Origin',(13.95,3.14844028977376,0.977161015392279));
#11337=CARTESIAN_POINT('',(13.875,3.24844028977376,0.97716101539228));
#11338=CARTESIAN_POINT('',(13.95,3.24844028977376,0.97716101539228));
#11339=CARTESIAN_POINT('Origin',(13.875,3.14844028977376,0.977161015392279));
#11340=CARTESIAN_POINT('Origin',(13.95,3.24844028977376,1.06413566755014));
#11341=CARTESIAN_POINT('',(13.875,3.24844028977375,1.54627357967883));
#11342=CARTESIAN_POINT('Origin',(6.697,3.41338477472007,3.55000012127434));
#11343=CARTESIAN_POINT('',(6.54170601848779,2.33728259613031,3.63067712732989));
#11344=CARTESIAN_POINT('Origin',(6.697,2.53372493056096,3.55000012127434));
#11345=CARTESIAN_POINT('',(6.52503031162775,2.45333476279619,3.58242582529373));
#11346=CARTESIAN_POINT('Origin',(6.697,2.53372493056097,3.55000012127434));
#11347=CARTESIAN_POINT('',(6.52555995352093,2.31833640566605,3.58511864150591));
#11348=CARTESIAN_POINT('Ctrl Pts',(6.52555995352093,2.31833640566605,3.58511864150591));
#11349=CARTESIAN_POINT('Ctrl Pts',(6.52528457483759,2.38847389474499,3.58377430996919));
#11350=CARTESIAN_POINT('Ctrl Pts',(6.52503031162775,2.45333476279619,3.58242582529373));
#11351=CARTESIAN_POINT('',(6.52571492507632,2.27887383166335,3.58586686225244));
#11352=CARTESIAN_POINT('Ctrl Pts',(6.52571492507632,2.27887383166335,3.58586686225244));
#11353=CARTESIAN_POINT('Ctrl Pts',(6.5256366225591,2.29880920856308,3.5854929210422));
#11354=CARTESIAN_POINT('Ctrl Pts',(6.52555995352093,2.31833640566605,3.58511864150591));
#11355=CARTESIAN_POINT('',(6.522,2.26399285106262,3.55000012127434));
#11356=CARTESIAN_POINT('Origin',(6.697,2.26399285106262,3.55000012127434));
#11357=CARTESIAN_POINT('',(6.522,3.60668019199558,3.55000012127434));
#11358=CARTESIAN_POINT('',(6.522,3.41338477472007,3.55000012127434));
#11359=CARTESIAN_POINT('',(6.697,3.60668019199558,3.72500012127434));
#11360=CARTESIAN_POINT('Origin',(6.697,3.60668019199559,3.55000012127434));
#11361=CARTESIAN_POINT('',(6.697,3.41338477472007,3.72500012127434));
#11362=CARTESIAN_POINT('Origin',(0.,2.35579214688526,3.77125849487106));
#11363=CARTESIAN_POINT('',(6.52646974360648,2.2212994814942,3.44709883614551));
#11364=CARTESIAN_POINT('',(6.5255057523987,2.29482863471331,3.62432177350482));
#11365=CARTESIAN_POINT('',(6.53745139581517,1.38366571333187,1.42820006843225));
#11366=CARTESIAN_POINT('',(6.53109881640522,1.86821347787488,2.59607667741887));
#11367=CARTESIAN_POINT('',(6.522,1.45556316045395,1.60149020179798));
#11368=CARTESIAN_POINT('Origin',(6.697,1.45556316045395,1.60149020179798));
#11369=CARTESIAN_POINT('',(6.522,2.07095731632678,3.08473807237433));
#11370=CARTESIAN_POINT('Origin',(6.697,1.45556316045395,1.61597248820081));
#11371=CARTESIAN_POINT('',(6.5376188745379,1.38329520872959,1.38428975910599));
#11372=CARTESIAN_POINT('Ctrl Pts',(6.5376188745379,1.38329520872959,1.38428975910599));
#11373=CARTESIAN_POINT('Ctrl Pts',(6.53753491996668,1.38348036374961,1.40630194493444));
#11374=CARTESIAN_POINT('Ctrl Pts',(6.53745139581517,1.38366571333187,1.42820006843225));
#11375=CARTESIAN_POINT('',(6.53782257576707,1.38284763518892,1.33087923221743));
#11376=CARTESIAN_POINT('Ctrl Pts',(6.53782257576707,1.38284763518892,1.33087923221743));
#11377=CARTESIAN_POINT('Ctrl Pts',(6.53772041073288,1.38307127885965,1.35766781869667));
#11378=CARTESIAN_POINT('Ctrl Pts',(6.5376188745379,1.38329520872959,1.38428975910599));
#11379=CARTESIAN_POINT('',(6.5385196164272,1.38134073781351,1.14808888211147));
#11380=CARTESIAN_POINT('Ctrl Pts',(6.5385196164272,1.38134073781351,1.14808888211147));
#11381=CARTESIAN_POINT('Ctrl Pts',(6.53816752190577,1.38209253319857,1.24043126692098));
#11382=CARTESIAN_POINT('Ctrl Pts',(6.53782257576707,1.38284763518892,1.33087923221743));
#11383=CARTESIAN_POINT('',(6.58868140660035,1.31811468893127,1.17459998539926));
#11384=CARTESIAN_POINT('Origin',(6.697,1.45556316045395,1.11814935681417));
#11385=CARTESIAN_POINT('',(6.67031358679826,1.28260988540423,1.18977821777576));
#11386=CARTESIAN_POINT('Origin',(6.697,1.45556316045395,1.11814935681417));
#11387=CARTESIAN_POINT('',(6.697,1.28056316045395,1.18571412424014));
#11388=CARTESIAN_POINT('Origin',(6.697,1.45556316045395,1.53320408308304));
#11389=CARTESIAN_POINT('',(6.697,1.28056316045395,0.506822862340704));
#11390=CARTESIAN_POINT('',(6.697,1.28056316045395,1.61597248820081));
#11391=CARTESIAN_POINT('',(6.522,1.45556316045395,0.506822862340704));
#11392=CARTESIAN_POINT('Origin',(6.697,1.45556316045395,0.506822862340704));
#11393=CARTESIAN_POINT('',(6.522,1.45556316045395,1.61597248820081));
#11394=CARTESIAN_POINT('Origin',(6.697,1.45556316045395,1.61597248820081));
#11395=CARTESIAN_POINT('',(6.59845502971871,1.22580483343998,1.21384923669145));
#11396=CARTESIAN_POINT('',(6.697,1.20556316045395,1.18571412424014));
#11397=CARTESIAN_POINT('Origin',(6.697,1.45556316045395,1.53320408308304));
#11398=CARTESIAN_POINT('',(6.447,1.45556316045395,1.60149020179798));
#11399=CARTESIAN_POINT('Origin',(6.697,1.45556316045395,1.60149020179798));
#11400=CARTESIAN_POINT('',(6.447,1.45556316045395,0.506822862340704));
#11401=CARTESIAN_POINT('',(6.447,1.45556316045395,1.61597248820081));
#11402=CARTESIAN_POINT('',(6.697,1.20556316045395,0.506822862340704));
#11403=CARTESIAN_POINT('Origin',(6.697,1.45556316045395,0.506822862340704));
#11404=CARTESIAN_POINT('',(6.697,1.20556316045395,1.61597248820081));
#11405=CARTESIAN_POINT('',(6.56199784480192,1.24514828908818,1.20473522168203));
#11406=CARTESIAN_POINT('',(6.5386258761349,1.26212677067694,1.24608051527666));
#11407=CARTESIAN_POINT('Origin',(6.697,1.45556316045395,1.70919704832625));
#11408=CARTESIAN_POINT('',(6.53880965488283,1.26197644936119,1.19762554960785));
#11409=CARTESIAN_POINT('Origin',(6.697,1.45556316045395,1.11814935681417));
#11410=CARTESIAN_POINT('Ctrl Pts',(6.5386258761349,1.26212677067694,1.24608051527666));
#11411=CARTESIAN_POINT('Ctrl Pts',(6.53871772981963,1.26205156638441,1.22186251927203));
#11412=CARTESIAN_POINT('Ctrl Pts',(6.53880965488283,1.26197644936119,1.19762554960785));
#11413=CARTESIAN_POINT('Origin',(0.,2.83851161508115,2.4977310667182));
#11414=CARTESIAN_POINT('',(6.447,2.56142396531735,2.61271991117007));
#11415=CARTESIAN_POINT('',(6.447,2.83851161508115,2.7977310667182));
#11416=CARTESIAN_POINT('Origin',(6.447,2.83851161508115,2.4977310667182));
#11417=CARTESIAN_POINT('',(6.522,2.83851161508115,2.7977310667182));
#11418=CARTESIAN_POINT('',(0.,2.83851161508115,2.7977310667182));
#11419=CARTESIAN_POINT('',(6.522,2.56142396531735,2.61271991117007));
#11420=CARTESIAN_POINT('Origin',(6.522,2.83851161508115,2.4977310667182));
#11421=CARTESIAN_POINT('',(0.,2.56142396531735,2.61271991117007));
#11422=CARTESIAN_POINT('Origin',(0.,3.49422423259977,2.7977310667182));
#11423=CARTESIAN_POINT('',(6.447,3.19422423259977,2.7977310667182));
#11424=CARTESIAN_POINT('',(6.447,3.08583423461556,2.7977310667182));
#11425=CARTESIAN_POINT('',(6.522,3.19422423259977,2.7977310667182));
#11426=CARTESIAN_POINT('',(0.,3.19422423259977,2.7977310667182));
#11427=CARTESIAN_POINT('',(6.522,3.08583423461556,2.7977310667182));
#11428=CARTESIAN_POINT('Origin',(0.,3.19422423259977,2.4977310667182));
#11429=CARTESIAN_POINT('',(6.447,3.49422423259977,2.4977310667182));
#11430=CARTESIAN_POINT('Origin',(6.447,3.19422423259977,2.4977310667182));
#11431=CARTESIAN_POINT('',(6.522,3.49422423259977,2.4977310667182));
#11432=CARTESIAN_POINT('',(0.,3.49422423259977,2.4977310667182));
#11433=CARTESIAN_POINT('Origin',(6.522,3.19422423259977,2.4977310667182));
#11434=CARTESIAN_POINT('Origin',(0.,3.49422423259977,1.44638482707676));
#11435=CARTESIAN_POINT('',(6.447,3.49422423259977,1.50616197418722));
#11436=CARTESIAN_POINT('',(6.447,3.49422423259977,1.73739815944214));
#11437=CARTESIAN_POINT('',(6.522,3.49422423259977,1.50616197418722));
#11438=CARTESIAN_POINT('',(0.,3.49422423259977,1.50616197418722));
#11439=CARTESIAN_POINT('',(6.522,3.49422423259977,1.73739815944214));
#11440=CARTESIAN_POINT('Origin',(0.,2.92375533290847,0.8544153451389));
#11441=CARTESIAN_POINT('',(6.447,3.20084298267227,0.739426500687037));
#11442=CARTESIAN_POINT('',(6.447,2.92375533290847,0.5544153451389));
#11443=CARTESIAN_POINT('Origin',(6.447,2.92375533290847,0.8544153451389));
#11444=CARTESIAN_POINT('',(6.522,2.92375533290847,0.5544153451389));
#11445=CARTESIAN_POINT('',(0.,2.92375533290847,0.5544153451389));
#11446=CARTESIAN_POINT('',(6.522,3.20084298267227,0.739426500687037));
#11447=CARTESIAN_POINT('Origin',(6.522,2.92375533290847,0.8544153451389));
#11448=CARTESIAN_POINT('',(0.,3.20084298267227,0.739426500687037));
#11449=CARTESIAN_POINT('Origin',(0.,1.7072463656312,0.5544153451389));
#11450=CARTESIAN_POINT('',(6.447,2.15655059641047,0.5544153451389));
#11451=CARTESIAN_POINT('',(6.447,2.19234530113128,0.5544153451389));
#11452=CARTESIAN_POINT('',(6.522,2.15655059641047,0.5544153451389));
#11453=CARTESIAN_POINT('',(0.,2.15655059641047,0.5544153451389));
#11454=CARTESIAN_POINT('',(6.522,2.19234530113128,0.5544153451389));
#11455=CARTESIAN_POINT('Origin',(0.,3.19422423259977,1.50616197418722));
#11456=CARTESIAN_POINT('',(6.447,3.47131188236357,1.39117312973536));
#11457=CARTESIAN_POINT('Origin',(6.447,3.19422423259977,1.50616197418722));
#11458=CARTESIAN_POINT('',(6.522,3.47131188236357,1.39117312973536));
#11459=CARTESIAN_POINT('',(0.,3.47131188236357,1.39117312973536));
#11460=CARTESIAN_POINT('Origin',(6.522,3.19422423259977,1.50616197418722));
#11461=CARTESIAN_POINT('Origin',(0.,3.12406504253196,0.5544153451389));
#11462=CARTESIAN_POINT('',(6.522,3.35217078821406,1.10407983885535));
#11463=CARTESIAN_POINT('',(6.447,3.35217078821406,1.10407983885535));
#11464=CARTESIAN_POINT('Origin',(0.,2.15655059641047,0.8544153451389));
#11465=CARTESIAN_POINT('',(6.447,1.87946294664667,0.969404189590763));
#11466=CARTESIAN_POINT('Origin',(6.447,2.15655059641047,0.8544153451389));
#11467=CARTESIAN_POINT('',(6.522,1.87946294664667,0.969404189590763));
#11468=CARTESIAN_POINT('',(0.,1.87946294664667,0.969404189590763));
#11469=CARTESIAN_POINT('Origin',(6.522,2.15655059641047,0.8544153451389));
#11470=CARTESIAN_POINT('Origin',(0.,2.63820190545766,2.7977310667182));
#11471=CARTESIAN_POINT('',(6.522,2.50490650310915,2.47653025861261));
#11472=CARTESIAN_POINT('',(6.447,2.50490650310915,2.47653025861261));
#11473=CARTESIAN_POINT('Origin',(13.925,3.58168019199558,2.02850191895343));
#11474=CARTESIAN_POINT('',(13.925,3.60668019199558,0.506822862340685));
#11475=CARTESIAN_POINT('Origin',(13.925,3.58168019199558,0.506822862340685));
#11476=CARTESIAN_POINT('',(13.925,3.60668019199558,3.55000012127434));
#11477=CARTESIAN_POINT('',(13.925,3.60668019199558,2.02850191895343));
#11478=CARTESIAN_POINT('Origin',(13.925,3.58168019199558,3.55000012127434));
#11479=CARTESIAN_POINT('Origin',(13.7,3.58168019199559,3.55000012127434));
#11480=CARTESIAN_POINT('Origin',(13.7,3.58168019199559,3.55000012127434));
#11481=CARTESIAN_POINT('Origin',(13.7,3.60668019199558,3.55000012127434));
#11482=CARTESIAN_POINT('Origin',(6.697,3.58168019199559,3.55000012127434));
#11483=CARTESIAN_POINT('',(6.472,3.60668019199558,3.55000012127434));
#11484=CARTESIAN_POINT('',(6.447,3.58168019199559,3.55000012127434));
#11485=CARTESIAN_POINT('Origin',(6.472,3.58168019199559,3.55000012127434));
#11486=CARTESIAN_POINT('Origin',(6.697,3.58168019199559,3.55000012127434));
#11487=CARTESIAN_POINT('Origin',(6.697,3.60668019199558,3.55000012127434));
#11488=CARTESIAN_POINT('Origin',(6.472,3.58168019199558,2.02850191895343));
#11489=CARTESIAN_POINT('',(6.472,3.60668019199558,0.506822862340685));
#11490=CARTESIAN_POINT('',(6.447,3.58168019199558,0.506822862340685));
#11491=CARTESIAN_POINT('Origin',(6.472,3.58168019199558,0.506822862340685));
#11492=CARTESIAN_POINT('',(6.447,3.58168019199558,2.02850191895343));
#11493=CARTESIAN_POINT('',(6.472,3.60668019199558,2.02850191895343));
#11494=CARTESIAN_POINT('Origin',(6.697,3.58168019199556,0.506822862340685));
#11495=CARTESIAN_POINT('',(6.697,3.60668019199558,0.281822862340685));
#11496=CARTESIAN_POINT('',(6.697,3.58168019199556,0.256822862340685));
#11497=CARTESIAN_POINT('Origin',(6.697,3.58168019199556,0.281822862340685));
#11498=CARTESIAN_POINT('Origin',(6.697,3.58168019199556,0.506822862340685));
#11499=CARTESIAN_POINT('Origin',(6.697,3.60668019199558,0.506822862340685));
#11500=CARTESIAN_POINT('Origin',(5.0992592323907,3.58168019199558,0.281822862340685));
#11501=CARTESIAN_POINT('',(13.7,3.60668019199558,0.281822862340685));
#11502=CARTESIAN_POINT('',(13.7,3.58168019199558,0.256822862340685));
#11503=CARTESIAN_POINT('Origin',(13.7,3.58168019199558,0.281822862340685));
#11504=CARTESIAN_POINT('',(5.0992592323907,3.58168019199558,0.256822862340685));
#11505=CARTESIAN_POINT('',(5.0992592323907,3.60668019199558,0.281822862340685));
#11506=CARTESIAN_POINT('Origin',(13.7,3.58168019199556,0.506822862340685));
#11507=CARTESIAN_POINT('Origin',(13.7,3.58168019199556,0.506822862340685));
#11508=CARTESIAN_POINT('Origin',(13.7,3.60668019199558,0.506822862340685));
#11509=CARTESIAN_POINT('Origin',(6.697,1.94150369854265,0.5068228623407));
#11510=CARTESIAN_POINT('',(6.697,1.45556316045395,0.256822862340704));
#11511=CARTESIAN_POINT('',(6.697,1.94150369854265,0.2568228623407));
#11512=CARTESIAN_POINT('Origin',(6.697,1.45556316045395,0.506822862340704));
#11513=CARTESIAN_POINT('',(6.447,1.94150369854265,0.5068228623407));
#11514=CARTESIAN_POINT('Origin',(0.,1.20556316045395,0.256822862340706));
#11515=CARTESIAN_POINT('',(13.7,1.45556316045395,0.256822862340704));
#11516=CARTESIAN_POINT('',(13.7,1.94150369854265,0.2568228623407));
#11517=CARTESIAN_POINT('',(0.,1.45556316045395,0.256822862340704));
#11518=CARTESIAN_POINT('Origin',(13.7,1.94150369854265,0.5068228623407));
#11519=CARTESIAN_POINT('Origin',(13.7,1.45556316045395,0.506822862340704));
#11520=CARTESIAN_POINT('Origin',(10.1985184647814,3.60668019199558,2.02859234609935));
#11521=CARTESIAN_POINT('',(6.522,3.60668019199558,0.506822862340684));
#11522=CARTESIAN_POINT('',(6.522,3.60668019199558,2.02850191895343));
#11523=CARTESIAN_POINT('',(6.697,3.60668019199558,0.331822862340685));
#11524=CARTESIAN_POINT('Origin',(6.697,3.60668019199556,0.506822862340684));
#11525=CARTESIAN_POINT('',(13.7,3.60668019199558,0.331822862340685));
#11526=CARTESIAN_POINT('',(5.0992592323907,3.60668019199558,0.331822862340685));
#11527=CARTESIAN_POINT('',(13.875,3.60668019199558,0.506822862340684));
#11528=CARTESIAN_POINT('Origin',(13.7,3.60668019199556,0.506822862340684));
#11529=CARTESIAN_POINT('',(13.875,3.60668019199558,3.55000012127434));
#11530=CARTESIAN_POINT('',(13.875,3.60668019199558,2.02850191895343));
#11531=CARTESIAN_POINT('',(13.7,3.60668019199558,3.72500012127434));
#11532=CARTESIAN_POINT('Origin',(13.7,3.60668019199559,3.55000012127434));
#11533=CARTESIAN_POINT('',(5.0992592323907,3.60668019199558,3.72500012127434));
#11534=CARTESIAN_POINT('Origin',(12.800000408503,1.5637090906473,2.05785706962954));
#11535=CARTESIAN_POINT('',(12.565000408503,1.5637090906473,2.05785706962954));
#11536=CARTESIAN_POINT('Origin',(10.8000003446744,1.5637090906473,2.05785706962954));
#11537=CARTESIAN_POINT('',(10.5650003446744,1.5637090906473,2.05785706962954));
#11538=CARTESIAN_POINT('Origin',(11.5460821655388,1.87840846273753,2.81635821734112));
#11539=CARTESIAN_POINT('',(11.5460821655388,1.87840846273753,2.81635821734112));
#11540=CARTESIAN_POINT('',(11.5460821655388,1.95710047167923,3.00602487826123));
#11541=CARTESIAN_POINT('Origin',(11.6184105110574,1.87840846273753,2.81635821734112));
#11542=CARTESIAN_POINT('',(11.6184105110574,1.85069067226739,2.74955167831313));
#11543=CARTESIAN_POINT('Origin',(11.9737538359775,1.85069067226739,2.74955167831313));
#11544=CARTESIAN_POINT('Origin',(11.6184105110574,1.95710047167923,3.00602487826123));
#11545=CARTESIAN_POINT('Origin',(0.,1.17556316045395,1.2035334845941));
#11546=CARTESIAN_POINT('',(10.303354638768,1.17556316045395,0.760796830410094));
#11547=CARTESIAN_POINT('',(10.3235890546183,1.17556316045395,0.760798754654531));
#11548=CARTESIAN_POINT('',(10.303354638768,1.17556316045395,0.760796830410094));
#11549=CARTESIAN_POINT('',(10.3235725342758,1.17556316045395,0.93352926059032));
#11550=CARTESIAN_POINT('Ctrl Pts',(10.3235890546183,1.17556316045395,0.760798754654531));
#11551=CARTESIAN_POINT('Ctrl Pts',(10.3235859257656,1.17556316045395,0.789587172298526));
#11552=CARTESIAN_POINT('Ctrl Pts',(10.3235796680601,1.17556316045395,0.847164007538636));
#11553=CARTESIAN_POINT('Ctrl Pts',(10.3235749122039,1.17556316045395,0.904740842922386));
#11554=CARTESIAN_POINT('Ctrl Pts',(10.3235725342758,1.17556316045395,0.93352926059032));
#11555=CARTESIAN_POINT('',(10.29889639907,1.17556316045395,0.93352682008518));
#11556=CARTESIAN_POINT('',(10.3235725342758,1.17556316045395,0.93352926059032));
#11557=CARTESIAN_POINT('',(10.2989091647892,1.17556316045395,0.804818427468848));
#11558=CARTESIAN_POINT('',(10.29889639907,1.17556316045395,0.93352682008518));
#11559=CARTESIAN_POINT('',(10.1952567813903,1.17556316045395,0.933516682602289));
#11560=CARTESIAN_POINT('Ctrl Pts',(10.2989091647892,1.17556316045395,0.804818427468848));
#11561=CARTESIAN_POINT('Ctrl Pts',(10.2816339268451,1.17556316045395,0.826268148505504));
#11562=CARTESIAN_POINT('Ctrl Pts',(10.2470833371904,1.17556316045395,0.869167731836659));
#11563=CARTESIAN_POINT('Ctrl Pts',(10.212532337913,1.17556316045395,0.912066985261493));
#11564=CARTESIAN_POINT('Ctrl Pts',(10.1952567813903,1.17556316045395,0.933516682602289));
#11565=CARTESIAN_POINT('',(10.1750238673893,1.17556316045395,0.933514617559478));
#11566=CARTESIAN_POINT('',(10.1952567813903,1.17556316045395,0.933516682602289));
#11567=CARTESIAN_POINT('',(10.1750351312592,1.17556316045395,0.800094454307256));
#11568=CARTESIAN_POINT('',(10.1750238673893,1.17556316045395,0.933514617559478));
#11569=CARTESIAN_POINT('',(10.1353495139775,1.17556316045395,0.827533616794376));
#11570=CARTESIAN_POINT('Ctrl Pts',(10.1750351312592,1.17556316045395,0.800094454307256));
#11571=CARTESIAN_POINT('Ctrl Pts',(10.1686852731999,1.17556316045395,0.804269747543492));
#11572=CARTESIAN_POINT('Ctrl Pts',(10.1552440176607,1.17556316045395,0.813107926730342));
#11573=CARTESIAN_POINT('Ctrl Pts',(10.1422205127302,1.17556316045395,0.822551391551951));
#11574=CARTESIAN_POINT('Ctrl Pts',(10.1353495139775,1.17556316045395,0.827533616794376));
#11575=CARTESIAN_POINT('',(9.95369408074326,1.17556316045395,0.845938498579612));
#11576=CARTESIAN_POINT('Ctrl Pts',(10.1353495139775,1.17556316045395,0.827533616794382));
#11577=CARTESIAN_POINT('Ctrl Pts',(10.1385574403685,1.17556316045395,0.854885392796997));
#11578=CARTESIAN_POINT('Ctrl Pts',(10.1295462453128,1.17556316045395,0.912639738783197));
#11579=CARTESIAN_POINT('Ctrl Pts',(10.0486185481879,1.17556316045395,0.945607610397159));
#11580=CARTESIAN_POINT('Ctrl Pts',(9.97204872674789,1.17556316045395,0.918006749388874));
#11581=CARTESIAN_POINT('Ctrl Pts',(9.95466573797982,1.17556316045395,0.87034025144063));
#11582=CARTESIAN_POINT('Ctrl Pts',(9.95369408074326,1.17556316045395,0.845938498579612));
#11583=CARTESIAN_POINT('',(9.8816353505052,1.17556316045395,0.845189826694999));
#11584=CARTESIAN_POINT('Ctrl Pts',(9.95369408074326,1.17556316045395,0.845938498579611));
#11585=CARTESIAN_POINT('Ctrl Pts',(9.94278761772671,1.17556316045395,0.847533708740899));
#11586=CARTESIAN_POINT('Ctrl Pts',(9.91876403625185,1.17556316045395,0.851047465787621));
#11587=CARTESIAN_POINT('Ctrl Pts',(9.89474822586879,1.17556316045395,0.84725859077328));
#11588=CARTESIAN_POINT('Ctrl Pts',(9.8816353505052,1.17556316045395,0.845189826694999));
#11589=CARTESIAN_POINT('',(9.88162934310793,1.17556316045395,0.912018554417167));
#11590=CARTESIAN_POINT('',(9.8816353505052,1.17556316045395,0.845189826694999));
#11591=CARTESIAN_POINT('',(9.9408517672321,1.17556316045395,0.912024467948853));
#11592=CARTESIAN_POINT('',(9.88162934310793,1.17556316045395,0.912018554417167));
#11593=CARTESIAN_POINT('',(9.94084951445812,1.17556316045395,0.933491432760644));
#11594=CARTESIAN_POINT('',(9.9408517672321,1.17556316045395,0.912024467948853));
#11595=CARTESIAN_POINT('',(9.79797483429195,1.17556316045395,0.933477352923296));
#11596=CARTESIAN_POINT('',(9.94084951445812,1.17556316045395,0.933491432760644));
#11597=CARTESIAN_POINT('',(9.79797708706593,1.17556316045395,0.912010294245923));
#11598=CARTESIAN_POINT('',(9.79797483429195,1.17556316045395,0.933477352923296));
#11599=CARTESIAN_POINT('',(9.85720026211476,1.17556316045395,0.912016113912027));
#11600=CARTESIAN_POINT('',(9.79797708706593,1.17556316045395,0.912010294245923));
#11601=CARTESIAN_POINT('',(9.85720777136134,1.17556316045395,0.838454877297709));
#11602=CARTESIAN_POINT('',(9.85720026211476,1.17556316045395,0.912016113912027));
#11603=CARTESIAN_POINT('',(9.85720777136134,1.17556316045395,0.831992325820322));
#11604=CARTESIAN_POINT('Ctrl Pts',(9.85720777136134,1.17556316045395,0.838454877297709));
#11605=CARTESIAN_POINT('Ctrl Pts',(9.84389361852922,1.17556316045395,0.83360991441906));
#11606=CARTESIAN_POINT('Ctrl Pts',(9.79508267771114,1.17556316045395,0.809330844213599));
#11607=CARTESIAN_POINT('Ctrl Pts',(9.8444441146723,1.17556316045395,0.828608460589372));
#11608=CARTESIAN_POINT('Ctrl Pts',(9.85720777136134,1.17556316045395,0.831992325820322));
#11609=CARTESIAN_POINT('',(9.85721528060793,1.17556316045395,0.760752666653611));
#11610=CARTESIAN_POINT('',(9.85720777136134,1.17556316045395,0.831992325820322));
#11611=CARTESIAN_POINT('',(9.88164361067644,1.17556316045395,0.76075506022596));
#11612=CARTESIAN_POINT('',(9.85721528060793,1.17556316045395,0.760752666653611));
#11613=CARTESIAN_POINT('',(9.88163685235451,1.17556316045395,0.836665423836295));
#11614=CARTESIAN_POINT('',(9.88164361067644,1.17556316045395,0.76075506022596));
#11615=CARTESIAN_POINT('',(9.95466127170352,1.17556316045395,0.833286544469398));
#11616=CARTESIAN_POINT('Ctrl Pts',(9.88163685235451,1.17556316045395,0.836665423836295));
#11617=CARTESIAN_POINT('Ctrl Pts',(9.8956477435406,1.17556316045395,0.837753075125672));
#11618=CARTESIAN_POINT('Ctrl Pts',(9.92016723789789,1.17556316045395,0.83965649863374));
#11619=CARTESIAN_POINT('Ctrl Pts',(9.94431289030077,1.17556316045395,0.835197562345188));
#11620=CARTESIAN_POINT('Ctrl Pts',(9.95466127170352,1.17556316045395,0.833286544469398));
#11621=CARTESIAN_POINT('',(10.1275308864323,1.17556316045395,0.805553958171975));
#11622=CARTESIAN_POINT('Ctrl Pts',(9.95466127170352,1.17556316045395,0.833286544469392));
#11623=CARTESIAN_POINT('Ctrl Pts',(9.95813014081288,1.17556316045395,0.814156808958422));
#11624=CARTESIAN_POINT('Ctrl Pts',(9.97484738516535,1.17556316045395,0.779349459582312));
#11625=CARTESIAN_POINT('Ctrl Pts',(10.0500423486574,1.17556316045395,0.744989092456337));
#11626=CARTESIAN_POINT('Ctrl Pts',(10.1079918986384,1.17556316045395,0.771803181129961));
#11627=CARTESIAN_POINT('Ctrl Pts',(10.1275308864323,1.17556316045395,0.805553958171975));
#11628=CARTESIAN_POINT('',(10.1750381349579,1.17556316045395,0.771448931356115));
#11629=CARTESIAN_POINT('Ctrl Pts',(10.1275308864323,1.17556316045395,0.805553958171935));
#11630=CARTESIAN_POINT('Ctrl Pts',(10.1351367361728,1.17556316045395,0.799342877477197));
#11631=CARTESIAN_POINT('Ctrl Pts',(10.1502651348369,1.17556316045395,0.786988741109574));
#11632=CARTESIAN_POINT('Ctrl Pts',(10.1668108365336,1.17556316045395,0.776609818276274));
#11633=CARTESIAN_POINT('Ctrl Pts',(10.1750381349579,1.17556316045395,0.771448931356115));
#11634=CARTESIAN_POINT('',(10.1750396368072,1.17556316045395,0.760784111623689));
#11635=CARTESIAN_POINT('',(10.1750381349579,1.17556316045395,0.771448931356115));
#11636=CARTESIAN_POINT('',(10.1997120173897,1.17556316045395,0.785081123742532));
#11637=CARTESIAN_POINT('Ctrl Pts',(10.1750396368072,1.17556316045395,0.760784111623689));
#11638=CARTESIAN_POINT('Ctrl Pts',(10.1815810427063,1.17556316045395,0.761049846431701));
#11639=CARTESIAN_POINT('Ctrl Pts',(10.2160315148531,1.17556316045395,0.76244934521577));
#11640=CARTESIAN_POINT('Ctrl Pts',(10.2766911558105,1.17556316045395,0.720511176357402));
#11641=CARTESIAN_POINT('Ctrl Pts',(10.3797873454276,1.17556316045395,0.7259167153133));
#11642=CARTESIAN_POINT('Ctrl Pts',(10.4397928634155,1.17556316045395,0.729020392014481));
#11643=CARTESIAN_POINT('Ctrl Pts',(10.5190472208927,1.17556316045395,0.757726003416673));
#11644=CARTESIAN_POINT('Ctrl Pts',(10.4165326285525,1.17556316045395,0.737125391304364));
#11645=CARTESIAN_POINT('Ctrl Pts',(10.3638345923998,1.17556316045395,0.744160046337523));
#11646=CARTESIAN_POINT('Ctrl Pts',(10.2695716590843,1.17556316045395,0.749719459135667));
#11647=CARTESIAN_POINT('Ctrl Pts',(10.2224845631355,1.17556316045395,0.77355408029696));
#11648=CARTESIAN_POINT('Ctrl Pts',(10.1997120173897,1.17556316045395,0.785081123742532));
#11649=CARTESIAN_POINT('',(10.1997007535199,1.17556316045395,0.889494944745161));
#11650=CARTESIAN_POINT('',(10.1997120173897,1.17556316045395,0.785081123742532));
#11651=CARTESIAN_POINT('',(10.1890894371694,1.17556316045395,0.902670856535904));
#11652=CARTESIAN_POINT('',(10.1997007535199,1.17556316045395,0.889494944745161));
#11653=CARTESIAN_POINT('',(10.1997000025952,1.17556316045395,0.902671982922892));
#11654=CARTESIAN_POINT('',(10.1890894371694,1.17556316045395,0.902670856535904));
#11655=CARTESIAN_POINT('',(10.1997000025952,1.17556316045395,0.902671982922892));
#11656=CARTESIAN_POINT('Ctrl Pts',(10.1997007535199,1.17556316045395,0.889494944745161));
#11657=CARTESIAN_POINT('Ctrl Pts',(10.2169765622609,1.17556316045395,0.868045280231754));
#11658=CARTESIAN_POINT('Ctrl Pts',(10.2515280736156,1.17556316045395,0.825146082972898));
#11659=CARTESIAN_POINT('Ctrl Pts',(10.2860791524259,1.17556316045395,0.782246537341352));
#11660=CARTESIAN_POINT('Ctrl Pts',(10.303354638768,1.17556316045395,0.760796830410094));
#11661=CARTESIAN_POINT('',(9.97866082379198,1.17556316045395,0.840319610956164));
#11662=CARTESIAN_POINT('',(10.1125634561374,1.17556316045395,0.844730542400645));
#11663=CARTESIAN_POINT('Ctrl Pts',(9.97866082379198,1.17556316045395,0.840319610956164));
#11664=CARTESIAN_POINT('Ctrl Pts',(9.97815699691242,1.17556316045395,0.858908395084983));
#11665=CARTESIAN_POINT('Ctrl Pts',(9.98735436480409,1.17556316045395,0.896927121718432));
#11666=CARTESIAN_POINT('Ctrl Pts',(10.0432762917803,1.17556316045395,0.921013471756998));
#11667=CARTESIAN_POINT('Ctrl Pts',(10.1000478544636,1.17556316045395,0.900487230719275));
#11668=CARTESIAN_POINT('Ctrl Pts',(10.1121623991996,1.17556316045395,0.863296191833169));
#11669=CARTESIAN_POINT('Ctrl Pts',(10.1125634561374,1.17556316045395,0.844730542400645));
#11670=CARTESIAN_POINT('Ctrl Pts',(10.1125634561374,1.17556316045395,0.844730542400677));
#11671=CARTESIAN_POINT('Ctrl Pts',(10.1022906293342,1.17556316045395,0.857597748617954));
#11672=CARTESIAN_POINT('Ctrl Pts',(10.0890704567191,1.17556316045395,0.874156646234525));
#11673=CARTESIAN_POINT('Ctrl Pts',(10.0579261418124,1.17556316045395,0.875269424687238));
#11674=CARTESIAN_POINT('Ctrl Pts',(10.0557558345587,1.17556316045395,0.860960194025514));
#11675=CARTESIAN_POINT('Ctrl Pts',(10.0589981376056,1.17556316045395,0.839967436740094));
#11676=CARTESIAN_POINT('Ctrl Pts',(10.0537245744149,1.17556316045395,0.845835207053025));
#11677=CARTESIAN_POINT('Ctrl Pts',(10.0528871859084,1.17556316045395,0.849368904719052));
#11678=CARTESIAN_POINT('Ctrl Pts',(10.0519655328304,1.17556316045395,0.852999974735841));
#11679=CARTESIAN_POINT('Ctrl Pts',(10.0433976453639,1.17556316045395,0.862149644716721));
#11680=CARTESIAN_POINT('Ctrl Pts',(10.0459587655919,1.17556316045395,0.796108556990035));
#11681=CARTESIAN_POINT('Ctrl Pts',(10.0402569954574,1.17556316045395,0.880253389083354));
#11682=CARTESIAN_POINT('Ctrl Pts',(10.0251932169131,1.17556316045395,0.830664142995715));
#11683=CARTESIAN_POINT('Ctrl Pts',(9.99916747949207,1.17556316045395,0.836064481490258));
#11684=CARTESIAN_POINT('Ctrl Pts',(9.97866082379199,1.17556316045395,0.840319610956141));
#11685=CARTESIAN_POINT('',(9.98063049917147,1.17556316045395,0.828963940537796));
#11686=CARTESIAN_POINT('',(10.1083440104808,1.17556316045395,0.822749569660065));
#11687=CARTESIAN_POINT('Ctrl Pts',(9.98063049917147,1.17556316045395,0.828963940537796));
#11688=CARTESIAN_POINT('Ctrl Pts',(9.99945432419894,1.17556316045395,0.824149693210664));
#11689=CARTESIAN_POINT('Ctrl Pts',(10.0239297841261,1.17556316045395,0.817890024022148));
#11690=CARTESIAN_POINT('Ctrl Pts',(10.035816586279,1.17556316045395,0.859915541702085));
#11691=CARTESIAN_POINT('Ctrl Pts',(10.0334096841272,1.17556316045395,0.833316687445288));
#11692=CARTESIAN_POINT('Ctrl Pts',(10.0522137451026,1.17556316045395,0.822771139632689));
#11693=CARTESIAN_POINT('Ctrl Pts',(10.048253414961,1.17556316045395,0.85277792049404));
#11694=CARTESIAN_POINT('Ctrl Pts',(10.0575368032266,1.17556316045395,0.826021875375739));
#11695=CARTESIAN_POINT('Ctrl Pts',(10.0607343631715,1.17556316045395,0.852184090614189));
#11696=CARTESIAN_POINT('Ctrl Pts',(10.0761229786186,1.17556316045395,0.876350429107337));
#11697=CARTESIAN_POINT('Ctrl Pts',(10.0939821723562,1.17556316045395,0.846641010195386));
#11698=CARTESIAN_POINT('Ctrl Pts',(10.1083440104808,1.17556316045395,0.822749569660065));
#11699=CARTESIAN_POINT('Ctrl Pts',(10.1083440104808,1.17556316045395,0.822749569660126));
#11700=CARTESIAN_POINT('Ctrl Pts',(10.0982703525376,1.17556316045395,0.796511384780332));
#11701=CARTESIAN_POINT('Ctrl Pts',(10.0410448289329,1.17556316045395,0.761466492731057));
#11702=CARTESIAN_POINT('Ctrl Pts',(9.9883763778314,1.17556316045395,0.801780832919419));
#11703=CARTESIAN_POINT('Ctrl Pts',(9.98063049917147,1.17556316045395,0.828963940537828));
#11704=CARTESIAN_POINT('Origin',(10.3134718466931,1.20556316045395,0.760797792532313));
#11705=CARTESIAN_POINT('',(10.3235890546183,1.20556316045395,0.760798754654531));
#11706=CARTESIAN_POINT('',(10.303354638768,1.20556316045395,0.760796830410094));
#11707=CARTESIAN_POINT('',(5.15675702153305,1.20556316045395,0.760307401315083));
#11708=CARTESIAN_POINT('',(10.3235890546183,1.20556316045395,0.760798754654531));
#11709=CARTESIAN_POINT('',(10.303354638768,1.20556316045395,0.760796830410094));
#11710=CARTESIAN_POINT('Ctrl Pts',(10.3235890546183,1.20556316045395,0.760798754654531));
#11711=CARTESIAN_POINT('Ctrl Pts',(10.3235890546183,1.17556316045395,0.760798754654531));
#11712=CARTESIAN_POINT('Ctrl Pts',(10.3235859257656,1.20556316045395,0.789587172298526));
#11713=CARTESIAN_POINT('Ctrl Pts',(10.3235859257656,1.17556316045395,0.789587172298526));
#11714=CARTESIAN_POINT('Ctrl Pts',(10.3235796680601,1.20556316045395,0.847164007538636));
#11715=CARTESIAN_POINT('Ctrl Pts',(10.3235796680601,1.17556316045395,0.847164007538636));
#11716=CARTESIAN_POINT('Ctrl Pts',(10.3235749122039,1.20556316045395,0.904740842922386));
#11717=CARTESIAN_POINT('Ctrl Pts',(10.3235749122039,1.17556316045395,0.904740842922386));
#11718=CARTESIAN_POINT('Ctrl Pts',(10.3235725342758,1.20556316045395,0.93352926059032));
#11719=CARTESIAN_POINT('Ctrl Pts',(10.3235725342758,1.17556316045395,0.93352926059032));
#11720=CARTESIAN_POINT('',(10.3235725342758,1.20556316045395,0.93352926059032));
#11721=CARTESIAN_POINT('Ctrl Pts',(10.3235725342758,1.20556316045395,0.93352926059032));
#11722=CARTESIAN_POINT('Ctrl Pts',(10.3235749122039,1.20556316045395,0.904740842922386));
#11723=CARTESIAN_POINT('Ctrl Pts',(10.3235796680601,1.20556316045395,0.847164007538636));
#11724=CARTESIAN_POINT('Ctrl Pts',(10.3235859257656,1.20556316045395,0.789587172298526));
#11725=CARTESIAN_POINT('Ctrl Pts',(10.3235890546183,1.20556316045395,0.760798754654531));
#11726=CARTESIAN_POINT('',(10.3235725342758,1.20556316045395,0.93352926059032));
#11727=CARTESIAN_POINT('Origin',(10.3112344666729,1.20556316045395,0.93352804033775));
#11728=CARTESIAN_POINT('',(10.29889639907,1.20556316045395,0.93352682008518));
#11729=CARTESIAN_POINT('',(5.15563063572867,1.20556316045395,0.933018143729291));
#11730=CARTESIAN_POINT('',(10.29889639907,1.20556316045395,0.93352682008518));
#11731=CARTESIAN_POINT('Origin',(10.2989027819296,1.20556316045395,0.869172623777014));
#11732=CARTESIAN_POINT('',(10.2989091647892,1.20556316045395,0.804818427468848));
#11733=CARTESIAN_POINT('',(10.2988861497712,1.20556316045395,1.03686379196118));
#11734=CARTESIAN_POINT('',(10.2989091647892,1.20556316045395,0.804818427468848));
#11735=CARTESIAN_POINT('Ctrl Pts',(10.2989091647892,1.20556316045395,0.804818427468848));
#11736=CARTESIAN_POINT('Ctrl Pts',(10.2989091647892,1.17556316045395,0.804818427468848));
#11737=CARTESIAN_POINT('Ctrl Pts',(10.2816339268451,1.20556316045395,0.826268148505504));
#11738=CARTESIAN_POINT('Ctrl Pts',(10.2816339268451,1.17556316045395,0.826268148505504));
#11739=CARTESIAN_POINT('Ctrl Pts',(10.2470833371904,1.20556316045395,0.869167731836659));
#11740=CARTESIAN_POINT('Ctrl Pts',(10.2470833371904,1.17556316045395,0.869167731836659));
#11741=CARTESIAN_POINT('Ctrl Pts',(10.212532337913,1.20556316045395,0.912066985261493));
#11742=CARTESIAN_POINT('Ctrl Pts',(10.212532337913,1.17556316045395,0.912066985261493));
#11743=CARTESIAN_POINT('Ctrl Pts',(10.1952567813903,1.20556316045395,0.933516682602289));
#11744=CARTESIAN_POINT('Ctrl Pts',(10.1952567813903,1.17556316045395,0.933516682602289));
#11745=CARTESIAN_POINT('',(10.1952567813903,1.20556316045395,0.933516682602289));
#11746=CARTESIAN_POINT('Ctrl Pts',(10.1952567813903,1.20556316045395,0.933516682602289));
#11747=CARTESIAN_POINT('Ctrl Pts',(10.212532337913,1.20556316045395,0.912066985261493));
#11748=CARTESIAN_POINT('Ctrl Pts',(10.2470833371904,1.20556316045395,0.869167731836659));
#11749=CARTESIAN_POINT('Ctrl Pts',(10.2816339268451,1.20556316045395,0.826268148505504));
#11750=CARTESIAN_POINT('Ctrl Pts',(10.2989091647892,1.20556316045395,0.804818427468848));
#11751=CARTESIAN_POINT('',(10.1952567813903,1.20556316045395,0.933516682602289));
#11752=CARTESIAN_POINT('Origin',(10.1851403243898,1.20556316045395,0.933515650080884));
#11753=CARTESIAN_POINT('',(10.1750238673893,1.20556316045395,0.933514617559478));
#11754=CARTESIAN_POINT('',(5.09258399473182,1.20556316045395,0.932995885758342));
#11755=CARTESIAN_POINT('',(10.1750238673893,1.20556316045395,0.933514617559478));
#11756=CARTESIAN_POINT('Origin',(10.1750294993243,1.20556316045395,0.866804535933367));
#11757=CARTESIAN_POINT('',(10.1750351312592,1.20556316045395,0.800094454307256));
#11758=CARTESIAN_POINT('',(10.1750152490536,1.20556316045395,1.03559851763531));
#11759=CARTESIAN_POINT('',(10.1750351312592,1.20556316045395,0.800094454307256));
#11760=CARTESIAN_POINT('Ctrl Pts',(10.1750351312592,1.20556316045395,0.800094454307256));
#11761=CARTESIAN_POINT('Ctrl Pts',(10.1750351312592,1.17556316045395,0.800094454307256));
#11762=CARTESIAN_POINT('Ctrl Pts',(10.1686852731999,1.20556316045395,0.804269747543492));
#11763=CARTESIAN_POINT('Ctrl Pts',(10.1686852731999,1.17556316045395,0.804269747543492));
#11764=CARTESIAN_POINT('Ctrl Pts',(10.1552440176607,1.20556316045395,0.813107926730342));
#11765=CARTESIAN_POINT('Ctrl Pts',(10.1552440176607,1.17556316045395,0.813107926730342));
#11766=CARTESIAN_POINT('Ctrl Pts',(10.1422205127302,1.20556316045395,0.822551391551951));
#11767=CARTESIAN_POINT('Ctrl Pts',(10.1422205127302,1.17556316045395,0.822551391551951));
#11768=CARTESIAN_POINT('Ctrl Pts',(10.1353495139775,1.20556316045395,0.827533616794376));
#11769=CARTESIAN_POINT('Ctrl Pts',(10.1353495139775,1.17556316045395,0.827533616794376));
#11770=CARTESIAN_POINT('',(10.1353495139775,1.20556316045395,0.827533616794376));
#11771=CARTESIAN_POINT('Ctrl Pts',(10.1353495139775,1.20556316045395,0.827533616794376));
#11772=CARTESIAN_POINT('Ctrl Pts',(10.1422205127302,1.20556316045395,0.822551391551951));
#11773=CARTESIAN_POINT('Ctrl Pts',(10.1552440176607,1.20556316045395,0.813107926730342));
#11774=CARTESIAN_POINT('Ctrl Pts',(10.1686852731999,1.20556316045395,0.804269747543492));
#11775=CARTESIAN_POINT('Ctrl Pts',(10.1750351312592,1.20556316045395,0.800094454307256));
#11776=CARTESIAN_POINT('',(10.1353495139775,1.20556316045395,0.827533616794376));
#11777=CARTESIAN_POINT('Ctrl Pts',(10.1353495139775,1.20556316045395,0.827533616794382));
#11778=CARTESIAN_POINT('Ctrl Pts',(10.1353495139775,1.17556316045395,0.827533616794382));
#11779=CARTESIAN_POINT('Ctrl Pts',(10.1385574403685,1.20556316045395,0.854885392796997));
#11780=CARTESIAN_POINT('Ctrl Pts',(10.1385574403685,1.17556316045395,0.854885392796997));
#11781=CARTESIAN_POINT('Ctrl Pts',(10.1295462453128,1.20556316045395,0.912639738783197));
#11782=CARTESIAN_POINT('Ctrl Pts',(10.1295462453128,1.17556316045395,0.912639738783197));
#11783=CARTESIAN_POINT('Ctrl Pts',(10.0486185481879,1.20556316045395,0.945607610397159));
#11784=CARTESIAN_POINT('Ctrl Pts',(10.0486185481879,1.17556316045395,0.945607610397159));
#11785=CARTESIAN_POINT('Ctrl Pts',(9.97204872674789,1.20556316045395,0.918006749388874));
#11786=CARTESIAN_POINT('Ctrl Pts',(9.97204872674789,1.17556316045395,0.918006749388874));
#11787=CARTESIAN_POINT('Ctrl Pts',(9.95466573797982,1.20556316045395,0.87034025144063));
#11788=CARTESIAN_POINT('Ctrl Pts',(9.95466573797982,1.17556316045395,0.87034025144063));
#11789=CARTESIAN_POINT('Ctrl Pts',(9.95369408074326,1.20556316045395,0.845938498579612));
#11790=CARTESIAN_POINT('Ctrl Pts',(9.95369408074326,1.17556316045395,0.845938498579612));
#11791=CARTESIAN_POINT('',(9.95369408074326,1.20556316045395,0.845938498579612));
#11792=CARTESIAN_POINT('Ctrl Pts',(9.95369408074326,1.20556316045395,0.845938498579612));
#11793=CARTESIAN_POINT('Ctrl Pts',(9.95466573797982,1.20556316045395,0.87034025144063));
#11794=CARTESIAN_POINT('Ctrl Pts',(9.97204872674789,1.20556316045395,0.918006749388874));
#11795=CARTESIAN_POINT('Ctrl Pts',(10.0486185481879,1.20556316045395,0.945607610397159));
#11796=CARTESIAN_POINT('Ctrl Pts',(10.1295462453128,1.20556316045395,0.912639738783197));
#11797=CARTESIAN_POINT('Ctrl Pts',(10.1385574403685,1.20556316045395,0.854885392796997));
#11798=CARTESIAN_POINT('Ctrl Pts',(10.1353495139775,1.20556316045395,0.827533616794382));
#11799=CARTESIAN_POINT('',(9.95369408074326,1.20556316045395,0.845938498579612));
#11800=CARTESIAN_POINT('Ctrl Pts',(9.95369408074326,1.20556316045395,0.845938498579611));
#11801=CARTESIAN_POINT('Ctrl Pts',(9.95369408074326,1.17556316045395,0.845938498579611));
#11802=CARTESIAN_POINT('Ctrl Pts',(9.94278761772671,1.20556316045395,0.847533708740899));
#11803=CARTESIAN_POINT('Ctrl Pts',(9.94278761772671,1.17556316045395,0.847533708740899));
#11804=CARTESIAN_POINT('Ctrl Pts',(9.91876403625185,1.20556316045395,0.851047465787621));
#11805=CARTESIAN_POINT('Ctrl Pts',(9.91876403625185,1.17556316045395,0.851047465787621));
#11806=CARTESIAN_POINT('Ctrl Pts',(9.89474822586879,1.20556316045395,0.84725859077328));
#11807=CARTESIAN_POINT('Ctrl Pts',(9.89474822586879,1.17556316045395,0.84725859077328));
#11808=CARTESIAN_POINT('Ctrl Pts',(9.8816353505052,1.20556316045395,0.845189826694999));
#11809=CARTESIAN_POINT('Ctrl Pts',(9.8816353505052,1.17556316045395,0.845189826694999));
#11810=CARTESIAN_POINT('',(9.8816353505052,1.20556316045395,0.845189826694999));
#11811=CARTESIAN_POINT('Ctrl Pts',(9.8816353505052,1.20556316045395,0.845189826694999));
#11812=CARTESIAN_POINT('Ctrl Pts',(9.89474822586879,1.20556316045395,0.84725859077328));
#11813=CARTESIAN_POINT('Ctrl Pts',(9.91876403625185,1.20556316045395,0.851047465787621));
#11814=CARTESIAN_POINT('Ctrl Pts',(9.94278761772671,1.20556316045395,0.847533708740899));
#11815=CARTESIAN_POINT('Ctrl Pts',(9.95369408074326,1.20556316045395,0.845938498579611));
#11816=CARTESIAN_POINT('',(9.8816353505052,1.20556316045395,0.845189826694999));
#11817=CARTESIAN_POINT('Origin',(9.88163234680656,1.20556316045395,0.878604190556083));
#11818=CARTESIAN_POINT('',(9.88162934310793,1.20556316045395,0.912018554417167));
#11819=CARTESIAN_POINT('',(9.88161770253845,1.20556316045395,1.04151297827061));
#11820=CARTESIAN_POINT('',(9.88162934310793,1.20556316045395,0.912018554417167));
#11821=CARTESIAN_POINT('Origin',(9.91124055517001,1.20556316045395,0.91202151118301));
#11822=CARTESIAN_POINT('',(9.9408517672321,1.20556316045395,0.912024467948853));
#11823=CARTESIAN_POINT('',(4.95563488115555,1.20556316045395,0.911526679510517));
#11824=CARTESIAN_POINT('',(9.9408517672321,1.20556316045395,0.912024467948853));
#11825=CARTESIAN_POINT('Origin',(9.94085064084511,1.20556316045395,0.922757950354749));
#11826=CARTESIAN_POINT('',(9.94084951445812,1.20556316045395,0.933491432760644));
#11827=CARTESIAN_POINT('',(9.94083585361448,1.20556316045395,1.0636673194613));
#11828=CARTESIAN_POINT('',(9.94084951445812,1.20556316045395,0.933491432760644));
#11829=CARTESIAN_POINT('Origin',(9.86941217437504,1.20556316045395,0.93348439284197));
#11830=CARTESIAN_POINT('',(9.79797483429195,1.20556316045395,0.933477352923296));
#11831=CARTESIAN_POINT('',(4.93471944134263,1.20556316045395,0.932998094843156));
#11832=CARTESIAN_POINT('',(9.79797483429195,1.20556316045395,0.933477352923296));
#11833=CARTESIAN_POINT('Origin',(9.79797596067894,1.20556316045395,0.922743823584609));
#11834=CARTESIAN_POINT('',(9.79797708706593,1.20556316045395,0.912010294245923));
#11835=CARTESIAN_POINT('',(9.79796117355868,1.20556316045395,1.06365275709171));
#11836=CARTESIAN_POINT('',(9.79797708706593,1.20556316045395,0.912010294245923));
#11837=CARTESIAN_POINT('Origin',(9.82758867459034,1.20556316045395,0.912013204078975));
#11838=CARTESIAN_POINT('',(9.85720026211476,1.20556316045395,0.912016113912027));
#11839=CARTESIAN_POINT('',(4.91380870811262,1.20556316045395,0.911530343126482));
#11840=CARTESIAN_POINT('',(9.85720026211476,1.20556316045395,0.912016113912027));
#11841=CARTESIAN_POINT('Origin',(9.85720401673805,1.20556316045395,0.875235495604868));
#11842=CARTESIAN_POINT('',(9.85720777136134,1.20556316045395,0.838454877297709));
#11843=CARTESIAN_POINT('',(9.85718720879179,1.20556316045395,1.03988760781872));
#11844=CARTESIAN_POINT('',(9.85720777136134,1.20556316045395,0.838454877297709));
#11845=CARTESIAN_POINT('Ctrl Pts',(9.85720777136134,1.20556316045395,0.838454877297709));
#11846=CARTESIAN_POINT('Ctrl Pts',(9.85720777136134,1.17556316045395,0.838454877297709));
#11847=CARTESIAN_POINT('Ctrl Pts',(9.84389361852922,1.20556316045395,0.83360991441906));
#11848=CARTESIAN_POINT('Ctrl Pts',(9.84389361852922,1.17556316045395,0.83360991441906));
#11849=CARTESIAN_POINT('Ctrl Pts',(9.79508267771114,1.20556316045395,0.809330844213599));
#11850=CARTESIAN_POINT('Ctrl Pts',(9.79508267771114,1.17556316045395,0.809330844213599));
#11851=CARTESIAN_POINT('Ctrl Pts',(9.8444441146723,1.20556316045395,0.828608460589372));
#11852=CARTESIAN_POINT('Ctrl Pts',(9.8444441146723,1.17556316045395,0.828608460589372));
#11853=CARTESIAN_POINT('Ctrl Pts',(9.85720777136134,1.20556316045395,0.831992325820322));
#11854=CARTESIAN_POINT('Ctrl Pts',(9.85720777136134,1.17556316045395,0.831992325820322));
#11855=CARTESIAN_POINT('',(9.85720777136134,1.20556316045395,0.831992325820322));
#11856=CARTESIAN_POINT('Ctrl Pts',(9.85720777136134,1.20556316045395,0.831992325820322));
#11857=CARTESIAN_POINT('Ctrl Pts',(9.8444441146723,1.20556316045395,0.828608460589372));
#11858=CARTESIAN_POINT('Ctrl Pts',(9.79508267771114,1.20556316045395,0.809330844213599));
#11859=CARTESIAN_POINT('Ctrl Pts',(9.84389361852922,1.20556316045395,0.83360991441906));
#11860=CARTESIAN_POINT('Ctrl Pts',(9.85720777136134,1.20556316045395,0.838454877297709));
#11861=CARTESIAN_POINT('',(9.85720777136134,1.20556316045395,0.831992325820322));
#11862=CARTESIAN_POINT('Origin',(9.85721152598463,1.20556316045395,0.796372496236966));
#11863=CARTESIAN_POINT('',(9.85721528060793,1.20556316045395,0.760752666653611));
#11864=CARTESIAN_POINT('',(9.8571900121635,1.20556316045395,1.00047250377199));
#11865=CARTESIAN_POINT('',(9.85721528060793,1.20556316045395,0.760752666653611));
#11866=CARTESIAN_POINT('Origin',(9.86942944564218,1.20556316045395,0.760753863439785));
#11867=CARTESIAN_POINT('',(9.88164361067644,1.20556316045395,0.76075506022596));
#11868=CARTESIAN_POINT('',(4.93473646273797,1.20556316045395,0.760270345137765));
#11869=CARTESIAN_POINT('',(9.88164361067644,1.20556316045395,0.76075506022596));
#11870=CARTESIAN_POINT('Origin',(9.88164023151548,1.20556316045395,0.798710242031127));
#11871=CARTESIAN_POINT('',(9.88163685235451,1.20556316045395,0.836665423836295));
#11872=CARTESIAN_POINT('',(9.88162217158676,1.20556316045395,1.00156174436817));
#11873=CARTESIAN_POINT('',(9.88163685235451,1.20556316045395,0.836665423836295));
#11874=CARTESIAN_POINT('Ctrl Pts',(9.88163685235451,1.20556316045395,0.836665423836295));
#11875=CARTESIAN_POINT('Ctrl Pts',(9.88163685235451,1.17556316045395,0.836665423836295));
#11876=CARTESIAN_POINT('Ctrl Pts',(9.8956477435406,1.20556316045395,0.837753075125672));
#11877=CARTESIAN_POINT('Ctrl Pts',(9.8956477435406,1.17556316045395,0.837753075125672));
#11878=CARTESIAN_POINT('Ctrl Pts',(9.92016723789789,1.20556316045395,0.83965649863374));
#11879=CARTESIAN_POINT('Ctrl Pts',(9.92016723789789,1.17556316045395,0.83965649863374));
#11880=CARTESIAN_POINT('Ctrl Pts',(9.94431289030077,1.20556316045395,0.835197562345188));
#11881=CARTESIAN_POINT('Ctrl Pts',(9.94431289030077,1.17556316045395,0.835197562345188));
#11882=CARTESIAN_POINT('Ctrl Pts',(9.95466127170352,1.20556316045395,0.833286544469398));
#11883=CARTESIAN_POINT('Ctrl Pts',(9.95466127170352,1.17556316045395,0.833286544469398));
#11884=CARTESIAN_POINT('',(9.95466127170352,1.20556316045395,0.833286544469398));
#11885=CARTESIAN_POINT('Ctrl Pts',(9.95466127170352,1.20556316045395,0.833286544469398));
#11886=CARTESIAN_POINT('Ctrl Pts',(9.94431289030077,1.20556316045395,0.835197562345188));
#11887=CARTESIAN_POINT('Ctrl Pts',(9.92016723789789,1.20556316045395,0.83965649863374));
#11888=CARTESIAN_POINT('Ctrl Pts',(9.8956477435406,1.20556316045395,0.837753075125672));
#11889=CARTESIAN_POINT('Ctrl Pts',(9.88163685235451,1.20556316045395,0.836665423836295));
#11890=CARTESIAN_POINT('',(9.95466127170352,1.20556316045395,0.833286544469398));
#11891=CARTESIAN_POINT('Ctrl Pts',(9.95466127170352,1.20556316045395,0.833286544469392));
#11892=CARTESIAN_POINT('Ctrl Pts',(9.95466127170352,1.17556316045395,0.833286544469392));
#11893=CARTESIAN_POINT('Ctrl Pts',(9.95813014081288,1.20556316045395,0.814156808958422));
#11894=CARTESIAN_POINT('Ctrl Pts',(9.95813014081288,1.17556316045395,0.814156808958422));
#11895=CARTESIAN_POINT('Ctrl Pts',(9.97484738516535,1.20556316045395,0.779349459582312));
#11896=CARTESIAN_POINT('Ctrl Pts',(9.97484738516535,1.17556316045395,0.779349459582312));
#11897=CARTESIAN_POINT('Ctrl Pts',(10.0500423486574,1.20556316045395,0.744989092456337));
#11898=CARTESIAN_POINT('Ctrl Pts',(10.0500423486574,1.17556316045395,0.744989092456337));
#11899=CARTESIAN_POINT('Ctrl Pts',(10.1079918986384,1.20556316045395,0.771803181129961));
#11900=CARTESIAN_POINT('Ctrl Pts',(10.1079918986384,1.17556316045395,0.771803181129961));
#11901=CARTESIAN_POINT('Ctrl Pts',(10.1275308864323,1.20556316045395,0.805553958171975));
#11902=CARTESIAN_POINT('Ctrl Pts',(10.1275308864323,1.17556316045395,0.805553958171975));
#11903=CARTESIAN_POINT('',(10.1275308864323,1.20556316045395,0.805553958171975));
#11904=CARTESIAN_POINT('Ctrl Pts',(10.1275308864323,1.20556316045395,0.805553958171975));
#11905=CARTESIAN_POINT('Ctrl Pts',(10.1079918986384,1.20556316045395,0.771803181129961));
#11906=CARTESIAN_POINT('Ctrl Pts',(10.0500423486574,1.20556316045395,0.744989092456337));
#11907=CARTESIAN_POINT('Ctrl Pts',(9.97484738516535,1.20556316045395,0.779349459582312));
#11908=CARTESIAN_POINT('Ctrl Pts',(9.95813014081288,1.20556316045395,0.814156808958422));
#11909=CARTESIAN_POINT('Ctrl Pts',(9.95466127170352,1.20556316045395,0.833286544469392));
#11910=CARTESIAN_POINT('',(10.1275308864323,1.20556316045395,0.805553958171975));
#11911=CARTESIAN_POINT('Ctrl Pts',(10.1275308864323,1.20556316045395,0.805553958171935));
#11912=CARTESIAN_POINT('Ctrl Pts',(10.1275308864323,1.17556316045395,0.805553958171935));
#11913=CARTESIAN_POINT('Ctrl Pts',(10.1351367361728,1.20556316045395,0.799342877477197));
#11914=CARTESIAN_POINT('Ctrl Pts',(10.1351367361728,1.17556316045395,0.799342877477197));
#11915=CARTESIAN_POINT('Ctrl Pts',(10.1502651348369,1.20556316045395,0.786988741109574));
#11916=CARTESIAN_POINT('Ctrl Pts',(10.1502651348369,1.17556316045395,0.786988741109574));
#11917=CARTESIAN_POINT('Ctrl Pts',(10.1668108365336,1.20556316045395,0.776609818276274));
#11918=CARTESIAN_POINT('Ctrl Pts',(10.1668108365336,1.17556316045395,0.776609818276274));
#11919=CARTESIAN_POINT('Ctrl Pts',(10.1750381349579,1.20556316045395,0.771448931356115));
#11920=CARTESIAN_POINT('Ctrl Pts',(10.1750381349579,1.17556316045395,0.771448931356115));
#11921=CARTESIAN_POINT('',(10.1750381349579,1.20556316045395,0.771448931356115));
#11922=CARTESIAN_POINT('Ctrl Pts',(10.1750381349579,1.20556316045395,0.771448931356115));
#11923=CARTESIAN_POINT('Ctrl Pts',(10.1668108365336,1.20556316045395,0.776609818276274));
#11924=CARTESIAN_POINT('Ctrl Pts',(10.1502651348369,1.20556316045395,0.786988741109574));
#11925=CARTESIAN_POINT('Ctrl Pts',(10.1351367361728,1.20556316045395,0.799342877477197));
#11926=CARTESIAN_POINT('Ctrl Pts',(10.1275308864323,1.20556316045395,0.805553958171935));
#11927=CARTESIAN_POINT('',(10.1750381349579,1.20556316045395,0.771448931356115));
#11928=CARTESIAN_POINT('Origin',(10.1750388858825,1.20556316045395,0.766116521489902));
#11929=CARTESIAN_POINT('',(10.1750396368072,1.20556316045395,0.760784111623689));
#11930=CARTESIAN_POINT('',(10.1750079858609,1.20556316045395,0.985541437204606));
#11931=CARTESIAN_POINT('',(10.1750396368072,1.20556316045395,0.760784111623689));
#11932=CARTESIAN_POINT('Ctrl Pts',(10.1750396368072,1.20556316045395,0.760784111623689));
#11933=CARTESIAN_POINT('Ctrl Pts',(10.1750396368072,1.17556316045395,0.760784111623689));
#11934=CARTESIAN_POINT('Ctrl Pts',(10.1815810427063,1.20556316045395,0.761049846431701));
#11935=CARTESIAN_POINT('Ctrl Pts',(10.1815810427063,1.17556316045395,0.761049846431701));
#11936=CARTESIAN_POINT('Ctrl Pts',(10.2160315148531,1.20556316045395,0.76244934521577));
#11937=CARTESIAN_POINT('Ctrl Pts',(10.2160315148531,1.17556316045395,0.76244934521577));
#11938=CARTESIAN_POINT('Ctrl Pts',(10.2766911558105,1.20556316045395,0.720511176357402));
#11939=CARTESIAN_POINT('Ctrl Pts',(10.2766911558105,1.17556316045395,0.720511176357402));
#11940=CARTESIAN_POINT('Ctrl Pts',(10.3797873454276,1.20556316045395,0.7259167153133));
#11941=CARTESIAN_POINT('Ctrl Pts',(10.3797873454276,1.17556316045395,0.7259167153133));
#11942=CARTESIAN_POINT('Ctrl Pts',(10.4397928634155,1.20556316045395,0.729020392014481));
#11943=CARTESIAN_POINT('Ctrl Pts',(10.4397928634155,1.17556316045395,0.729020392014481));
#11944=CARTESIAN_POINT('Ctrl Pts',(10.5190472208927,1.20556316045395,0.757726003416673));
#11945=CARTESIAN_POINT('Ctrl Pts',(10.5190472208927,1.17556316045395,0.757726003416673));
#11946=CARTESIAN_POINT('Ctrl Pts',(10.4165326285525,1.20556316045395,0.737125391304364));
#11947=CARTESIAN_POINT('Ctrl Pts',(10.4165326285525,1.17556316045395,0.737125391304364));
#11948=CARTESIAN_POINT('Ctrl Pts',(10.3638345923998,1.20556316045395,0.744160046337523));
#11949=CARTESIAN_POINT('Ctrl Pts',(10.3638345923998,1.17556316045395,0.744160046337523));
#11950=CARTESIAN_POINT('Ctrl Pts',(10.2695716590843,1.20556316045395,0.749719459135667));
#11951=CARTESIAN_POINT('Ctrl Pts',(10.2695716590843,1.17556316045395,0.749719459135667));
#11952=CARTESIAN_POINT('Ctrl Pts',(10.2224845631355,1.20556316045395,0.77355408029696));
#11953=CARTESIAN_POINT('Ctrl Pts',(10.2224845631355,1.17556316045395,0.77355408029696));
#11954=CARTESIAN_POINT('Ctrl Pts',(10.1997120173897,1.20556316045395,0.785081123742532));
#11955=CARTESIAN_POINT('Ctrl Pts',(10.1997120173897,1.17556316045395,0.785081123742532));
#11956=CARTESIAN_POINT('',(10.1997120173897,1.20556316045395,0.785081123742532));
#11957=CARTESIAN_POINT('Ctrl Pts',(10.1997120173897,1.20556316045395,0.785081123742532));
#11958=CARTESIAN_POINT('Ctrl Pts',(10.2224845631355,1.20556316045395,0.77355408029696));
#11959=CARTESIAN_POINT('Ctrl Pts',(10.2695716590843,1.20556316045395,0.749719459135667));
#11960=CARTESIAN_POINT('Ctrl Pts',(10.3638345923998,1.20556316045395,0.744160046337523));
#11961=CARTESIAN_POINT('Ctrl Pts',(10.4165326285525,1.20556316045395,0.737125391304364));
#11962=CARTESIAN_POINT('Ctrl Pts',(10.5190472208927,1.20556316045395,0.757726003416673));
#11963=CARTESIAN_POINT('Ctrl Pts',(10.4397928634155,1.20556316045395,0.729020392014481));
#11964=CARTESIAN_POINT('Ctrl Pts',(10.3797873454276,1.20556316045395,0.7259167153133));
#11965=CARTESIAN_POINT('Ctrl Pts',(10.2766911558105,1.20556316045395,0.720511176357402));
#11966=CARTESIAN_POINT('Ctrl Pts',(10.2160315148531,1.20556316045395,0.76244934521577));
#11967=CARTESIAN_POINT('Ctrl Pts',(10.1815810427063,1.20556316045395,0.761049846431701));
#11968=CARTESIAN_POINT('Ctrl Pts',(10.1750396368072,1.20556316045395,0.760784111623689));
#11969=CARTESIAN_POINT('',(10.1997120173897,1.20556316045395,0.785081123742532));
#11970=CARTESIAN_POINT('Origin',(10.1997063854548,1.20556316045395,0.837288034243846));
#11971=CARTESIAN_POINT('',(10.1997007535199,1.20556316045395,0.889494944745161));
#11972=CARTESIAN_POINT('',(10.19968657134,1.20556316045395,1.02096091512661));
#11973=CARTESIAN_POINT('',(10.1997007535199,1.20556316045395,0.889494944745161));
#11974=CARTESIAN_POINT('Origin',(10.1943950953446,1.20556316045395,0.896082900640533));
#11975=CARTESIAN_POINT('',(10.1890894371694,1.20556316045395,0.902670856535904));
#11976=CARTESIAN_POINT('',(8.11393463565437,1.20556316045395,3.47935933831937));
#11977=CARTESIAN_POINT('',(10.1890894371694,1.20556316045395,0.902670856535904));
#11978=CARTESIAN_POINT('Origin',(10.1943947198823,1.20556316045395,0.902671419729398));
#11979=CARTESIAN_POINT('',(10.1997000025952,1.20556316045395,0.902671982922892));
#11980=CARTESIAN_POINT('',(5.09721338670701,1.20556316045395,0.902130317677044));
#11981=CARTESIAN_POINT('',(10.1997000025952,1.20556316045395,0.902671982922892));
#11982=CARTESIAN_POINT('Origin',(10.1997003780575,1.20556316045395,0.896083463834027));
#11983=CARTESIAN_POINT('',(10.1996916011125,1.20556316045395,1.05009910072812));
#11984=CARTESIAN_POINT('',(10.1997007535199,1.20556316045395,0.889494944745161));
#11985=CARTESIAN_POINT('Ctrl Pts',(10.1997007535199,1.20556316045395,0.889494944745161));
#11986=CARTESIAN_POINT('Ctrl Pts',(10.1997007535199,1.17556316045395,0.889494944745161));
#11987=CARTESIAN_POINT('Ctrl Pts',(10.2169765622609,1.20556316045395,0.868045280231754));
#11988=CARTESIAN_POINT('Ctrl Pts',(10.2169765622609,1.17556316045395,0.868045280231754));
#11989=CARTESIAN_POINT('Ctrl Pts',(10.2515280736156,1.20556316045395,0.825146082972898));
#11990=CARTESIAN_POINT('Ctrl Pts',(10.2515280736156,1.17556316045395,0.825146082972898));
#11991=CARTESIAN_POINT('Ctrl Pts',(10.2860791524259,1.20556316045395,0.782246537341352));
#11992=CARTESIAN_POINT('Ctrl Pts',(10.2860791524259,1.17556316045395,0.782246537341352));
#11993=CARTESIAN_POINT('Ctrl Pts',(10.303354638768,1.20556316045395,0.760796830410094));
#11994=CARTESIAN_POINT('Ctrl Pts',(10.303354638768,1.17556316045395,0.760796830410094));
#11995=CARTESIAN_POINT('Ctrl Pts',(10.303354638768,1.20556316045395,0.760796830410094));
#11996=CARTESIAN_POINT('Ctrl Pts',(10.2860791524259,1.20556316045395,0.782246537341352));
#11997=CARTESIAN_POINT('Ctrl Pts',(10.2515280736156,1.20556316045395,0.825146082972898));
#11998=CARTESIAN_POINT('Ctrl Pts',(10.2169765622609,1.20556316045395,0.868045280231754));
#11999=CARTESIAN_POINT('Ctrl Pts',(10.1997007535199,1.20556316045395,0.889494944745161));
#12000=CARTESIAN_POINT('Ctrl Pts',(9.97866082379198,1.20556316045395,0.840319610956164));
#12001=CARTESIAN_POINT('Ctrl Pts',(9.97866082379198,1.17556316045395,0.840319610956164));
#12002=CARTESIAN_POINT('Ctrl Pts',(9.97815699691242,1.20556316045395,0.858908395084983));
#12003=CARTESIAN_POINT('Ctrl Pts',(9.97815699691242,1.17556316045395,0.858908395084983));
#12004=CARTESIAN_POINT('Ctrl Pts',(9.98735436480409,1.20556316045395,0.896927121718432));
#12005=CARTESIAN_POINT('Ctrl Pts',(9.98735436480409,1.17556316045395,0.896927121718432));
#12006=CARTESIAN_POINT('Ctrl Pts',(10.0432762917803,1.20556316045395,0.921013471756998));
#12007=CARTESIAN_POINT('Ctrl Pts',(10.0432762917803,1.17556316045395,0.921013471756998));
#12008=CARTESIAN_POINT('Ctrl Pts',(10.1000478544636,1.20556316045395,0.900487230719275));
#12009=CARTESIAN_POINT('Ctrl Pts',(10.1000478544636,1.17556316045395,0.900487230719275));
#12010=CARTESIAN_POINT('Ctrl Pts',(10.1121623991996,1.20556316045395,0.863296191833169));
#12011=CARTESIAN_POINT('Ctrl Pts',(10.1121623991996,1.17556316045395,0.863296191833169));
#12012=CARTESIAN_POINT('Ctrl Pts',(10.1125634561374,1.20556316045395,0.844730542400645));
#12013=CARTESIAN_POINT('Ctrl Pts',(10.1125634561374,1.17556316045395,0.844730542400645));
#12014=CARTESIAN_POINT('',(10.1125634561374,1.20556316045395,0.844730542400645));
#12015=CARTESIAN_POINT('',(9.97866082379198,1.20556316045395,0.840319610956164));
#12016=CARTESIAN_POINT('Ctrl Pts',(10.1125634561374,1.20556316045395,0.844730542400645));
#12017=CARTESIAN_POINT('Ctrl Pts',(10.1121623991996,1.20556316045395,0.863296191833169));
#12018=CARTESIAN_POINT('Ctrl Pts',(10.1000478544636,1.20556316045395,0.900487230719275));
#12019=CARTESIAN_POINT('Ctrl Pts',(10.0432762917803,1.20556316045395,0.921013471756998));
#12020=CARTESIAN_POINT('Ctrl Pts',(9.98735436480409,1.20556316045395,0.896927121718432));
#12021=CARTESIAN_POINT('Ctrl Pts',(9.97815699691242,1.20556316045395,0.858908395084983));
#12022=CARTESIAN_POINT('Ctrl Pts',(9.97866082379198,1.20556316045395,0.840319610956164));
#12023=CARTESIAN_POINT('',(10.1125634561374,1.20556316045395,0.844730542400645));
#12024=CARTESIAN_POINT('',(9.97866082379198,1.20556316045395,0.840319610956164));
#12025=CARTESIAN_POINT('Ctrl Pts',(10.1125634561374,1.20556316045395,0.844730542400677));
#12026=CARTESIAN_POINT('Ctrl Pts',(10.1125634561374,1.17556316045395,0.844730542400677));
#12027=CARTESIAN_POINT('Ctrl Pts',(10.1022906293342,1.20556316045395,0.857597748617954));
#12028=CARTESIAN_POINT('Ctrl Pts',(10.1022906293342,1.17556316045395,0.857597748617954));
#12029=CARTESIAN_POINT('Ctrl Pts',(10.0890704567191,1.20556316045395,0.874156646234525));
#12030=CARTESIAN_POINT('Ctrl Pts',(10.0890704567191,1.17556316045395,0.874156646234525));
#12031=CARTESIAN_POINT('Ctrl Pts',(10.0579261418124,1.20556316045395,0.875269424687238));
#12032=CARTESIAN_POINT('Ctrl Pts',(10.0579261418124,1.17556316045395,0.875269424687238));
#12033=CARTESIAN_POINT('Ctrl Pts',(10.0557558345587,1.20556316045395,0.860960194025514));
#12034=CARTESIAN_POINT('Ctrl Pts',(10.0557558345587,1.17556316045395,0.860960194025514));
#12035=CARTESIAN_POINT('Ctrl Pts',(10.0589981376056,1.20556316045395,0.839967436740094));
#12036=CARTESIAN_POINT('Ctrl Pts',(10.0589981376056,1.17556316045395,0.839967436740094));
#12037=CARTESIAN_POINT('Ctrl Pts',(10.0537245744149,1.20556316045395,0.845835207053025));
#12038=CARTESIAN_POINT('Ctrl Pts',(10.0537245744149,1.17556316045395,0.845835207053025));
#12039=CARTESIAN_POINT('Ctrl Pts',(10.0528871859084,1.20556316045395,0.849368904719052));
#12040=CARTESIAN_POINT('Ctrl Pts',(10.0528871859084,1.17556316045395,0.849368904719052));
#12041=CARTESIAN_POINT('Ctrl Pts',(10.0519655328304,1.20556316045395,0.852999974735841));
#12042=CARTESIAN_POINT('Ctrl Pts',(10.0519655328304,1.17556316045395,0.852999974735841));
#12043=CARTESIAN_POINT('Ctrl Pts',(10.0433976453639,1.20556316045395,0.862149644716721));
#12044=CARTESIAN_POINT('Ctrl Pts',(10.0433976453639,1.17556316045395,0.862149644716721));
#12045=CARTESIAN_POINT('Ctrl Pts',(10.0459587655919,1.20556316045395,0.796108556990035));
#12046=CARTESIAN_POINT('Ctrl Pts',(10.0459587655919,1.17556316045395,0.796108556990035));
#12047=CARTESIAN_POINT('Ctrl Pts',(10.0402569954574,1.20556316045395,0.880253389083354));
#12048=CARTESIAN_POINT('Ctrl Pts',(10.0402569954574,1.17556316045395,0.880253389083354));
#12049=CARTESIAN_POINT('Ctrl Pts',(10.0251932169131,1.20556316045395,0.830664142995715));
#12050=CARTESIAN_POINT('Ctrl Pts',(10.0251932169131,1.17556316045395,0.830664142995715));
#12051=CARTESIAN_POINT('Ctrl Pts',(9.99916747949207,1.20556316045395,0.836064481490258));
#12052=CARTESIAN_POINT('Ctrl Pts',(9.99916747949207,1.17556316045395,0.836064481490258));
#12053=CARTESIAN_POINT('Ctrl Pts',(9.97866082379199,1.20556316045395,0.840319610956141));
#12054=CARTESIAN_POINT('Ctrl Pts',(9.97866082379199,1.17556316045395,0.840319610956141));
#12055=CARTESIAN_POINT('Ctrl Pts',(9.97866082379199,1.20556316045395,0.840319610956141));
#12056=CARTESIAN_POINT('Ctrl Pts',(9.99916747949207,1.20556316045395,0.836064481490258));
#12057=CARTESIAN_POINT('Ctrl Pts',(10.0251932169131,1.20556316045395,0.830664142995715));
#12058=CARTESIAN_POINT('Ctrl Pts',(10.0402569954574,1.20556316045395,0.880253389083354));
#12059=CARTESIAN_POINT('Ctrl Pts',(10.0459587655919,1.20556316045395,0.796108556990035));
#12060=CARTESIAN_POINT('Ctrl Pts',(10.0433976453639,1.20556316045395,0.862149644716721));
#12061=CARTESIAN_POINT('Ctrl Pts',(10.0519655328304,1.20556316045395,0.852999974735841));
#12062=CARTESIAN_POINT('Ctrl Pts',(10.0528871859084,1.20556316045395,0.849368904719052));
#12063=CARTESIAN_POINT('Ctrl Pts',(10.0537245744149,1.20556316045395,0.845835207053025));
#12064=CARTESIAN_POINT('Ctrl Pts',(10.0589981376056,1.20556316045395,0.839967436740094));
#12065=CARTESIAN_POINT('Ctrl Pts',(10.0557558345587,1.20556316045395,0.860960194025514));
#12066=CARTESIAN_POINT('Ctrl Pts',(10.0579261418124,1.20556316045395,0.875269424687238));
#12067=CARTESIAN_POINT('Ctrl Pts',(10.0890704567191,1.20556316045395,0.874156646234525));
#12068=CARTESIAN_POINT('Ctrl Pts',(10.1022906293342,1.20556316045395,0.857597748617954));
#12069=CARTESIAN_POINT('Ctrl Pts',(10.1125634561374,1.20556316045395,0.844730542400677));
#12070=CARTESIAN_POINT('Ctrl Pts',(9.98063049917147,1.20556316045395,0.828963940537796));
#12071=CARTESIAN_POINT('Ctrl Pts',(9.98063049917147,1.17556316045395,0.828963940537796));
#12072=CARTESIAN_POINT('Ctrl Pts',(9.99945432419894,1.20556316045395,0.824149693210664));
#12073=CARTESIAN_POINT('Ctrl Pts',(9.99945432419894,1.17556316045395,0.824149693210664));
#12074=CARTESIAN_POINT('Ctrl Pts',(10.0239297841261,1.20556316045395,0.817890024022148));
#12075=CARTESIAN_POINT('Ctrl Pts',(10.0239297841261,1.17556316045395,0.817890024022148));
#12076=CARTESIAN_POINT('Ctrl Pts',(10.035816586279,1.20556316045395,0.859915541702085));
#12077=CARTESIAN_POINT('Ctrl Pts',(10.035816586279,1.17556316045395,0.859915541702085));
#12078=CARTESIAN_POINT('Ctrl Pts',(10.0334096841272,1.20556316045395,0.833316687445288));
#12079=CARTESIAN_POINT('Ctrl Pts',(10.0334096841272,1.17556316045395,0.833316687445288));
#12080=CARTESIAN_POINT('Ctrl Pts',(10.0522137451026,1.20556316045395,0.822771139632689));
#12081=CARTESIAN_POINT('Ctrl Pts',(10.0522137451026,1.17556316045395,0.822771139632689));
#12082=CARTESIAN_POINT('Ctrl Pts',(10.048253414961,1.20556316045395,0.85277792049404));
#12083=CARTESIAN_POINT('Ctrl Pts',(10.048253414961,1.17556316045395,0.85277792049404));
#12084=CARTESIAN_POINT('Ctrl Pts',(10.0575368032266,1.20556316045395,0.826021875375739));
#12085=CARTESIAN_POINT('Ctrl Pts',(10.0575368032266,1.17556316045395,0.826021875375739));
#12086=CARTESIAN_POINT('Ctrl Pts',(10.0607343631715,1.20556316045395,0.852184090614189));
#12087=CARTESIAN_POINT('Ctrl Pts',(10.0607343631715,1.17556316045395,0.852184090614189));
#12088=CARTESIAN_POINT('Ctrl Pts',(10.0761229786186,1.20556316045395,0.876350429107337));
#12089=CARTESIAN_POINT('Ctrl Pts',(10.0761229786186,1.17556316045395,0.876350429107337));
#12090=CARTESIAN_POINT('Ctrl Pts',(10.0939821723562,1.20556316045395,0.846641010195386));
#12091=CARTESIAN_POINT('Ctrl Pts',(10.0939821723562,1.17556316045395,0.846641010195386));
#12092=CARTESIAN_POINT('Ctrl Pts',(10.1083440104808,1.20556316045395,0.822749569660065));
#12093=CARTESIAN_POINT('Ctrl Pts',(10.1083440104808,1.17556316045395,0.822749569660065));
#12094=CARTESIAN_POINT('',(10.1083440104808,1.20556316045395,0.822749569660065));
#12095=CARTESIAN_POINT('',(9.98063049917147,1.20556316045395,0.828963940537796));
#12096=CARTESIAN_POINT('Ctrl Pts',(10.1083440104808,1.20556316045395,0.822749569660065));
#12097=CARTESIAN_POINT('Ctrl Pts',(10.0939821723562,1.20556316045395,0.846641010195386));
#12098=CARTESIAN_POINT('Ctrl Pts',(10.0761229786186,1.20556316045395,0.876350429107337));
#12099=CARTESIAN_POINT('Ctrl Pts',(10.0607343631715,1.20556316045395,0.852184090614189));
#12100=CARTESIAN_POINT('Ctrl Pts',(10.0575368032266,1.20556316045395,0.826021875375739));
#12101=CARTESIAN_POINT('Ctrl Pts',(10.048253414961,1.20556316045395,0.85277792049404));
#12102=CARTESIAN_POINT('Ctrl Pts',(10.0522137451026,1.20556316045395,0.822771139632689));
#12103=CARTESIAN_POINT('Ctrl Pts',(10.0334096841272,1.20556316045395,0.833316687445288));
#12104=CARTESIAN_POINT('Ctrl Pts',(10.035816586279,1.20556316045395,0.859915541702085));
#12105=CARTESIAN_POINT('Ctrl Pts',(10.0239297841261,1.20556316045395,0.817890024022148));
#12106=CARTESIAN_POINT('Ctrl Pts',(9.99945432419894,1.20556316045395,0.824149693210664));
#12107=CARTESIAN_POINT('Ctrl Pts',(9.98063049917147,1.20556316045395,0.828963940537796));
#12108=CARTESIAN_POINT('',(10.1083440104808,1.20556316045395,0.822749569660065));
#12109=CARTESIAN_POINT('',(9.98063049917147,1.20556316045395,0.828963940537796));
#12110=CARTESIAN_POINT('Ctrl Pts',(10.1083440104808,1.20556316045395,0.822749569660126));
#12111=CARTESIAN_POINT('Ctrl Pts',(10.1083440104808,1.17556316045395,0.822749569660126));
#12112=CARTESIAN_POINT('Ctrl Pts',(10.0982703525376,1.20556316045395,0.796511384780332));
#12113=CARTESIAN_POINT('Ctrl Pts',(10.0982703525376,1.17556316045395,0.796511384780332));
#12114=CARTESIAN_POINT('Ctrl Pts',(10.0410448289329,1.20556316045395,0.761466492731057));
#12115=CARTESIAN_POINT('Ctrl Pts',(10.0410448289329,1.17556316045395,0.761466492731057));
#12116=CARTESIAN_POINT('Ctrl Pts',(9.9883763778314,1.20556316045395,0.801780832919419));
#12117=CARTESIAN_POINT('Ctrl Pts',(9.9883763778314,1.17556316045395,0.801780832919419));
#12118=CARTESIAN_POINT('Ctrl Pts',(9.98063049917147,1.20556316045395,0.828963940537828));
#12119=CARTESIAN_POINT('Ctrl Pts',(9.98063049917147,1.17556316045395,0.828963940537828));
#12120=CARTESIAN_POINT('Ctrl Pts',(9.98063049917147,1.20556316045395,0.828963940537828));
#12121=CARTESIAN_POINT('Ctrl Pts',(9.9883763778314,1.20556316045395,0.801780832919419));
#12122=CARTESIAN_POINT('Ctrl Pts',(10.0410448289329,1.20556316045395,0.761466492731057));
#12123=CARTESIAN_POINT('Ctrl Pts',(10.0982703525376,1.20556316045395,0.796511384780332));
#12124=CARTESIAN_POINT('Ctrl Pts',(10.1083440104808,1.20556316045395,0.822749569660126));
#12125=CARTESIAN_POINT('Origin',(0.,1.20556316045395,1.2035334845941));
#12126=CARTESIAN_POINT('Origin',(0.,1.20556316045395,1.2035334845941));
#12127=CARTESIAN_POINT('Origin',(0.,1.20556316045395,1.2035334845941));
#12128=CARTESIAN_POINT('Origin',(0.,1.17556316045395,1.2035334845941));
#12129=CARTESIAN_POINT('',(10.4000767384927,1.17556316045395,0.83803961596151));
#12130=CARTESIAN_POINT('',(10.4866898904635,1.17556316045395,0.838048157729502));
#12131=CARTESIAN_POINT('',(10.4000767384927,1.17556316045395,0.83803961596151));
#12132=CARTESIAN_POINT('',(10.4866876376895,1.17556316045395,0.859023266889917));
#12133=CARTESIAN_POINT('',(10.4866898904635,1.17556316045395,0.838048157729502));
#12134=CARTESIAN_POINT('',(10.4000744857187,1.17556316045395,0.859014631256344));
#12135=CARTESIAN_POINT('',(10.4866876376895,1.17556316045395,0.859023266889917));
#12136=CARTESIAN_POINT('',(10.4000692292461,1.17556316045395,0.912069805025116));
#12137=CARTESIAN_POINT('',(10.4000744857187,1.17556316045395,0.859014631256344));
#12138=CARTESIAN_POINT('',(10.4972936975674,1.17556316045395,0.912079473180095));
#12139=CARTESIAN_POINT('',(10.4000692292461,1.17556316045395,0.912069805025116));
#12140=CARTESIAN_POINT('',(10.4972914447935,1.17556316045395,0.933546531857468));
#12141=CARTESIAN_POINT('',(10.4972936975674,1.17556316045395,0.912079473180095));
#12142=CARTESIAN_POINT('',(10.3753923431156,1.17556316045395,0.933534423197348));
#12143=CARTESIAN_POINT('',(10.4972914447935,1.17556316045395,0.933546531857468));
#12144=CARTESIAN_POINT('',(10.3754088634581,1.17556316045395,0.760803917261559));
#12145=CARTESIAN_POINT('Ctrl Pts',(10.3753923431156,1.17556316045395,0.933534423197348));
#12146=CARTESIAN_POINT('Ctrl Pts',(10.3753947210437,1.17556316045395,0.904746005529413));
#12147=CARTESIAN_POINT('Ctrl Pts',(10.3753994768999,1.17556316045395,0.847169170145664));
#12148=CARTESIAN_POINT('Ctrl Pts',(10.3754057346054,1.17556316045395,0.789592334905554));
#12149=CARTESIAN_POINT('Ctrl Pts',(10.3754088634581,1.17556316045395,0.760803917261559));
#12150=CARTESIAN_POINT('',(10.5007629694901,1.17556316045395,0.760816354451217));
#12151=CARTESIAN_POINT('',(10.3754088634581,1.17556316045395,0.760803917261559));
#12152=CARTESIAN_POINT('',(10.5007599657915,1.17556316045395,0.782283366195799));
#12153=CARTESIAN_POINT('',(10.5007629694901,1.17556316045395,0.760816354451217));
#12154=CARTESIAN_POINT('',(10.40008274589,1.17556316045395,0.782273463376864));
#12155=CARTESIAN_POINT('',(10.5007599657915,1.17556316045395,0.782283366195799));
#12156=CARTESIAN_POINT('',(10.40008274589,1.17556316045395,0.782273463376864));
#12157=CARTESIAN_POINT('Origin',(10.4433833144781,1.20556316045395,0.838043886845506));
#12158=CARTESIAN_POINT('',(10.4866898904635,1.20556316045395,0.838048157729502));
#12159=CARTESIAN_POINT('',(10.4000767384927,1.20556316045395,0.83803961596151));
#12160=CARTESIAN_POINT('',(5.22170973027194,1.20556316045395,0.837528926666037));
#12161=CARTESIAN_POINT('',(10.4866898904635,1.20556316045395,0.838048157729502));
#12162=CARTESIAN_POINT('',(10.4000767384927,1.20556316045395,0.83803961596151));
#12163=CARTESIAN_POINT('Origin',(10.4866887640765,1.20556316045395,0.84853571230971));
#12164=CARTESIAN_POINT('',(10.4866876376895,1.20556316045395,0.859023266889917));
#12165=CARTESIAN_POINT('',(10.4866696398133,1.20556316045395,1.02659774339656));
#12166=CARTESIAN_POINT('',(10.4866876376895,1.20556316045395,0.859023266889917));
#12167=CARTESIAN_POINT('Origin',(10.4433810617041,1.20556316045395,0.859018949073131));
#12168=CARTESIAN_POINT('',(10.4000744857187,1.20556316045395,0.859014631256344));
#12169=CARTESIAN_POINT('',(5.22170775741046,1.20556316045395,0.858498330018499));
#12170=CARTESIAN_POINT('',(10.4000744857187,1.20556316045395,0.859014631256344));
#12171=CARTESIAN_POINT('Origin',(10.4000718574824,1.20556316045395,0.88554221814073));
#12172=CARTESIAN_POINT('',(10.4000692292461,1.20556316045395,0.912069805025116));
#12173=CARTESIAN_POINT('',(10.4000560538531,1.20556316045395,1.04505304642603));
#12174=CARTESIAN_POINT('',(10.4000692292461,1.20556316045395,0.912069805025116));
#12175=CARTESIAN_POINT('Origin',(10.4486814634068,1.20556316045395,0.912074639102605));
#12176=CARTESIAN_POINT('',(10.4972936975674,1.20556316045395,0.912079473180095));
#12177=CARTESIAN_POINT('',(5.22435527492921,1.20556316045395,0.911555123839372));
#12178=CARTESIAN_POINT('',(10.4972936975674,1.20556316045395,0.912079473180095));
#12179=CARTESIAN_POINT('Origin',(10.4972925711804,1.20556316045395,0.922813002518781));
#12180=CARTESIAN_POINT('',(10.4972914447935,1.20556316045395,0.933546531857468));
#12181=CARTESIAN_POINT('',(10.4972777838394,1.20556316045395,1.06372404004074));
#12182=CARTESIAN_POINT('',(10.4972914447935,1.20556316045395,0.933546531857468));
#12183=CARTESIAN_POINT('Origin',(10.4363418939545,1.20556316045395,0.933540477527408));
#12184=CARTESIAN_POINT('',(10.3753923431156,1.20556316045395,0.933534423197348));
#12185=CARTESIAN_POINT('',(5.21818440813597,1.20556316045395,0.933022139864724));
#12186=CARTESIAN_POINT('',(10.3753923431156,1.20556316045395,0.933534423197348));
#12187=CARTESIAN_POINT('Ctrl Pts',(10.3753923431156,1.20556316045395,0.933534423197348));
#12188=CARTESIAN_POINT('Ctrl Pts',(10.3753923431156,1.17556316045395,0.933534423197348));
#12189=CARTESIAN_POINT('Ctrl Pts',(10.3753947210437,1.20556316045395,0.904746005529413));
#12190=CARTESIAN_POINT('Ctrl Pts',(10.3753947210437,1.17556316045395,0.904746005529413));
#12191=CARTESIAN_POINT('Ctrl Pts',(10.3753994768999,1.20556316045395,0.847169170145664));
#12192=CARTESIAN_POINT('Ctrl Pts',(10.3753994768999,1.17556316045395,0.847169170145664));
#12193=CARTESIAN_POINT('Ctrl Pts',(10.3754057346054,1.20556316045395,0.789592334905554));
#12194=CARTESIAN_POINT('Ctrl Pts',(10.3754057346054,1.17556316045395,0.789592334905554));
#12195=CARTESIAN_POINT('Ctrl Pts',(10.3754088634581,1.20556316045395,0.760803917261559));
#12196=CARTESIAN_POINT('Ctrl Pts',(10.3754088634581,1.17556316045395,0.760803917261559));
#12197=CARTESIAN_POINT('',(10.3754088634581,1.20556316045395,0.760803917261559));
#12198=CARTESIAN_POINT('Ctrl Pts',(10.3754088634581,1.20556316045395,0.760803917261559));
#12199=CARTESIAN_POINT('Ctrl Pts',(10.3754057346054,1.20556316045395,0.789592334905554));
#12200=CARTESIAN_POINT('Ctrl Pts',(10.3753994768999,1.20556316045395,0.847169170145664));
#12201=CARTESIAN_POINT('Ctrl Pts',(10.3753947210437,1.20556316045395,0.904746005529413));
#12202=CARTESIAN_POINT('Ctrl Pts',(10.3753923431156,1.20556316045395,0.933534423197348));
#12203=CARTESIAN_POINT('',(10.3754088634581,1.20556316045395,0.760803917261559));
#12204=CARTESIAN_POINT('Origin',(10.4380859164741,1.20556316045395,0.760810135856388));
#12205=CARTESIAN_POINT('',(10.5007629694901,1.20556316045395,0.760816354451217));
#12206=CARTESIAN_POINT('',(5.21906497233256,1.20556316045395,0.760292323114825));
#12207=CARTESIAN_POINT('',(10.5007629694901,1.20556316045395,0.760816354451217));
#12208=CARTESIAN_POINT('Origin',(10.5007614676408,1.20556316045395,0.771549860323508));
#12209=CARTESIAN_POINT('',(10.5007599657915,1.20556316045395,0.782283366195799));
#12210=CARTESIAN_POINT('',(10.5007311429292,1.20556316045395,0.988276309889545));
#12211=CARTESIAN_POINT('',(10.5007599657915,1.20556316045395,0.782283366195799));
#12212=CARTESIAN_POINT('Origin',(10.4504213558407,1.20556316045395,0.782278414786331));
#12213=CARTESIAN_POINT('',(10.40008274589,1.20556316045395,0.782273463376864));
#12214=CARTESIAN_POINT('',(5.2252314462332,1.20556316045395,0.781764454333042));
#12215=CARTESIAN_POINT('',(10.40008274589,1.20556316045395,0.782273463376864));
#12216=CARTESIAN_POINT('Origin',(10.4000797421913,1.20556316045395,0.810156539669187));
#12217=CARTESIAN_POINT('',(10.400058493622,1.20556316045395,1.00740518306369));
#12218=CARTESIAN_POINT('Origin',(13.7,1.94150369854265,0.5068228623407));
#12219=CARTESIAN_POINT('',(13.7,1.45556316045395,0.331822862340704));
#12220=CARTESIAN_POINT('',(13.7,1.94150369854265,0.3318228623407));
#12221=CARTESIAN_POINT('',(13.875,1.45556316045395,0.506822862340704));
#12222=CARTESIAN_POINT('Origin',(13.7,1.45556316045395,0.506822862340704));
#12223=CARTESIAN_POINT('',(13.875,1.94150369854265,0.5068228623407));
#12224=CARTESIAN_POINT('Origin',(0.,1.20556316045395,0.331822862340706));
#12225=CARTESIAN_POINT('',(6.697,1.45556316045395,0.331822862340704));
#12226=CARTESIAN_POINT('',(6.697,1.94150369854265,0.3318228623407));
#12227=CARTESIAN_POINT('',(0.,1.45556316045395,0.331822862340704));
#12228=CARTESIAN_POINT('Origin',(6.697,1.94150369854265,0.5068228623407));
#12229=CARTESIAN_POINT('',(6.522,1.94150369854265,0.5068228623407));
#12230=CARTESIAN_POINT('Origin',(6.697,1.45556316045395,0.506822862340704));
#12231=CARTESIAN_POINT('Origin',(6.522,2.67744423663136,2.02841149180751));
#12232=CARTESIAN_POINT('Origin',(0.,4.14932531280876,3.72500012127433));
#12233=CARTESIAN_POINT('',(13.7,3.41338477472007,3.72500012127434));
#12234=CARTESIAN_POINT('Origin',(13.7,3.41338477472007,3.55000012127434));
#12235=CARTESIAN_POINT('',(13.875,3.41338477472007,3.55000012127434));
#12236=CARTESIAN_POINT('Origin',(13.875,2.67744423663136,2.02841149180751));
#12237=CARTESIAN_POINT('',(13.875,1.45556316045395,1.61597248820081));
#12238=CARTESIAN_POINT('Origin',(0.,1.28056316045395,1.2035334845941));
#12239=CARTESIAN_POINT('',(13.7,1.28056316045395,1.18571412424014));
#12240=CARTESIAN_POINT('',(13.7,1.28056316045395,0.506822862340704));
#12241=CARTESIAN_POINT('',(13.7,1.28056316045395,1.61597248820081));
#12242=CARTESIAN_POINT('',(0.,1.28056316045395,0.506822862340704));
#12243=CARTESIAN_POINT('',(0.,1.28056316045395,1.18571412424014));
#12244=CARTESIAN_POINT('Origin',(0.,1.29349623836748,1.21139477973663));
#12245=CARTESIAN_POINT('',(10.0571962477677,1.29028447247558,1.20501731460754));
#12246=CARTESIAN_POINT('',(10.0535987035264,1.60297181746399,1.82590710112593));
#12247=CARTESIAN_POINT('Origin',(13.7,1.45556316045395,1.53320408308304));
#12248=CARTESIAN_POINT('',(6.69384222475478,1.28266320067928,1.18988408361997));
#12249=CARTESIAN_POINT('',(3.34703028931946,1.27507941281856,1.17482528286799));
#12250=CARTESIAN_POINT('',(4.95384316477718,1.27872040855254,1.18205505119798));
#12251=CARTESIAN_POINT('Origin',(13.7,1.45556316045395,1.61597248820081));
#12252=CARTESIAN_POINT('Origin',(13.7,1.45556316045395,0.506822862340704));
#12253=CARTESIAN_POINT('Origin',(13.7,1.45556316045395,0.506822862340704));
#12254=CARTESIAN_POINT('Origin',(13.7,1.45556316045395,0.506822862340704));
#12255=CARTESIAN_POINT('Origin',(0.,1.45556316045395,0.506822862340704));
#12256=CARTESIAN_POINT('Origin',(6.697,1.45556316045395,0.506822862340704));
#12257=CARTESIAN_POINT('Origin',(6.697,1.45556316045395,0.506822862340704));
#12258=CARTESIAN_POINT('Origin',(6.697,3.41338477472007,3.55000012127434));
#12259=CARTESIAN_POINT('',(6.447,2.26399285106262,3.55000012127434));
#12260=CARTESIAN_POINT('',(6.447,3.41338477472007,3.55000012127434));
#12261=CARTESIAN_POINT('Origin',(6.697,2.26399285106262,3.55000012127435));
#12262=CARTESIAN_POINT('Origin',(6.447,2.67744423663136,2.02841149180751));
#12263=CARTESIAN_POINT('',(6.447,2.07095731632678,3.08473807237433));
#12264=CARTESIAN_POINT('Ctrl Pts',(13.7689814791968,1.22774734260713,1.24758365912766));
#12265=CARTESIAN_POINT('Ctrl Pts',(13.7472599189366,1.21843081189367,1.22908422556092));
#12266=CARTESIAN_POINT('Ctrl Pts',(13.7236352263512,1.21357817151695,1.21944854667643));
#12267=CARTESIAN_POINT('Ctrl Pts',(13.7,1.21357817151695,1.21944854667643));
#12268=CARTESIAN_POINT('Ctrl Pts',(13.7794702604615,1.22279984198683,1.23775962034524));
#12269=CARTESIAN_POINT('Ctrl Pts',(13.7542597857016,1.21329765985704,1.2188564640781));
#12270=CARTESIAN_POINT('Ctrl Pts',(13.7271379717594,1.20833210030909,1.20903164914439));
#12271=CARTESIAN_POINT('Ctrl Pts',(13.7,1.20833210030909,1.20903164914439));
#12272=CARTESIAN_POINT('Ctrl Pts',(13.7899355777977,1.2221122041566,1.22581781567329));
#12273=CARTESIAN_POINT('Ctrl Pts',(13.7612597050919,1.21120746225512,1.20710792760324));
#12274=CARTESIAN_POINT('Ctrl Pts',(13.7306375890757,1.20556316045395,1.19737744354945));
#12275=CARTESIAN_POINT('Ctrl Pts',(13.7,1.20556316045395,1.19737744354945));
#12276=CARTESIAN_POINT('Ctrl Pts',(13.7985449702812,1.22580483343993,1.21384923669137));
#12277=CARTESIAN_POINT('Ctrl Pts',(13.7675141699095,1.21249550384927,1.19534980312463));
#12278=CARTESIAN_POINT('Ctrl Pts',(13.7337646090731,1.20556316045395,1.18571412424014));
#12279=CARTESIAN_POINT('Ctrl Pts',(13.7,1.20556316045395,1.18571412424014));
#12280=CARTESIAN_POINT('',(13.7,1.21357817151695,1.21944854667643));
#12281=CARTESIAN_POINT('Origin',(13.7,1.38857817151695,1.56693850551933));
#12282=CARTESIAN_POINT('',(13.7,1.20556316045395,1.18571412424014));
#12283=CARTESIAN_POINT('Origin',(13.7,1.28056316045395,1.18571412424014));
#12284=CARTESIAN_POINT('',(13.7985449702812,1.22580483343993,1.21384923669137));
#12285=CARTESIAN_POINT('Origin',(13.7,1.45556316045395,1.53320408308304));
#12286=CARTESIAN_POINT('Ctrl Pts',(13.7985449702812,1.22580483343993,1.21384923669137));
#12287=CARTESIAN_POINT('Ctrl Pts',(13.7950437376653,1.22430313002591,1.21826059726196));
#12288=CARTESIAN_POINT('Ctrl Pts',(13.7912825230945,1.22344640079677,1.2226539269124));
#12289=CARTESIAN_POINT('Ctrl Pts',(13.787345363628,1.22322478447444,1.22694525733144));
#12290=CARTESIAN_POINT('Ctrl Pts',(13.7834797977502,1.22300719803912,1.23115855389207));
#12291=CARTESIAN_POINT('Ctrl Pts',(13.7794692009539,1.2234032573673,1.23524673948883));
#12292=CARTESIAN_POINT('Ctrl Pts',(13.7753900312855,1.22441097756157,1.23912980917499));
#12293=CARTESIAN_POINT('Ctrl Pts',(13.7736773546293,1.22483407809254,1.2407601514618));
#12294=CARTESIAN_POINT('Ctrl Pts',(13.7719558336922,1.22536456353885,1.2423510761791));
#12295=CARTESIAN_POINT('Ctrl Pts',(13.7702310736742,1.22600266992873,1.24389650657566));
#12296=CARTESIAN_POINT('Ctrl Pts',(6.6280185208031,1.22545810176358,1.24259086309473));
#12297=CARTESIAN_POINT('Ctrl Pts',(6.60123740730221,1.23694471062056,1.27027635208529));
#12298=CARTESIAN_POINT('Ctrl Pts',(6.5455320620121,1.27966775686762,1.37324916514459));
#12299=CARTESIAN_POINT('Ctrl Pts',(6.522,1.34743489674279,1.53658426502434));
#12300=CARTESIAN_POINT('Ctrl Pts',(6.522,1.38628893067336,1.63023182820127));
#12301=CARTESIAN_POINT('Ctrl Pts',(6.62208536387744,1.22342657388934,1.23769439249176));
#12302=CARTESIAN_POINT('Ctrl Pts',(6.59287124084422,1.23501088026053,1.26562412894192));
#12303=CARTESIAN_POINT('Ctrl Pts',(6.53154564678955,1.27817133384614,1.36950976915029));
#12304=CARTESIAN_POINT('Ctrl Pts',(6.50255494232443,1.34681317520149,1.53476589744404));
#12305=CARTESIAN_POINT('Ctrl Pts',(6.49956005247436,1.38628893067336,1.63023182820127));
#12306=CARTESIAN_POINT('Ctrl Pts',(6.61170411457271,1.22193709105712,1.22827023858545));
#12307=CARTESIAN_POINT('Ctrl Pts',(6.5782360251077,1.23456069124944,1.25626944997844));
#12308=CARTESIAN_POINT('Ctrl Pts',(6.5070074531884,1.28158441949797,1.36047088634916));
#12309=CARTESIAN_POINT('Ctrl Pts',(6.46847290277701,1.35798991927549,1.5265625149439));
#12310=CARTESIAN_POINT('Ctrl Pts',(6.46071215725961,1.40368323704432,1.62301499364617));
#12311=CARTESIAN_POINT('Ctrl Pts',(6.60223239333199,1.22418469548959,1.21817539811965));
#12312=CARTESIAN_POINT('Ctrl Pts',(6.56525210798411,1.23930074690276,1.24595477905199));
#12313=CARTESIAN_POINT('Ctrl Pts',(6.48748702914087,1.29558694927152,1.3492977261544));
#12314=CARTESIAN_POINT('Ctrl Pts',(6.45048174594444,1.38650727459399,1.51345922903543));
#12315=CARTESIAN_POINT('Ctrl Pts',(6.447,1.44001805964239,1.6079398076809));
#12316=CARTESIAN_POINT('Ctrl Pts',(6.59845502971872,1.22580483343998,1.21384923669145));
#12317=CARTESIAN_POINT('Ctrl Pts',(6.56019629614601,1.24221427466424,1.24153472568201));
#12318=CARTESIAN_POINT('Ctrl Pts',(6.48061723144585,1.30324719787432,1.34450753874131));
#12319=CARTESIAN_POINT('Ctrl Pts',(6.447,1.400057397696,1.50784263862105));
#12320=CARTESIAN_POINT('Ctrl Pts',(6.447,1.45556316045395,1.60149020179798));
#12321=CARTESIAN_POINT('Origin',(6.522,1.45556316045395,1.60149020179798));
#12322=CARTESIAN_POINT('Ctrl Pts',(6.59845502971871,1.22580483343998,1.21384923669146));
#12323=CARTESIAN_POINT('Ctrl Pts',(6.59849357644738,1.22578830047562,1.21389780344998));
#12324=CARTESIAN_POINT('Ctrl Pts',(6.59853215570267,1.22577184334835,1.21394637021717));
#12325=CARTESIAN_POINT('Ctrl Pts',(6.59857076738477,1.22575546207572,1.21399493686835));
#12326=CARTESIAN_POINT('Ctrl Pts',(6.60211491936065,1.22425183113826,1.21845285176264));
#12327=CARTESIAN_POINT('Ctrl Pts',(6.60591673531602,1.22339036841389,1.22289188665493));
#12328=CARTESIAN_POINT('Ctrl Pts',(6.60989669424002,1.2231888907688,1.22721976255959));
#12329=CARTESIAN_POINT('Ctrl Pts',(6.6105693032987,1.22315484124925,1.22795116923837));
#12330=CARTESIAN_POINT('Ctrl Pts',(6.61124702838832,1.22313972704115,1.22867939472181));
#12331=CARTESIAN_POINT('Ctrl Pts',(6.61192946570091,1.22314352277098,1.22940402347214));
#12332=CARTESIAN_POINT('Ctrl Pts',(6.61628282987279,1.22316773626864,1.23402653279482));
#12333=CARTESIAN_POINT('Ctrl Pts',(6.62078925235621,1.2239571872453,1.23846329736126));
#12334=CARTESIAN_POINT('Ctrl Pts',(6.62534066506732,1.2254939143666,1.24260805887074));
#12335=CARTESIAN_POINT('Ctrl Pts',(6.6258161414807,1.22565445298315,1.24304105329729));
#12336=CARTESIAN_POINT('Ctrl Pts',(6.62629211119221,1.22582319227633,1.24347084868433));
#12337=CARTESIAN_POINT('Ctrl Pts',(6.62676845051196,1.22600014328527,1.24389731348128));
#12338=CARTESIAN_POINT('Origin',(6.522,2.07095731632678,3.08473807237433));
#12339=CARTESIAN_POINT('Origin',(6.522,2.26399285106262,3.55000012127434));
#12340=CARTESIAN_POINT('Ctrl Pts',(6.522,2.19471862128202,3.57874174767763));
#12341=CARTESIAN_POINT('Ctrl Pts',(6.522,2.21101156359383,3.6180116558475));
#12342=CARTESIAN_POINT('Ctrl Pts',(6.54496233063004,2.23806478675578,3.68321642788549));
#12343=CARTESIAN_POINT('Ctrl Pts',(6.61856045465397,2.2623553047885,3.7417624163441));
#12344=CARTESIAN_POINT('Ctrl Pts',(6.67082006122009,2.26732548586218,3.75374174767762));
#12345=CARTESIAN_POINT('Ctrl Pts',(6.697,2.26732548586218,3.75374174767762));
#12346=CARTESIAN_POINT('Ctrl Pts',(6.49956005247436,2.19471862128202,3.57874174767763));
#12347=CARTESIAN_POINT('Ctrl Pts',(6.50081592123807,2.2128493940756,3.62230713611076));
#12348=CARTESIAN_POINT('Ctrl Pts',(6.52815700791191,2.2423109645227,3.69341308537129));
#12349=CARTESIAN_POINT('Ctrl Pts',(6.61040444658701,2.2684934909297,3.75642675358101));
#12350=CARTESIAN_POINT('Ctrl Pts',(6.66809170615699,2.27377190185591,3.76927916008933));
#12351=CARTESIAN_POINT('Ctrl Pts',(6.697,2.27377190185591,3.76927916008933));
#12352=CARTESIAN_POINT('Ctrl Pts',(6.46071310870202,2.21211398264289,3.57152447541105));
#12353=CARTESIAN_POINT('Ctrl Pts',(6.4639674781,2.23124186289964,3.62336354828098));
#12354=CARTESIAN_POINT('Ctrl Pts',(6.49888474887451,2.26202997318856,3.7059919972078));
#12355=CARTESIAN_POINT('Ctrl Pts',(6.59610921429494,2.28902907628123,3.77788194188832));
#12356=CARTESIAN_POINT('Ctrl Pts',(6.66334525054996,2.29452449748438,3.79243116839765));
#12357=CARTESIAN_POINT('Ctrl Pts',(6.697,2.29452449748438,3.79243116839765));
#12358=CARTESIAN_POINT('Ctrl Pts',(6.447,2.24844775025106,3.55644972715726));
#12359=CARTESIAN_POINT('Ctrl Pts',(6.44846002564157,2.26558262421433,3.61221320832805));
#12360=CARTESIAN_POINT('Ctrl Pts',(6.48306836313408,2.293754929827,3.70315306166574));
#12361=CARTESIAN_POINT('Ctrl Pts',(6.58728234265038,2.31885166395156,3.78362691040728));
#12362=CARTESIAN_POINT('Ctrl Pts',(6.66038046362154,2.32398348806541,3.80000012127434));
#12363=CARTESIAN_POINT('Ctrl Pts',(6.697,2.32398348806541,3.80000012127434));
#12364=CARTESIAN_POINT('Ctrl Pts',(6.447,2.26399285106262,3.55000012127434));
#12365=CARTESIAN_POINT('Ctrl Pts',(6.447,2.28028579337442,3.60609999008845));
#12366=CARTESIAN_POINT('Ctrl Pts',(6.47980332947148,2.30733901653637,3.69924966442843));
#12367=CARTESIAN_POINT('Ctrl Pts',(6.58494350664853,2.33162953456909,3.78288679079788));
#12368=CARTESIAN_POINT('Ctrl Pts',(6.65960008745726,2.33659971564277,3.80000012127434));
#12369=CARTESIAN_POINT('Ctrl Pts',(6.697,2.33659971564277,3.80000012127434));
#12370=CARTESIAN_POINT('Origin',(6.697,2.33659971564277,3.72500012127434));
#12371=CARTESIAN_POINT('Origin',(0.,2.33659971564277,3.72500012127434));
#12372=CARTESIAN_POINT('Origin',(13.7,2.33659971564277,3.72500012127434));
#12373=CARTESIAN_POINT('Ctrl Pts',(13.7,2.26732548586218,3.75374174767763));
#12374=CARTESIAN_POINT('Ctrl Pts',(13.7392699081699,2.26732548586218,3.75374174767763));
#12375=CARTESIAN_POINT('Ctrl Pts',(13.8044735121171,2.25779736451516,3.73077668445157));
#12376=CARTESIAN_POINT('Ctrl Pts',(13.8630198381599,2.22726233145584,3.65717991345369));
#12377=CARTESIAN_POINT('Ctrl Pts',(13.875,2.20558058282322,3.60492168645754));
#12378=CARTESIAN_POINT('Ctrl Pts',(13.875,2.19471862128202,3.57874174767763));
#12379=CARTESIAN_POINT('Ctrl Pts',(13.7,2.27377190185591,3.76927916008933));
#12380=CARTESIAN_POINT('Ctrl Pts',(13.7433624407645,2.27377190185591,3.76927916008933));
#12381=CARTESIAN_POINT('Ctrl Pts',(13.8153431882911,2.26365723375804,3.74469299123126));
#12382=CARTESIAN_POINT('Ctrl Pts',(13.8817164660766,2.23058911498336,3.66512326997094));
#12383=CARTESIAN_POINT('Ctrl Pts',(13.8966027016832,2.20680580314441,3.60778533996638));
#12384=CARTESIAN_POINT('Ctrl Pts',(13.8974399475256,2.19471862128202,3.57874174767762));
#12385=CARTESIAN_POINT('Ctrl Pts',(13.7,2.29452481277682,3.79243075794606));
#12386=CARTESIAN_POINT('Ctrl Pts',(13.7504821241751,2.29452481277682,3.79243075794606));
#12387=CARTESIAN_POINT('Ctrl Pts',(13.8344275234903,2.28403079199253,3.76467673580349));
#12388=CARTESIAN_POINT('Ctrl Pts',(13.9142692033627,2.24981705856591,3.67328549287177));
#12389=CARTESIAN_POINT('Ctrl Pts',(13.9341163081211,2.22486701561386,3.60608339562773));
#12390=CARTESIAN_POINT('Ctrl Pts',(13.9362858877197,2.21211509544269,3.57152401371445));
#12391=CARTESIAN_POINT('Ctrl Pts',(13.7,2.32398348806541,3.80000012127434));
#12392=CARTESIAN_POINT('Ctrl Pts',(13.7549293045677,2.32398348806541,3.80000012127434));
#12393=CARTESIAN_POINT('Ctrl Pts',(13.8461590334439,2.31415906293356,3.76868306892582));
#12394=CARTESIAN_POINT('Ctrl Pts',(13.9302432081964,2.28252953720737,3.66698547802309));
#12395=CARTESIAN_POINT('Ctrl Pts',(13.9490266495723,2.25987099955991,3.59362538127112));
#12396=CARTESIAN_POINT('Ctrl Pts',(13.95,2.24844775025106,3.55644972715726));
#12397=CARTESIAN_POINT('Ctrl Pts',(13.7,2.33659971564277,3.80000012127434));
#12398=CARTESIAN_POINT('Ctrl Pts',(13.7560998688141,2.33659971564277,3.80000012127434));
#12399=CARTESIAN_POINT('Ctrl Pts',(13.849247874453,2.32707159429575,3.76719288809427));
#12400=CARTESIAN_POINT('Ctrl Pts',(13.9328854830855,2.29653656123643,3.66205464381157));
#12401=CARTESIAN_POINT('Ctrl Pts',(13.95,2.27485481260382,3.58740003381708));
#12402=CARTESIAN_POINT('Ctrl Pts',(13.95,2.26399285106261,3.55000012127434));
#12403=CARTESIAN_POINT('Origin',(13.875,2.26399285106262,3.55000012127434));
#12404=CARTESIAN_POINT('Origin',(13.7,2.26399285106262,3.55000012127435));
#12405=CARTESIAN_POINT('Origin',(13.875,2.07095731632678,3.08473807237433));
#12406=CARTESIAN_POINT('Origin',(13.875,1.45556316045395,1.60149020179798));
#12407=CARTESIAN_POINT('Ctrl Pts',(13.875,1.38628893067336,1.63023182820127));
#12408=CARTESIAN_POINT('Ctrl Pts',(13.875,1.35714840522542,1.55999615581854));
#12409=CARTESIAN_POINT('Ctrl Pts',(13.8576910270484,1.28911447756757,1.39601803324061));
#12410=CARTESIAN_POINT('Ctrl Pts',(13.8046896305314,1.24077358023951,1.27950484841536));
#12411=CARTESIAN_POINT('Ctrl Pts',(13.7689814791968,1.22545810176354,1.24259086309465));
#12412=CARTESIAN_POINT('Ctrl Pts',(13.8974399475256,1.38628893067336,1.63023182820127));
#12413=CARTESIAN_POINT('Ctrl Pts',(13.8951937801381,1.35668211406945,1.55863238013331));
#12414=CARTESIAN_POINT('Ctrl Pts',(13.8724579790178,1.28775756954265,1.39242767308916));
#12415=CARTESIAN_POINT('Ctrl Pts',(13.8138668001668,1.23887231571755,1.27493404109185));
#12416=CARTESIAN_POINT('Ctrl Pts',(13.7749146361225,1.22342657388931,1.23769439249167));
#12417=CARTESIAN_POINT('Ctrl Pts',(13.9362862017646,1.40368505661098,1.62301423871457));
#12418=CARTESIAN_POINT('Ctrl Pts',(13.9304656426265,1.36941506828435,1.55067487968784));
#12419=CARTESIAN_POINT('Ctrl Pts',(13.8984737694267,1.29192240719816,1.38345473928796));
#12420=CARTESIAN_POINT('Ctrl Pts',(13.8299199966205,1.23876860035005,1.26560251069252));
#12421=CARTESIAN_POINT('Ctrl Pts',(13.7852958773338,1.22193713342696,1.22827022883524));
#12422=CARTESIAN_POINT('Ctrl Pts',(13.95,1.44001805964239,1.6079398076809));
#12423=CARTESIAN_POINT('Ctrl Pts',(13.9473886905417,1.39988497085607,1.53707937369677));
#12424=CARTESIAN_POINT('Ctrl Pts',(13.9184872782339,1.30801201917092,1.37213380869722));
#12425=CARTESIAN_POINT('Ctrl Pts',(13.8440746537984,1.24433943070709,1.25521457269599));
#12426=CARTESIAN_POINT('Ctrl Pts',(13.7947676066679,1.22418469548955,1.21817539811956));
#12427=CARTESIAN_POINT('Ctrl Pts',(13.95,1.45556316045395,1.60149020179798));
#12428=CARTESIAN_POINT('Ctrl Pts',(13.95,1.41393383838547,1.53125452941526));
#12429=CARTESIAN_POINT('Ctrl Pts',(13.9252728957834,1.31674251315997,1.36727640683733));
#12430=CARTESIAN_POINT('Ctrl Pts',(13.8495566150448,1.2476840884056,1.25076322201208));
#12431=CARTESIAN_POINT('Ctrl Pts',(13.7985449702812,1.22580483343993,1.21384923669137));
#12432=CARTESIAN_POINT('Origin',(13.7,1.45556316045395,1.60149020179798));
#12433=CARTESIAN_POINT('Origin',(0.,1.28056316045395,1.18571412424014));
#12434=CARTESIAN_POINT('',(6.697,1.21357817151695,1.21944854667643));
#12435=CARTESIAN_POINT('Origin',(6.697,1.28056316045395,1.18571412424014));
#12436=CARTESIAN_POINT('',(0.,1.20556316045395,1.18571412424014));
#12437=CARTESIAN_POINT('',(0.,1.21357817151695,1.21944854667643));
#12438=CARTESIAN_POINT('Ctrl Pts',(6.697,1.21357817151695,1.21944854667643));
#12439=CARTESIAN_POINT('Ctrl Pts',(6.67336477364879,1.21357817151695,1.21944854667643));
#12440=CARTESIAN_POINT('Ctrl Pts',(6.6497400810633,1.21843081189368,1.22908422556094));
#12441=CARTESIAN_POINT('Ctrl Pts',(6.62801852080309,1.22774734260717,1.24758365912774));
#12442=CARTESIAN_POINT('Ctrl Pts',(6.697,1.20833210030909,1.20903164914439));
#12443=CARTESIAN_POINT('Ctrl Pts',(6.66986202824052,1.20833210030909,1.20903164914439));
#12444=CARTESIAN_POINT('Ctrl Pts',(6.64274021429832,1.21329765985705,1.21885646407813));
#12445=CARTESIAN_POINT('Ctrl Pts',(6.61752973953841,1.22279984198687,1.23775962034532));
#12446=CARTESIAN_POINT('Ctrl Pts',(6.697,1.20556316045395,1.19737744354945));
#12447=CARTESIAN_POINT('Ctrl Pts',(6.66636241092424,1.20556316045395,1.19737744354945));
#12448=CARTESIAN_POINT('Ctrl Pts',(6.63574029490799,1.21120746225514,1.20710792760327));
#12449=CARTESIAN_POINT('Ctrl Pts',(6.60706442220216,1.22211220415664,1.22581781567336));
#12450=CARTESIAN_POINT('Ctrl Pts',(6.697,1.20556316045395,1.18571412424014));
#12451=CARTESIAN_POINT('Ctrl Pts',(6.66323539092684,1.20556316045395,1.18571412424014));
#12452=CARTESIAN_POINT('Ctrl Pts',(6.62948583009043,1.21249550384928,1.19534980312465));
#12453=CARTESIAN_POINT('Ctrl Pts',(6.5984550297187,1.22580483343998,1.21384923669145));
#12454=CARTESIAN_POINT('Origin',(6.697,1.38857817151695,1.56693850551933));
#12455=CARTESIAN_POINT('Origin',(0.,1.22651124943048,1.24512920217292));
#12456=CARTESIAN_POINT('Origin',(13.7,1.45556316045395,1.61597248820081));
#12457=CARTESIAN_POINT('',(13.7,1.20556316045395,0.506822862340704));
#12458=CARTESIAN_POINT('',(13.7,1.20556316045395,1.61597248820081));
#12459=CARTESIAN_POINT('Origin',(13.7,1.45556316045395,0.506822862340704));
#12460=CARTESIAN_POINT('Origin',(0.,1.20556316045395,1.2035334845941));
#12461=CARTESIAN_POINT('',(0.,1.20556316045395,0.506822862340704));
#12462=CARTESIAN_POINT('Origin',(13.7,3.41338477472007,3.55000012127434));
#12463=CARTESIAN_POINT('Origin',(13.7,1.45556316045395,0.506822862340704));
#12464=CARTESIAN_POINT('Origin',(13.7,1.45556316045395,0.506822862340704));
#12465=CARTESIAN_POINT('Origin',(0.,1.45556316045395,0.506822862340704));
#12466=CARTESIAN_POINT('Origin',(6.697,1.45556316045395,0.506822862340704));
#12467=CARTESIAN_POINT('Origin',(6.697,1.45556316045395,0.506822862340704));
#12468=CARTESIAN_POINT('Origin',(9.58796959957576,1.52730864746947,1.66111594038758));
#12469=CARTESIAN_POINT('',(9.75796702574774,1.52798842096476,1.66175859340069));
#12470=CARTESIAN_POINT('',(9.75796702574774,1.52798842096476,1.66175859340069));
#12471=CARTESIAN_POINT('Origin',(9.58796959957575,1.52730864746947,1.66111594038758));
#12472=CARTESIAN_POINT('Origin',(9.75052343730459,2.09584358773412,3.03011440492655));
#12473=CARTESIAN_POINT('',(9.75052343730459,2.09584358773412,3.03011440492655));
#12474=CARTESIAN_POINT('',(9.7505234373046,2.09584358773412,3.03011440492655));
#12475=CARTESIAN_POINT('',(9.7497165284027,2.15740091220913,3.17844857113054));
#12476=CARTESIAN_POINT('Origin',(6.68073042993832,2.19929434316407,3.68869725793773));
#12477=CARTESIAN_POINT('',(6.68039379032612,2.33783717082911,3.63120141829393));
#12478=CARTESIAN_POINT('',(6.68039379032612,2.33783717082911,3.63120141829393));
#12479=CARTESIAN_POINT('',(6.52531246137815,2.33721704275184,3.63061515363352));
#12480=CARTESIAN_POINT('Origin',(6.68073042993832,2.19929434316407,3.68869725793773));
#12481=CARTESIAN_POINT('',(10.0432875268347,2.53488770626519,3.56772073075799));
#12482=CARTESIAN_POINT('',(10.0440702921914,2.21274342498558,3.70141192394918));
#12483=CARTESIAN_POINT('',(9.65924504514021,2.5333520247787,3.56626890843585));
#12484=CARTESIAN_POINT('',(9.89328979785938,2.53428790612228,3.56715368398172));
#12485=CARTESIAN_POINT('',(9.65969117088476,2.34975057116413,3.64246426198324));
#12486=CARTESIAN_POINT('',(9.65969117088476,2.34975057116413,3.64246426198324));
#12487=CARTESIAN_POINT('',(9.89373592360393,2.35068645250771,3.64334903752911));
#12488=CARTESIAN_POINT('',(9.89373592360393,2.35068645250771,3.64334903752911));
#12489=CARTESIAN_POINT('',(6.91586862520361,2.33877877068249,3.63209160007816));
#12490=CARTESIAN_POINT('',(9.65969117088476,2.34975057116413,3.64246426198324));
#12491=CARTESIAN_POINT('',(6.91586862520361,2.33877877068249,3.63209160007816));
#12492=CARTESIAN_POINT('Origin',(10.0503595451927,1.86416440516824,2.4064642195045));
#12493=CARTESIAN_POINT('',(10.056648798194,1.5155853853509,1.11151651505983));
#12494=CARTESIAN_POINT('',(10.056648798194,1.5155853853509,1.11151651505983));
#12495=CARTESIAN_POINT('',(10.0432875268347,2.53488770626519,3.56772073075799));
#12496=CARTESIAN_POINT('Origin',(9.90743383457549,1.19284130392838,1.24464066147475));
#12497=CARTESIAN_POINT('',(6.69375506168549,1.31853484991482,1.17499720259577));
#12498=CARTESIAN_POINT('',(6.69409170129769,1.17999202224978,1.23249304223958));
#12499=CARTESIAN_POINT('',(6.92922989656298,1.3194764497682,1.17588738438001));
#12500=CARTESIAN_POINT('',(6.69375506168549,1.31853484991482,1.17499720259577));
#12501=CARTESIAN_POINT('',(7.70305720184483,1.32257077480542,1.178812737196));
#12502=CARTESIAN_POINT('',(6.92922989656298,1.3194764497682,1.17588738438001));
#12503=CARTESIAN_POINT('',(9.67305244224413,1.33044825024983,1.18626004628508));
#12504=CARTESIAN_POINT('',(7.70305720184483,1.32257077480542,1.178812737196));
#12505=CARTESIAN_POINT('',(9.74671502896874,1.33074280690977,1.18653851805008));
#12506=CARTESIAN_POINT('',(9.74671502896874,1.33074280690977,1.18653851805008));
#12507=CARTESIAN_POINT('',(9.90709719496329,1.33138413159342,1.18714482183095));
#12508=CARTESIAN_POINT('',(9.74671502896874,1.33074280690977,1.18653851805008));
#12509=CARTESIAN_POINT('',(9.74626890322418,1.51434426052434,1.1103431645027));
#12510=CARTESIAN_POINT('',(9.74626890322418,1.51434426052434,1.1103431645027));
#12511=CARTESIAN_POINT('',(9.74626890322418,1.51434426052434,1.1103431645027));
#12512=CARTESIAN_POINT('Origin',(6.53757385749685,1.40182181086915,1.3766011435081));
#12513=CARTESIAN_POINT('',(6.53885102521494,1.24495063723391,1.20469133121758));
#12514=CARTESIAN_POINT('',(6.53901037234972,1.1793718941725,1.23190677757917));
#12515=CARTESIAN_POINT('',(6.53496076975477,1.54172976197829,1.91983748792848));
#12516=CARTESIAN_POINT('Origin',(6.69375506168549,1.31853484991481,1.17499720259578));
#12517=CARTESIAN_POINT('',(7.49395453404459,1.25310631403571,1.20650237642165));
#12518=CARTESIAN_POINT('Origin',(6.69375506168549,1.31853484991481,1.17499720259578));
#12519=CARTESIAN_POINT('',(6.53867373273752,1.31791472183754,1.17441093793536));
#12520=CARTESIAN_POINT('Origin',(7.07327063240902,2.15030091972355,3.17701098317013));
#12521=CARTESIAN_POINT('',(9.57967188370912,2.16032333698937,3.18648610495566));
#12522=CARTESIAN_POINT('',(9.81294213595235,2.1612561213161,3.18736795260387));
#12523=CARTESIAN_POINT('',(9.57967188370912,2.16032333698937,3.18648610495566));
#12524=CARTESIAN_POINT('Origin',(9.58052601113261,2.09516381423882,3.02947175191344));
#12525=CARTESIAN_POINT('Origin',(9.58052601113261,2.09516381423882,3.02947175191344));
#12526=CARTESIAN_POINT('Origin',(8.28691323145761,1.76958563489475,2.43612074189704));
#12527=CARTESIAN_POINT('Origin',(9.90036181621743,1.86356460502533,2.40589717272823));
#12528=CARTESIAN_POINT('',(9.90599731972262,1.41529122062504,1.38933502740368));
#12529=CARTESIAN_POINT('',(9.90555119397807,1.59889267423961,1.31313967385629));
#12530=CARTESIAN_POINT('',(9.90599731972262,1.41529122062504,1.38933502740368));
#12531=CARTESIAN_POINT('',(9.89481078880169,2.26868732523303,3.44575643132864));
#12532=CARTESIAN_POINT('',(9.89607464397153,2.17227056418763,3.21342177449076));
#12533=CARTESIAN_POINT('',(9.89436466305714,2.4522887788476,3.36956107778125));
#12534=CARTESIAN_POINT('',(9.89436466305714,2.4522887788476,3.36956107778125));
#12535=CARTESIAN_POINT('',(9.89328979785938,2.53428790612228,3.56715368398172));
#12536=CARTESIAN_POINT('Origin',(9.89481078880169,2.26868732523303,3.44575643132864));
#12537=CARTESIAN_POINT('',(6.91804258792329,2.17293188484703,3.2324517564407));
#12538=CARTESIAN_POINT('',(6.84305522621694,2.19921083302877,3.29621295252444));
#12539=CARTESIAN_POINT('',(6.91694349040137,2.25677964340781,3.4344989938777));
#12540=CARTESIAN_POINT('',(6.91769420455497,2.19950929401335,3.2964951154101));
#12541=CARTESIAN_POINT('',(6.91694349040137,2.25677964340781,3.4344989938777));
#12542=CARTESIAN_POINT('',(9.66076603608253,2.26775144388945,3.44487165578277));
#12543=CARTESIAN_POINT('',(9.66076603608253,2.26775144388945,3.44487165578277));
#12544=CARTESIAN_POINT('',(9.66227039208037,2.15298739795037,3.16832570110146));
#12545=CARTESIAN_POINT('',(9.66151675023612,2.21048109449498,3.30686777731518));
#12546=CARTESIAN_POINT('',(9.89481078880169,2.26868732523303,3.44575643132864));
#12547=CARTESIAN_POINT('',(9.72904310451781,2.20871808202204,3.30222422778912));
#12548=CARTESIAN_POINT('',(9.72904310451781,2.20871808202204,3.30222422778912));
#12549=CARTESIAN_POINT('',(9.73867491093469,1.47392852710078,1.53160802745542));
#12550=CARTESIAN_POINT('',(9.90599731972262,1.41529122062504,1.38933502740368));
#12551=CARTESIAN_POINT('',(9.74561515372807,1.41464989594139,1.38872872362282));
#12552=CARTESIAN_POINT('',(9.74561515372807,1.41464989594139,1.38872872362282));
#12553=CARTESIAN_POINT('',(9.67195256700346,1.41435533928145,1.38845025185782));
#12554=CARTESIAN_POINT('',(9.67195256700346,1.41435533928145,1.38845025185782));
#12555=CARTESIAN_POINT('',(9.67122126421202,1.47014483809181,1.52288573714816));
#12556=CARTESIAN_POINT('',(9.67195256700346,1.41435533928145,1.38845025185782));
#12557=CARTESIAN_POINT('',(9.67305244224413,1.33044825024983,1.18626004628508));
#12558=CARTESIAN_POINT('',(7.70195732660417,1.40647786383704,1.38100294276874));
#12559=CARTESIAN_POINT('',(7.70195732660417,1.40647786383704,1.38100294276874));
#12560=CARTESIAN_POINT('',(6.92813002132231,1.40338353879982,1.37807758995274));
#12561=CARTESIAN_POINT('',(7.70195732660417,1.40647786383704,1.38100294276874));
#12562=CARTESIAN_POINT('',(6.92739871853087,1.45917303761018,1.51251307524308));
#12563=CARTESIAN_POINT('',(6.92813002132231,1.40338353879982,1.37807758995274));
#12564=CARTESIAN_POINT('',(6.69265518644482,1.40244193894644,1.37718740816851));
#12565=CARTESIAN_POINT('',(6.69265518644482,1.40244193894644,1.37718740816851));
#12566=CARTESIAN_POINT('',(6.8486009761095,1.45885794685855,1.51221519069428));
#12567=CARTESIAN_POINT('',(6.8486009761095,1.45885794685855,1.51221519069428));
#12568=CARTESIAN_POINT('',(6.6915092450237,1.48986331665599,1.58784596556268));
#12569=CARTESIAN_POINT('',(6.6915092450237,1.48986331665599,1.58784596556268));
#12570=CARTESIAN_POINT('',(6.68273251069372,2.15942128250903,3.20127415525559));
#12571=CARTESIAN_POINT('',(6.68273251069372,2.15942128250903,3.20127415525559));
#12572=CARTESIAN_POINT('',(6.68146865552388,2.25583804355443,3.43360881209347));
#12573=CARTESIAN_POINT('',(6.68146865552388,2.25583804355443,3.43360881209347));
#12574=CARTESIAN_POINT('',(6.84305522621694,2.19921083302877,3.29621295252444));
#12575=CARTESIAN_POINT('',(6.91844784639922,2.14201559746874,3.15795303919638));
#12576=CARTESIAN_POINT('',(6.91769420455497,2.19950929401335,3.2964951154101));
#12577=CARTESIAN_POINT('Origin',(6.5248663356336,2.52081849636641,3.55441980008614));
#12578=CARTESIAN_POINT('',(6.52414758488736,2.81661779377774,3.4316618828605));
#12579=CARTESIAN_POINT('',(6.5248663356336,2.52081849636641,3.55441980008614));
#12580=CARTESIAN_POINT('',(6.52414758488736,2.81661779377774,3.4316618828605));
#12581=CARTESIAN_POINT('',(6.52522245008513,2.73461866650306,3.23406927666003));
#12582=CARTESIAN_POINT('',(6.52522245008513,2.73461866650306,3.23406927666003));
#12583=CARTESIAN_POINT('',(6.52594120083136,2.43881936909173,3.35682719388567));
#12584=CARTESIAN_POINT('',(6.52522245008513,2.73461866650306,3.23406927666003));
#12585=CARTESIAN_POINT('',(6.52594120083136,2.43881936909173,3.35682719388567));
#12586=CARTESIAN_POINT('Origin',(6.67994766458157,2.52143862444368,3.55500606474654));
#12587=CARTESIAN_POINT('',(6.67922891383533,2.81723792185502,3.4322481475209));
#12588=CARTESIAN_POINT('',(6.67994766458157,2.52143862444368,3.55500606474654));
#12589=CARTESIAN_POINT('',(6.67922891383533,2.81723792185502,3.4322481475209));
#12590=CARTESIAN_POINT('',(6.52414758488736,2.81661779377774,3.4316618828605));
#12591=CARTESIAN_POINT('',(6.5248663356336,2.52081849636641,3.55441980008614));
#12592=CARTESIAN_POINT('Origin',(6.67922891383533,2.81723792185502,3.4322481475209));
#12593=CARTESIAN_POINT('',(6.68030377903309,2.73523879458033,3.23465554132044));
#12594=CARTESIAN_POINT('',(6.67922891383533,2.81723792185502,3.4322481475209));
#12595=CARTESIAN_POINT('',(6.68030377903309,2.73523879458033,3.23465554132044));
#12596=CARTESIAN_POINT('Origin',(6.91542249945905,2.52238022429707,3.55589624653078));
#12597=CARTESIAN_POINT('',(6.91649736465682,2.44038109702239,3.35830364033031));
#12598=CARTESIAN_POINT('',(6.91542249945906,2.52238022429707,3.55589624653078));
#12599=CARTESIAN_POINT('',(6.91649736465682,2.44038109702239,3.35830364033031));
#12600=CARTESIAN_POINT('',(6.91577861391058,2.73618039443372,3.23554572310467));
#12601=CARTESIAN_POINT('',(6.91649736465682,2.44038109702239,3.35830364033031));
#12602=CARTESIAN_POINT('',(6.91470374871282,2.8181795217084,3.43313832930514));
#12603=CARTESIAN_POINT('',(6.91577861391058,2.73618039443372,3.23554572310467));
#12604=CARTESIAN_POINT('',(6.91470374871282,2.8181795217084,3.43313832930514));
#12605=CARTESIAN_POINT('Origin',(6.67994766458157,2.52143862444368,3.55500606474654));
#12606=CARTESIAN_POINT('',(6.91542249945906,2.52238022429707,3.55589624653078));
#12607=CARTESIAN_POINT('',(6.91470374871282,2.8181795217084,3.43313832930514));
#12608=CARTESIAN_POINT('Origin',(6.91649736465682,2.44038109702239,3.35830364033031));
#12609=CARTESIAN_POINT('',(6.68102252977933,2.439439497169,3.35741345854608));
#12610=CARTESIAN_POINT('',(6.68102252977933,2.439439497169,3.35741345854608));
#12611=CARTESIAN_POINT('',(6.68030377903309,2.73523879458033,3.23465554132044));
#12612=CARTESIAN_POINT('',(6.68030377903309,2.73523879458033,3.23465554132044));
#12613=CARTESIAN_POINT('Origin',(6.68030377903309,2.73523879458034,3.23465554132043));
#12614=CARTESIAN_POINT('Origin',(6.68102252977933,2.439439497169,3.35741345854608));
#12615=CARTESIAN_POINT('',(6.68228638494916,2.3430227361236,3.1250788017082));
#12616=CARTESIAN_POINT('',(6.68228638494916,2.3430227361236,3.1250788017082));
#12617=CARTESIAN_POINT('',(6.68156763420293,2.63882203353494,3.00232088448256));
#12618=CARTESIAN_POINT('',(6.68228638494916,2.3430227361236,3.1250788017082));
#12619=CARTESIAN_POINT('',(6.68156763420293,2.63882203353494,3.00232088448256));
#12620=CARTESIAN_POINT('Origin',(6.52720505600121,2.34240260804633,3.12449253704779));
#12621=CARTESIAN_POINT('',(6.52720505600121,2.34240260804633,3.12449253704779));
#12622=CARTESIAN_POINT('',(6.52594120083136,2.43881936909173,3.35682719388567));
#12623=CARTESIAN_POINT('',(6.52648630525497,2.63820190545766,3.00173461982215));
#12624=CARTESIAN_POINT('',(6.52522245008513,2.73461866650306,3.23406927666003));
#12625=CARTESIAN_POINT('',(6.52648630525497,2.63820190545766,3.00173461982215));
#12626=CARTESIAN_POINT('Origin',(6.68228638494917,2.3430227361236,3.1250788017082));
#12627=CARTESIAN_POINT('',(6.68228638494916,2.3430227361236,3.1250788017082));
#12628=CARTESIAN_POINT('',(6.52648630525497,2.63820190545766,3.00173461982215));
#12629=CARTESIAN_POINT('Origin',(6.68156763420293,2.63882203353494,3.00232088448256));
#12630=CARTESIAN_POINT('Origin',(6.53598179033118,1.67284464219328,1.51106434735488));
#12631=CARTESIAN_POINT('',(6.69106311927913,1.67346477027056,1.51165061201529));
#12632=CARTESIAN_POINT('',(6.53598179033118,1.67284464219328,1.51106434735488));
#12633=CARTESIAN_POINT('',(6.69106311927913,1.67346477027056,1.51165061201529));
#12634=CARTESIAN_POINT('',(6.69032708483723,1.97637711077911,1.38594075283646));
#12635=CARTESIAN_POINT('',(6.69106311927913,1.67346477027056,1.51165061201529));
#12636=CARTESIAN_POINT('',(6.53524575588927,1.97575698270183,1.38535448817605));
#12637=CARTESIAN_POINT('',(6.69032708483723,1.97637711077911,1.38594075283646));
#12638=CARTESIAN_POINT('',(6.53524575588927,1.97575698270183,1.38535448817605));
#12639=CARTESIAN_POINT('Origin',(6.5371277317523,1.58542326448373,1.30040578996071));
#12640=CARTESIAN_POINT('',(6.5371277317523,1.58542326448373,1.30040578996071));
#12641=CARTESIAN_POINT('',(6.53598179033118,1.67284464219328,1.51106434735488));
#12642=CARTESIAN_POINT('',(6.5363916973104,1.88833560499228,1.17469593078188));
#12643=CARTESIAN_POINT('',(6.53524575588927,1.97575698270183,1.38535448817605));
#12644=CARTESIAN_POINT('',(6.5363916973104,1.88833560499228,1.17469593078188));
#12645=CARTESIAN_POINT('Origin',(6.69220906070027,1.58604339256101,1.30099205462112));
#12646=CARTESIAN_POINT('',(6.69220906070027,1.58604339256101,1.30099205462112));
#12647=CARTESIAN_POINT('',(6.5371277317523,1.58542326448373,1.30040578996071));
#12648=CARTESIAN_POINT('',(6.69147302625837,1.88895573306956,1.17528219544229));
#12649=CARTESIAN_POINT('',(6.5363916973104,1.88833560499228,1.17469593078188));
#12650=CARTESIAN_POINT('',(6.69147302625837,1.88895573306956,1.17528219544229));
#12651=CARTESIAN_POINT('Origin',(6.69106311927914,1.67346477027056,1.51165061201529));
#12652=CARTESIAN_POINT('',(6.69220906070027,1.58604339256101,1.30099205462112));
#12653=CARTESIAN_POINT('',(6.69147302625837,1.88895573306956,1.17528219544229));
#12654=CARTESIAN_POINT('Origin',(6.69147302625837,1.88895573306956,1.17528219544229));
#12655=CARTESIAN_POINT('Origin',(7.70305720184483,1.32257077480542,1.17881273719601));
#12656=CARTESIAN_POINT('',(7.70261342195022,1.50520680227291,1.10301803944492));
#12657=CARTESIAN_POINT('',(7.70151354670955,1.58911389130453,1.30520824501766));
#12658=CARTESIAN_POINT('',(7.70261342195022,1.50520680227291,1.10301803944492));
#12659=CARTESIAN_POINT('',(7.70151354670955,1.58911389130453,1.30520824501766));
#12660=CARTESIAN_POINT('',(7.70305720184483,1.32257077480542,1.178812737196));
#12661=CARTESIAN_POINT('Origin',(6.52531246137815,2.33721704275183,3.63061515363353));
#12662=CARTESIAN_POINT('',(6.5248663356336,2.52081849636641,3.55441980008614));
#12663=CARTESIAN_POINT('',(6.52638732657592,2.25521791547716,3.43302254743306));
#12664=CARTESIAN_POINT('',(6.52594120083136,2.43881936909173,3.35682719388567));
#12665=CARTESIAN_POINT('',(6.52638732657592,2.25521791547716,3.43302254743306));
#12666=CARTESIAN_POINT('Origin',(6.68039379032612,2.33783717082911,3.63120141829394));
#12667=CARTESIAN_POINT('',(6.67994766458157,2.52143862444368,3.55500606474654));
#12668=CARTESIAN_POINT('Origin',(6.52672396618812,2.11667508781211,3.49051838707686));
#12669=CARTESIAN_POINT('',(6.52672396618812,2.11667508781211,3.49051838707686));
#12670=CARTESIAN_POINT('Origin',(6.53791049710906,1.26327898320412,1.4340969831519));
#12671=CARTESIAN_POINT('',(6.52765118174576,2.15880115443176,3.20068789059518));
#12672=CARTESIAN_POINT('',(6.52638732657592,2.25521791547716,3.43302254743306));
#12673=CARTESIAN_POINT('',(6.53642791607573,1.48924318857871,1.58725970090227));
#12674=CARTESIAN_POINT('',(6.52765118174576,2.15880115443176,3.20068789059518));
#12675=CARTESIAN_POINT('',(6.53757385749685,1.40182181086916,1.3766011435081));
#12676=CARTESIAN_POINT('',(6.53642791607573,1.48924318857871,1.58725970090227));
#12677=CARTESIAN_POINT('',(6.53757385749685,1.40182181086916,1.3766011435081));
#12678=CARTESIAN_POINT('Origin',(6.53867373273752,1.31791472183753,1.17441093793537));
#12679=CARTESIAN_POINT('',(6.53822760699297,1.50151617545211,1.09821558438798));
#12680=CARTESIAN_POINT('',(6.53822760699297,1.50151617545211,1.09821558438798));
#12681=CARTESIAN_POINT('',(6.69330893594093,1.50213630352939,1.09880184904838));
#12682=CARTESIAN_POINT('',(6.69330893594093,1.50213630352939,1.09880184904838));
#12683=CARTESIAN_POINT('',(6.69330893594093,1.50213630352939,1.09880184904838));
#12684=CARTESIAN_POINT('Origin',(6.53757385749685,1.40182181086915,1.3766011435081));
#12685=CARTESIAN_POINT('',(6.53867373273752,1.31791472183754,1.17441093793536));
#12686=CARTESIAN_POINT('',(6.5371277317523,1.58542326448373,1.30040578996071));
#12687=CARTESIAN_POINT('',(6.53822760699297,1.50151617545211,1.09821558438798));
#12688=CARTESIAN_POINT('Origin',(6.69220906070027,1.58604339256102,1.30099205462112));
#12689=CARTESIAN_POINT('',(6.69220906070027,1.58604339256101,1.30099205462112));
#12690=CARTESIAN_POINT('Origin',(6.92768389557777,1.5869849924144,1.30188223640535));
#12691=CARTESIAN_POINT('',(6.92878377081842,1.50307790338278,1.09969203083262));
#12692=CARTESIAN_POINT('',(6.69330893594093,1.50213630352939,1.09880184904838));
#12693=CARTESIAN_POINT('',(6.92768389557776,1.5869849924144,1.30188223640536));
#12694=CARTESIAN_POINT('',(6.92768389557776,1.5869849924144,1.30188223640536));
#12695=CARTESIAN_POINT('',(6.92878377081842,1.50307790338278,1.09969203083262));
#12696=CARTESIAN_POINT('Origin',(6.53757385749685,1.40182181086915,1.3766011435081));
#12697=CARTESIAN_POINT('Origin',(9.66031991033797,2.45135289750402,3.36867630223539));
#12698=CARTESIAN_POINT('',(9.66031991033797,2.45135289750402,3.36867630223539));
#12699=CARTESIAN_POINT('',(9.66031991033797,2.45135289750402,3.36867630223539));
#12700=CARTESIAN_POINT('',(9.66031991033797,2.45135289750402,3.36867630223539));
#12701=CARTESIAN_POINT('Origin',(6.91694349040137,2.25677964340781,3.4344989938777));
#12702=CARTESIAN_POINT('',(6.91542249945906,2.52238022429707,3.55589624653078));
#12703=CARTESIAN_POINT('',(6.91694349040137,2.25677964340781,3.4344989938777));
#12704=CARTESIAN_POINT('Origin',(9.89481078880168,2.26868732523302,3.44575643132864));
#12705=CARTESIAN_POINT('',(9.66031991033797,2.45135289750402,3.36867630223539));
#12706=CARTESIAN_POINT('Origin',(6.91694349040137,2.25677964340781,3.4344989938777));
#12707=CARTESIAN_POINT('',(6.91694349040137,2.25677964340781,3.4344989938777));
#12708=CARTESIAN_POINT('',(6.68102252977933,2.439439497169,3.35741345854608));
#12709=CARTESIAN_POINT('Origin',(6.68039379032612,2.33783717082911,3.63120141829394));
#12710=CARTESIAN_POINT('Origin',(6.69265518644482,1.40244193894643,1.37718740816851));
#12711=CARTESIAN_POINT('',(6.69220906070027,1.58604339256101,1.30099205462112));
#12712=CARTESIAN_POINT('',(6.9276862414277,1.58601956626731,1.30228289220166));
#12713=CARTESIAN_POINT('',(6.9276862414277,1.58601956626731,1.30228289220166));
#12714=CARTESIAN_POINT('',(6.92768389557776,1.5869849924144,1.30188223640536));
#12715=CARTESIAN_POINT('Origin',(6.92922989656299,1.3194764497682,1.17588738438001));
#12716=CARTESIAN_POINT('',(6.92878611666836,1.50211247723569,1.10009268662893));
#12717=CARTESIAN_POINT('',(6.92878611666836,1.50211247723569,1.10009268662893));
#12718=CARTESIAN_POINT('',(6.92922989656298,1.3194764497682,1.17588738438001));
#12719=CARTESIAN_POINT('Origin',(9.90555119397807,1.59889267423961,1.31313967385629));
#12720=CARTESIAN_POINT('',(9.74516902798352,1.59825134955596,1.31253337007543));
#12721=CARTESIAN_POINT('',(9.90555119397807,1.59889267423961,1.31313967385629));
#12722=CARTESIAN_POINT('',(9.74516902798352,1.59825134955596,1.31253337007543));
#12723=CARTESIAN_POINT('Origin',(6.68146865552388,2.25583804355442,3.43360881209347));
#12724=CARTESIAN_POINT('',(6.68228638494916,2.3430227361236,3.1250788017082));
#12725=CARTESIAN_POINT('Origin',(6.69150924502369,1.48986331665598,1.58784596556268));
#12726=CARTESIAN_POINT('',(6.6915092450237,1.48986331665599,1.58784596556268));
#12727=CARTESIAN_POINT('Origin',(6.53757385749685,1.40182181086915,1.3766011435081));
#12728=CARTESIAN_POINT('',(6.53598179033118,1.67284464219328,1.51106434735488));
#12729=CARTESIAN_POINT('Origin',(6.52765118174576,2.15880115443175,3.20068789059519));
#12730=CARTESIAN_POINT('',(6.52765118174576,2.15880115443176,3.20068789059518));
#12731=CARTESIAN_POINT('Origin',(6.68228638494916,2.3430227361236,3.1250788017082));
#12732=CARTESIAN_POINT('',(6.68273251069372,2.15942128250903,3.20127415525559));
#12733=CARTESIAN_POINT('Origin',(6.68273251069372,2.15942128250903,3.20127415525559));
#12734=CARTESIAN_POINT('',(6.6915092450237,1.48986331665599,1.58784596556268));
#12735=CARTESIAN_POINT('Origin',(6.69150924502369,1.48986331665599,1.58784596556268));
#12736=CARTESIAN_POINT('Origin',(9.67195256700345,1.41435533928145,1.38845025185782));
#12737=CARTESIAN_POINT('',(9.74671502896874,1.33074280690977,1.18653851805008));
#12738=CARTESIAN_POINT('Origin',(9.74626890322418,1.51434426052434,1.1103431645027));
#12739=CARTESIAN_POINT('',(9.74561515372807,1.41464989594139,1.38872872362282));
#12740=CARTESIAN_POINT('Origin',(9.74561515372807,1.41464989594139,1.38872872362282));
#12741=CARTESIAN_POINT('Origin',(6.92878377081841,1.50307790338277,1.09969203083262));
#12742=CARTESIAN_POINT('',(6.9276862414277,1.58601956626731,1.30228289220166));
#12743=CARTESIAN_POINT('Origin',(6.92768624142769,1.58601956626731,1.30228289220166));
#12744=CARTESIAN_POINT('',(7.70151354670955,1.58911389130453,1.30520824501766));
#12745=CARTESIAN_POINT('',(6.92878611666836,1.50211247723569,1.10009268662893));
#12746=CARTESIAN_POINT('Origin',(6.92813002132231,1.40338353879981,1.37807758995274));
#12747=CARTESIAN_POINT('Origin',(6.92878611666835,1.50211247723569,1.10009268662893));
#12748=CARTESIAN_POINT('Origin',(6.68146865552388,2.25583804355443,3.43360881209347));
#12749=CARTESIAN_POINT('Origin',(11.3267867106422,1.78296550270079,2.39060856167347));
#12750=CARTESIAN_POINT('',(11.4150003765887,2.24479370123806,2.19899771898492));
#12751=CARTESIAN_POINT('',(11.4150003765887,1.78296550270079,2.39060856167347));
#12752=CARTESIAN_POINT('',(11.3267867106422,2.24479370123806,2.19899771898492));
#12753=CARTESIAN_POINT('',(11.3267867106422,2.24479370123806,2.19899771898492));
#12754=CARTESIAN_POINT('',(11.3267867106422,1.78296550270079,2.39060856167347));
#12755=CARTESIAN_POINT('Origin',(11.3267867106422,1.48227361890381,1.66586882847129));
#12756=CARTESIAN_POINT('',(11.3267867106422,1.94410181744109,1.47425798578275));
#12757=CARTESIAN_POINT('',(11.3267867106422,1.94410181744109,1.47425798578275));
#12758=CARTESIAN_POINT('',(11.3267867106422,1.48227361890381,1.66586882847129));
#12759=CARTESIAN_POINT('Origin',(11.4150003765887,1.48227361890381,1.66586882847129));
#12760=CARTESIAN_POINT('',(11.4150003765887,1.94410181744109,1.47425798578275));
#12761=CARTESIAN_POINT('',(11.4150003765887,1.94410181744109,1.47425798578275));
#12762=CARTESIAN_POINT('',(11.4150003765887,1.48227361890381,1.66586882847129));
#12763=CARTESIAN_POINT('Origin',(11.4150003765887,1.78296550270079,2.39060856167347));
#12764=CARTESIAN_POINT('',(11.4150003765887,2.24479370123806,2.19899771898492));
#12765=CARTESIAN_POINT('Origin',(11.3708935436155,2.09444775933958,1.83662785238384));
#12766=CARTESIAN_POINT('Origin',(11.8000003765887,1.63298332042789,2.02911544322626));
#12767=CARTESIAN_POINT('',(11.9350003765887,1.67916614028162,2.0099543589574));
#12768=CARTESIAN_POINT('Origin',(11.8000003765887,1.67916614028162,2.0099543589574));
#12769=CARTESIAN_POINT('',(11.9350003765887,1.63298332042789,2.02911544322626));
#12770=CARTESIAN_POINT('Origin',(11.8000003765887,1.63298332042789,2.02911544322626));
#12771=CARTESIAN_POINT('',(11.9856409875842,1.67916614028162,2.0099543589574));
#12772=CARTESIAN_POINT('Origin',(11.8000003765887,1.67916614028162,2.0099543589574));
#12773=CARTESIAN_POINT('',(11.9856409875842,1.63298332042789,2.02911544322626));
#12774=CARTESIAN_POINT('Origin',(11.8000003765887,1.67916614028162,2.0099543589574));
#12775=CARTESIAN_POINT('Origin',(12.1850003765887,1.48227361890381,1.66586882847129));
#12776=CARTESIAN_POINT('',(12.1850003765887,2.24479370123806,2.19899771898492));
#12777=CARTESIAN_POINT('',(12.1850003765887,1.78296550270079,2.39060856167347));
#12778=CARTESIAN_POINT('',(12.1850003765887,1.94410181744109,1.47425798578275));
#12779=CARTESIAN_POINT('',(12.1850003765887,2.24479370123806,2.19899771898492));
#12780=CARTESIAN_POINT('',(12.1850003765887,1.48227361890381,1.66586882847129));
#12781=CARTESIAN_POINT('Origin',(12.2695283878448,1.48227361890381,1.66586882847129));
#12782=CARTESIAN_POINT('',(12.2695283878448,1.94410181744109,1.47425798578275));
#12783=CARTESIAN_POINT('',(12.1850003765887,1.94410181744109,1.47425798578275));
#12784=CARTESIAN_POINT('',(12.2695283878448,1.48227361890381,1.66586882847129));
#12785=CARTESIAN_POINT('Origin',(12.2695283878448,1.78296550270079,2.39060856167347));
#12786=CARTESIAN_POINT('',(12.2695283878448,2.24479370123806,2.19899771898492));
#12787=CARTESIAN_POINT('',(12.2695283878448,1.94410181744109,1.47425798578275));
#12788=CARTESIAN_POINT('',(12.2695283878448,1.78296550270079,2.39060856167347));
#12789=CARTESIAN_POINT('Origin',(12.1850003765887,1.78296550270079,2.39060856167347));
#12790=CARTESIAN_POINT('',(12.2695283878448,2.24479370123806,2.19899771898492));
#12791=CARTESIAN_POINT('Origin',(12.2272643822168,2.09444775933958,1.83662785238384));
#12792=CARTESIAN_POINT('',(-9.28127458450951,0.,0.));
#12793=UNCERTAINTY_MEASURE_WITH_UNIT(LENGTH_MEASURE(0.000393700787401575),
#12800,'DISTANCE_ACCURACY_VALUE',
'Maximum model space distance between geometric entities at asserted c
onnectivities');
#12794=UNCERTAINTY_MEASURE_WITH_UNIT(LENGTH_MEASURE(0.000393700787401575),
#12800,'DISTANCE_ACCURACY_VALUE',
'Maximum model space distance between geometric entities at asserted c
onnectivities');
#12795=UNCERTAINTY_MEASURE_WITH_UNIT(LENGTH_MEASURE(0.000393700787401575),
#12800,'DISTANCE_ACCURACY_VALUE',
'Maximum model space distance between geometric entities at asserted c
onnectivities');
#12796=(
GEOMETRIC_REPRESENTATION_CONTEXT(3)
GLOBAL_UNCERTAINTY_ASSIGNED_CONTEXT((#12793))
GLOBAL_UNIT_ASSIGNED_CONTEXT((#12800,#12804,#12805))
REPRESENTATION_CONTEXT('','3D')
);
#12797=(
GEOMETRIC_REPRESENTATION_CONTEXT(3)
GLOBAL_UNCERTAINTY_ASSIGNED_CONTEXT((#12794))
GLOBAL_UNIT_ASSIGNED_CONTEXT((#12800,#12804,#12805))
REPRESENTATION_CONTEXT('','3D')
);
#12798=(
GEOMETRIC_REPRESENTATION_CONTEXT(3)
GLOBAL_UNCERTAINTY_ASSIGNED_CONTEXT((#12795))
GLOBAL_UNIT_ASSIGNED_CONTEXT((#12800,#12804,#12805))
REPRESENTATION_CONTEXT('','3D')
);
#12799=DIMENSIONAL_EXPONENTS(1.,0.,0.,0.,0.,0.,0.);
#12800=(
CONVERSION_BASED_UNIT('inch',#12803)
LENGTH_UNIT()
NAMED_UNIT(#12799)
);
#12801=(
LENGTH_UNIT()
NAMED_UNIT(*)
SI_UNIT(.MILLI.,.METRE.)
);
#12802=(
LENGTH_UNIT()
NAMED_UNIT(*)
SI_UNIT($,.METRE.)
);
#12803=LENGTH_MEASURE_WITH_UNIT(LENGTH_MEASURE(25.4),#12801);
#12804=(
NAMED_UNIT(*)
PLANE_ANGLE_UNIT()
SI_UNIT($,.RADIAN.)
);
#12805=(
NAMED_UNIT(*)
SI_UNIT($,.STERADIAN.)
SOLID_ANGLE_UNIT()
);
#12806=SHAPE_DEFINITION_REPRESENTATION(#12808,#12811);
#12807=SHAPE_DEFINITION_REPRESENTATION(#12809,#12812);
#12808=PRODUCT_DEFINITION_SHAPE('',$,#12814);
#12809=PRODUCT_DEFINITION_SHAPE('',$,#12815);
#12810=PRODUCT_DEFINITION_SHAPE($,$,#16);
#12811=SHAPE_REPRESENTATION('',(#7163,#7823),#12796);
#12812=SHAPE_REPRESENTATION('',(#7164),#12797);
#12813=PRODUCT_DEFINITION_CONTEXT('part definition',#12821,'design');
#12814=PRODUCT_DEFINITION('TONE','TONE v37',#12816,#12813);
#12815=PRODUCT_DEFINITION('Document','screen holder v2 (1)',#12817,#12813);
#12816=PRODUCT_DEFINITION_FORMATION('',$,#12823);
#12817=PRODUCT_DEFINITION_FORMATION('',$,#12824);
#12818=PRODUCT_RELATED_PRODUCT_CATEGORY('TONE v37','TONE v37',(#12823));
#12819=PRODUCT_RELATED_PRODUCT_CATEGORY('screen holder v2 (1)',
'screen holder v2 (1)',(#12824));
#12820=APPLICATION_PROTOCOL_DEFINITION('international standard',
'automotive_design',2009,#12821);
#12821=APPLICATION_CONTEXT(
'Core Data for Automotive Mechanical Design Process');
#12822=PRODUCT_CONTEXT('part definition',#12821,'mechanical');
#12823=PRODUCT('TONE','TONE v37',$,(#12822));
#12824=PRODUCT('Document','screen holder v2 (1)',$,(#12822));
#12825=PRESENTATION_STYLE_ASSIGNMENT((#12826));
#12826=SURFACE_STYLE_USAGE(.BOTH.,#12827);
#12827=SURFACE_SIDE_STYLE('',(#12828));
#12828=SURFACE_STYLE_FILL_AREA(#12829);
#12829=FILL_AREA_STYLE('Steel - Satin',(#12830));
#12830=FILL_AREA_STYLE_COLOUR('Steel - Satin',#12831);
#12831=COLOUR_RGB('Steel - Satin',0.627450980392157,0.627450980392157,0.627450980392157);
ENDSEC;
END-ISO-10303-21;
